period,scope,key,direction,start_utc,end_utc,n_events,duration_s,rate_per_s,mean_amount_usdc,median_amount_usdc,p90_amount_usdc
A,overall,2025-11-27..2025-12-09,deposit,2025-11-27T00:00:00Z,2025-12-09T00:00:00Z,57195,1036800.0,0.055164930555555554,18866.28767224658,234.795044,11000.0
A,overall,2025-11-27..2025-12-09,withdraw,2025-11-27T00:00:00Z,2025-12-09T00:00:00Z,50146,1036800.0,0.048366126543209875,22023.69872900917,299.0,15891.3391955
A,day,2025-11-27,deposit,2025-11-27T00:00:00Z,2025-11-27T24:00:00Z,6479,86400.0,0.07498842592592593,15674.403510037044,249.75,9585.452647199998
A,day,2025-11-27,withdraw,2025-11-27T00:00:00Z,2025-11-27T24:00:00Z,5403,86400.0,0.06253472222222223,16805.10861790598,282.26,11683.856042400004
A,day,2025-11-28,deposit,2025-11-28T00:00:00Z,2025-11-28T24:00:00Z,4881,86400.0,0.05649305555555555,19615.799028565663,238.693945,11359.7081
A,day,2025-11-28,withdraw,2025-11-28T00:00:00Z,2025-11-28T24:00:00Z,4297,86400.0,0.0497337962962963,27908.704026681644,315.981134,16381.866160000003
A,day,2025-11-29,deposit,2025-11-29T00:00:00Z,2025-11-29T24:00:00Z,3226,86400.0,0.03733796296296296,11264.01110429944,199.8,9069.23
A,day,2025-11-29,withdraw,2025-11-29T00:00:00Z,2025-11-29T24:00:00Z,3173,86400.0,0.036724537037037035,20022.882757970692,258.54,12256.019832800019
A,day,2025-11-30,deposit,2025-11-30T00:00:00Z,2025-11-30T24:00:00Z,3339,86400.0,0.03864583333333333,13170.692997388442,192.174663,10000.0
A,day,2025-11-30,withdraw,2025-11-30T00:00:00Z,2025-11-30T24:00:00Z,3148,86400.0,0.03643518518518519,19627.48773791709,299.0,14999.3005194
A,day,2025-12-01,deposit,2025-12-01T00:00:00Z,2025-12-01T24:00:00Z,8172,86400.0,0.09458333333333334,19023.330105446526,279.8223435,10884.728000000001
A,day,2025-12-01,withdraw,2025-12-01T00:00:00Z,2025-12-01T24:00:00Z,6774,86400.0,0.07840277777777778,36025.500919669175,347.04844249999996,22938.01751369997
A,day,2025-12-02,deposit,2025-12-02T00:00:00Z,2025-12-02T24:00:00Z,6164,86400.0,0.0713425925925926,18677.736489056617,292.59000000000003,16896.990719999998
A,day,2025-12-02,withdraw,2025-12-02T00:00:00Z,2025-12-02T24:00:00Z,5012,86400.0,0.05800925925925926,14040.50764272486,249.0,10594.943729500003
A,day,2025-12-03,deposit,2025-12-03T00:00:00Z,2025-12-03T24:00:00Z,5445,86400.0,0.06302083333333333,22326.792097671077,234.23,12329.954840000015
A,day,2025-12-03,withdraw,2025-12-03T00:00:00Z,2025-12-03T24:00:00Z,4554,86400.0,0.052708333333333336,22880.343485641413,299.0,16833.634999999984
A,day,2025-12-04,deposit,2025-12-04T00:00:00Z,2025-12-04T24:00:00Z,4104,86400.0,0.0475,17603.07372847466,216.40678450000001,10447.498051600012
A,day,2025-12-04,withdraw,2025-12-04T00:00:00Z,2025-12-04T24:00:00Z,4377,86400.0,0.050659722222222224,17533.599382917066,306.08,11947.523638400007
A,day,2025-12-05,deposit,2025-12-05T00:00:00Z,2025-12-05T24:00:00Z,4551,86400.0,0.05267361111111111,18065.065151204133,250.0,10000.0
A,day,2025-12-05,withdraw,2025-12-05T00:00:00Z,2025-12-05T24:00:00Z,3991,86400.0,0.04619212962962963,20207.458266971935,321.159978,16239.8529
A,day,2025-12-06,deposit,2025-12-06T00:00:00Z,2025-12-06T24:00:00Z,3360,86400.0,0.03888888888888889,11810.591735043748,121.661198,5923.0769999999975
A,day,2025-12-06,withdraw,2025-12-06T00:00:00Z,2025-12-06T24:00:00Z,2640,86400.0,0.030555555555555555,17003.720472790526,247.186574,10113.7974392
A,day,2025-12-07,deposit,2025-12-07T00:00:00Z,2025-12-07T24:00:00Z,3624,86400.0,0.041944444444444444,39081.57147841032,296.59000000000003,13000.0
A,day,2025-12-07,withdraw,2025-12-07T00:00:00Z,2025-12-07T24:00:00Z,3227,86400.0,0.037349537037037035,21755.434600751163,377.908527,20309.25904000002
A,day,2025-12-08,deposit,2025-12-08T00:00:00Z,2025-12-08T24:00:00Z,3850,86400.0,0.04456018518518518,19094.433924432466,308.18,15000.0
A,day,2025-12-08,withdraw,2025-12-08T00:00:00Z,2025-12-08T24:00:00Z,3550,86400.0,0.041087962962962965,21765.285434817462,349.0,19033.205019199995
B,window,w1,deposit,2026-06-25T07:54:13Z,2026-06-25T11:21:34Z,266,12441.0,0.02138091793264207,10003.73008456391,162.509886,14757.816294
B,window,w1,withdraw,2026-06-25T07:54:13Z,2026-06-25T11:21:34Z,169,12441.0,0.013584117032392894,13459.353427508877,105.55,2719.021205800001
B,window,w2,deposit,2026-06-23T08:54:06Z,2026-06-23T12:22:47Z,331,12521.0,0.026435588211804167,11243.165800135952,247.489279,5704.0
B,window,w2,withdraw,2026-06-23T08:54:06Z,2026-06-23T12:22:47Z,183,12521.0,0.014615446050634933,13836.514463234973,99.007606,10561.464628000009
B,window,w3,deposit,2026-06-21T10:54:49Z,2026-06-21T14:22:43Z,215,12474.0,0.017235850569183902,8460.702534767439,105.0,9508.772760399985
B,window,w3,withdraw,2026-06-21T10:54:49Z,2026-06-21T14:22:43Z,141,12474.0,0.011303511303511303,13189.86707231915,99.385705,5092.26
B,window,w4,deposit,2026-06-19T13:54:12Z,2026-06-19T17:22:35Z,284,12503.0,0.022714548508357996,25098.749953785213,135.33153099999998,49999.8
B,window,w4,withdraw,2026-06-19T13:54:12Z,2026-06-19T17:22:35Z,326,12503.0,0.026073742301847558,19019.162576260736,37.295,11939.4992795
B,window,w5,deposit,2026-06-17T13:54:15Z,2026-06-17T17:22:19Z,403,12484.0,0.032281320089714835,31897.624706729526,350.0,63183.6451562
B,window,w5,withdraw,2026-06-17T13:54:15Z,2026-06-17T17:22:19Z,279,12484.0,0.022348606215956423,403850.58096667024,99.0,99999.0
B,window,w6,deposit,2026-06-15T16:54:14Z,2026-06-15T20:23:03Z,303,12529.0,0.02418389336738766,23737.306382141916,110.786559,5000.0
B,window,w6,withdraw,2026-06-15T16:54:14Z,2026-06-15T20:23:03Z,254,12529.0,0.020272966717216057,32856.577285807085,60.6724895,6468.841723600011
B,window,w7,deposit,2026-06-13T16:54:12Z,2026-06-13T20:25:16Z,178,12664.0,0.014055590650663297,2814.8921082808993,100.0,5369.38000000001
B,window,w7,withdraw,2026-06-13T16:54:12Z,2026-06-13T20:25:16Z,148,12664.0,0.011686670878079595,1432.7553269121622,58.888754,2402.220189900002
B,all_windows,7windows_sum,deposit,2026-06-13T16:54:12Z,2026-06-25T11:21:34Z,1980,87616.0,0.022598612125639152,18120.08762629495,170.935531,15000.990000000002
B,all_windows,7windows_sum,withdraw,2026-06-13T16:54:12Z,2026-06-25T11:21:34Z,1500,87616.0,0.017120160701241782,89399.107761172,71.08,10614.706620500014
