direction,experiment_id,group,t_burn_ms,t_usable_ms,t_safe_ms,t_hard_lb_ms,t_hard_epoch_ms,L_ms,tau_F_lb_ms,G_lb_ms,G_epoch_ms,safe_l1_block,safe_lag_s,method,err
deposit,1,fast,1780377727000,1780377733000,1780377743000,1780378511000,1780378199000,6000,784000,778000,466000,25227578,16,t_safe=first SequencerBatchDelivered>=burn_rt_l1; t_hard_lb=t_safe+2epoch(768s),
deposit,2,fast,1780631760000,1780631766000,1780631771000,1780632539000,1780632407000,6000,779000,773000,641000,25248635,11,t_safe=first SequencerBatchDelivered>=burn_rt_l1; t_hard_lb=t_safe+2epoch(768s),
deposit,3,slow,1780634077000,1780634084000,1780634123000,1780634891000,1780634711000,7000,814000,807000,627000,25248830,46,t_safe=first SequencerBatchDelivered>=burn_rt_l1; t_hard_lb=t_safe+2epoch(768s),
deposit,4,fast,1780634901000,1780634910000,1780634999000,1780635767000,1780635479000,9000,866000,857000,569000,25248903,98,t_safe=first SequencerBatchDelivered>=burn_rt_l1; t_hard_lb=t_safe+2epoch(768s),
deposit,5,slow,1780635747000,1780635758000,1780635767000,1780636535000,1780636247000,11000,788000,777000,489000,25248967,20,t_safe=first SequencerBatchDelivered>=burn_rt_l1; t_hard_lb=t_safe+2epoch(768s),
deposit,6,fast,1780636500000,1780636506000,1780636571000,1780637339000,1780637015000,6000,839000,833000,509000,25249034,71,t_safe=first SequencerBatchDelivered>=burn_rt_l1; t_hard_lb=t_safe+2epoch(768s),
deposit,7,fast,1780638658000,1780638664000,1780638719000,1780639487000,1780639319000,6000,829000,823000,655000,25249212,61,t_safe=first SequencerBatchDelivered>=burn_rt_l1; t_hard_lb=t_safe+2epoch(768s),
deposit,8,slow,1780640833000,1780640843000,1780640855000,1780641623000,1780641623000,10000,790000,780000,780000,25249388,22,t_safe=first SequencerBatchDelivered>=burn_rt_l1; t_hard_lb=t_safe+2epoch(768s),
deposit,9,fast,1780642037000,1780642044000,1780642043000,1780642811000,1780642775000,7000,774000,767000,731000,25249487,6,t_safe=first SequencerBatchDelivered>=burn_rt_l1; t_hard_lb=t_safe+2epoch(768s),
deposit,10,fast,1780643869000,1780643875000,1780643891000,1780644659000,1780644311000,6000,790000,784000,436000,25249640,22,t_safe=first SequencerBatchDelivered>=burn_rt_l1; t_hard_lb=t_safe+2epoch(768s),
deposit,11,slow,1780645924000,1780645935000,1780645931000,1780646699000,1780646615000,11000,775000,764000,680000,25249809,7,t_safe=first SequencerBatchDelivered>=burn_rt_l1; t_hard_lb=t_safe+2epoch(768s),
deposit,12,fast,1780647598000,1780647606000,1780647623000,1780648391000,1780648151000,8000,793000,785000,545000,25249946,25,t_safe=first SequencerBatchDelivered>=burn_rt_l1; t_hard_lb=t_safe+2epoch(768s),
deposit,13,slow,1780649440000,1780649451000,1780649483000,1780650251000,1780650071000,11000,811000,800000,620000,25250100,43,t_safe=first SequencerBatchDelivered>=burn_rt_l1; t_hard_lb=t_safe+2epoch(768s),
deposit,14,slow,1780650124000,1780650135000,1780650143000,1780650911000,1780650839000,11000,787000,776000,704000,25250154,19,t_safe=first SequencerBatchDelivered>=burn_rt_l1; t_hard_lb=t_safe+2epoch(768s),
deposit,15,fast,1780656013000,1780656020000,1780656095000,1780656863000,1780656599000,7000,850000,843000,579000,25250646,82,t_safe=first SequencerBatchDelivered>=burn_rt_l1; t_hard_lb=t_safe+2epoch(768s),
deposit,16,slow,1780658324000,1780658334000,1780658387000,1780659155000,1780658903000,10000,831000,821000,569000,25250834,63,t_safe=first SequencerBatchDelivered>=burn_rt_l1; t_hard_lb=t_safe+2epoch(768s),
deposit,17,fast,1780662700000,1780662706000,1780662695000,1780663463000,1780663127000,6000,763000,757000,421000,25251191,-5,t_safe=first SequencerBatchDelivered>=burn_rt_l1; t_hard_lb=t_safe+2epoch(768s),
deposit,18,slow,1780663496000,1780663507000,1780663523000,1780664291000,1780664279000,11000,795000,784000,772000,25251259,27,t_safe=first SequencerBatchDelivered>=burn_rt_l1; t_hard_lb=t_safe+2epoch(768s),
deposit,19,slow,1780668516000,1780668604000,1780668575000,1780669343000,1780669271000,88000,827000,739000,667000,25251680,59,t_safe=first SequencerBatchDelivered>=burn_rt_l1; t_hard_lb=t_safe+2epoch(768s),
deposit,20,fast,1780669713000,1780669720000,1780669703000,1780670471000,1780670423000,7000,758000,751000,703000,25251773,-10,t_safe=first SequencerBatchDelivered>=burn_rt_l1; t_hard_lb=t_safe+2epoch(768s),
deposit,21,fast,1780675097000,1780675104000,1780675091000,1780675859000,1780675799000,7000,762000,755000,695000,25252221,-6,t_safe=first SequencerBatchDelivered>=burn_rt_l1; t_hard_lb=t_safe+2epoch(768s),
deposit,22,fast,1780676468000,1780676475000,1780676495000,1780677263000,1780676951000,7000,795000,788000,476000,25252338,27,t_safe=first SequencerBatchDelivered>=burn_rt_l1; t_hard_lb=t_safe+2epoch(768s),
deposit,23,fast,1780678713000,1780678719000,1780678751000,1780679519000,1780679255000,6000,806000,800000,536000,25252526,38,t_safe=first SequencerBatchDelivered>=burn_rt_l1; t_hard_lb=t_safe+2epoch(768s),
deposit,24,fast,1780681939000,1780681946000,1780682003000,1780682771000,1780682711000,7000,832000,825000,765000,25252796,64,t_safe=first SequencerBatchDelivered>=burn_rt_l1; t_hard_lb=t_safe+2epoch(768s),
deposit,25,slow,1780684007000,1780684014000,1780684091000,1780684859000,1780684631000,7000,852000,845000,617000,25252967,84,t_safe=first SequencerBatchDelivered>=burn_rt_l1; t_hard_lb=t_safe+2epoch(768s),
deposit,26,slow,1780685444000,1780685454000,1780685471000,1780686239000,1780686167000,10000,795000,785000,713000,25253081,27,t_safe=first SequencerBatchDelivered>=burn_rt_l1; t_hard_lb=t_safe+2epoch(768s),
deposit,27,slow,1780690488000,1780690499000,1780690535000,1780691303000,1780691159000,11000,815000,804000,660000,25253502,47,t_safe=first SequencerBatchDelivered>=burn_rt_l1; t_hard_lb=t_safe+2epoch(768s),
deposit,28,slow,1780691728000,1780691739000,1780691783000,1780692551000,1780692311000,11000,823000,812000,572000,25253606,55,t_safe=first SequencerBatchDelivered>=burn_rt_l1; t_hard_lb=t_safe+2epoch(768s),
deposit,29,fast,1780694758000,1780694764000,1780694783000,1780695551000,1780695383000,6000,793000,787000,619000,25253855,25,t_safe=first SequencerBatchDelivered>=burn_rt_l1; t_hard_lb=t_safe+2epoch(768s),
deposit,30,fast,1780698175000,1780698182000,1780698167000,1780698935000,1780698839000,7000,760000,753000,657000,25254134,-8,t_safe=first SequencerBatchDelivered>=burn_rt_l1; t_hard_lb=t_safe+2epoch(768s),
deposit,31,fast,1780701339000,1780701346000,1780701371000,1780702139000,1780701911000,7000,800000,793000,565000,25254400,32,t_safe=first SequencerBatchDelivered>=burn_rt_l1; t_hard_lb=t_safe+2epoch(768s),
deposit,32,fast,1780705149000,1780705156000,1780705163000,1780705931000,1780705751000,7000,782000,775000,595000,25254715,14,t_safe=first SequencerBatchDelivered>=burn_rt_l1; t_hard_lb=t_safe+2epoch(768s),
deposit,33,slow,1780707346000,1780707356000,1780707383000,1780708151000,1780708055000,10000,805000,795000,699000,25254900,37,t_safe=first SequencerBatchDelivered>=burn_rt_l1; t_hard_lb=t_safe+2epoch(768s),
deposit,34,slow,1780709804000,1780709810000,1780709795000,1780710563000,1780710359000,6000,759000,753000,549000,25255099,-9,t_safe=first SequencerBatchDelivered>=burn_rt_l1; t_hard_lb=t_safe+2epoch(768s),
deposit,35,slow,1780714405000,1780714412000,1780714559000,1780715327000,1780714967000,7000,922000,915000,555000,25255494,154,t_safe=first SequencerBatchDelivered>=burn_rt_l1; t_hard_lb=t_safe+2epoch(768s),
deposit,36,fast,1780717232000,1780717238000,1780717247000,1780718015000,1780717655000,6000,783000,777000,417000,25255716,15,t_safe=first SequencerBatchDelivered>=burn_rt_l1; t_hard_lb=t_safe+2epoch(768s),
deposit,37,fast,1780719249000,1780719256000,1780719263000,1780720031000,1780719959000,7000,782000,775000,703000,25255883,14,t_safe=first SequencerBatchDelivered>=burn_rt_l1; t_hard_lb=t_safe+2epoch(768s),
deposit,38,slow,1780721265000,1780721277000,1780721267000,1780722035000,1780721879000,12000,770000,758000,602000,25256049,2,t_safe=first SequencerBatchDelivered>=burn_rt_l1; t_hard_lb=t_safe+2epoch(768s),
deposit,39,fast,1780724815000,1780724822000,1780724855000,1780725623000,1780725335000,7000,808000,801000,513000,25256348,40,t_safe=first SequencerBatchDelivered>=burn_rt_l1; t_hard_lb=t_safe+2epoch(768s),
deposit,40,fast,1780726230000,1780726237000,1780726247000,1780727015000,1780726871000,7000,785000,778000,634000,25256464,17,t_safe=first SequencerBatchDelivered>=burn_rt_l1; t_hard_lb=t_safe+2epoch(768s),
deposit,41,fast,1780730448000,1780730454000,1780730471000,1780731239000,1780731095000,6000,791000,785000,641000,25256815,23,t_safe=first SequencerBatchDelivered>=burn_rt_l1; t_hard_lb=t_safe+2epoch(768s),
deposit,42,fast,1780731651000,1780731657000,1780731731000,1780732499000,1780732247000,6000,848000,842000,590000,25256919,80,t_safe=first SequencerBatchDelivered>=burn_rt_l1; t_hard_lb=t_safe+2epoch(768s),
deposit,43,slow,1780734055000,1780734061000,1780734155000,1780734923000,1780734551000,6000,868000,862000,490000,25257121,100,t_safe=first SequencerBatchDelivered>=burn_rt_l1; t_hard_lb=t_safe+2epoch(768s),
deposit,44,fast,1780737236000,1780737241000,1780737311000,1780738079000,1780738007000,5000,843000,838000,766000,25257384,75,t_safe=first SequencerBatchDelivered>=burn_rt_l1; t_hard_lb=t_safe+2epoch(768s),
deposit,45,fast,1780739812000,1780739818000,1780739867000,1780740635000,1780740311000,6000,823000,817000,493000,25257596,55,t_safe=first SequencerBatchDelivered>=burn_rt_l1; t_hard_lb=t_safe+2epoch(768s),
deposit,46,fast,1780743191000,1780743198000,1780743287000,1780744055000,1780743767000,7000,864000,857000,569000,25257879,96,t_safe=first SequencerBatchDelivered>=burn_rt_l1; t_hard_lb=t_safe+2epoch(768s),
deposit,47,slow,1780747864000,1780747874000,1780747907000,1780748675000,1780748375000,10000,811000,801000,501000,25258263,43,t_safe=first SequencerBatchDelivered>=burn_rt_l1; t_hard_lb=t_safe+2epoch(768s),
deposit,48,fast,1780750980000,1780750986000,1780751099000,1780751867000,1780751831000,6000,887000,881000,845000,25258529,119,t_safe=first SequencerBatchDelivered>=burn_rt_l1; t_hard_lb=t_safe+2epoch(768s),
deposit,49,fast,1780752180000,1780752186000,1780752251000,1780753019000,1780752983000,6000,839000,833000,797000,25258625,71,t_safe=first SequencerBatchDelivered>=burn_rt_l1; t_hard_lb=t_safe+2epoch(768s),
deposit,50,fast,1780756806000,1780756812000,1780756859000,1780757627000,1780757591000,6000,821000,815000,779000,25259009,53,t_safe=first SequencerBatchDelivered>=burn_rt_l1; t_hard_lb=t_safe+2epoch(768s),
deposit,51,slow,1780758116000,1780758127000,1780758155000,1780758923000,1780758743000,11000,807000,796000,616000,25259117,39,t_safe=first SequencerBatchDelivered>=burn_rt_l1; t_hard_lb=t_safe+2epoch(768s),
deposit,52,slow,1780761043000,1780761050000,1780761047000,1780761815000,1780761815000,7000,772000,765000,765000,25259356,4,t_safe=first SequencerBatchDelivered>=burn_rt_l1; t_hard_lb=t_safe+2epoch(768s),
deposit,53,fast,1780765686000,1780765693000,1780765751000,1780766519000,1780766423000,7000,833000,826000,730000,25259747,65,t_safe=first SequencerBatchDelivered>=burn_rt_l1; t_hard_lb=t_safe+2epoch(768s),
deposit,54,fast,1780767245000,1780767252000,1780767263000,1780768031000,1780767959000,7000,786000,779000,707000,25259873,18,t_safe=first SequencerBatchDelivered>=burn_rt_l1; t_hard_lb=t_safe+2epoch(768s),
deposit,55,slow,1780771463000,1780771470000,1780771463000,1780772231000,1780772183000,7000,768000,761000,713000,25260223,0,t_safe=first SequencerBatchDelivered>=burn_rt_l1; t_hard_lb=t_safe+2epoch(768s),
deposit,56,fast,1780772662000,1780772670000,1780772651000,1780773419000,1780773335000,8000,757000,749000,665000,25260322,-11,t_safe=first SequencerBatchDelivered>=burn_rt_l1; t_hard_lb=t_safe+2epoch(768s),
deposit,57,slow,1780775910000,1780775921000,1780776011000,1780776779000,1780776407000,11000,869000,858000,486000,25260602,101,t_safe=first SequencerBatchDelivered>=burn_rt_l1; t_hard_lb=t_safe+2epoch(768s),
deposit,58,fast,1780778434000,1780778441000,1780778579000,1780779347000,1780779095000,7000,913000,906000,654000,25260816,145,t_safe=first SequencerBatchDelivered>=burn_rt_l1; t_hard_lb=t_safe+2epoch(768s),
deposit,59,slow,1780782235000,1780782242000,1780782323000,1780783091000,1780782935000,7000,856000,849000,693000,25261127,88,t_safe=first SequencerBatchDelivered>=burn_rt_l1; t_hard_lb=t_safe+2epoch(768s),
deposit,60,fast,1780783435000,1780783443000,1780783427000,1780784195000,1780784087000,8000,760000,752000,644000,25261219,-8,t_safe=first SequencerBatchDelivered>=burn_rt_l1; t_hard_lb=t_safe+2epoch(768s),
deposit,61,slow,1780787509000,1780787521000,1780787519000,1780788287000,1780787927000,12000,778000,766000,406000,25261560,10,t_safe=first SequencerBatchDelivered>=burn_rt_l1; t_hard_lb=t_safe+2epoch(768s),
deposit,62,slow,1780790577000,1780790583000,1780790603000,1780791371000,1780790999000,6000,794000,788000,416000,25261816,26,t_safe=first SequencerBatchDelivered>=burn_rt_l1; t_hard_lb=t_safe+2epoch(768s),
deposit,63,fast,1780794127000,1780794134000,1780794167000,1780794935000,1780794839000,7000,808000,801000,705000,25262108,40,t_safe=first SequencerBatchDelivered>=burn_rt_l1; t_hard_lb=t_safe+2epoch(768s),
deposit,64,fast,1780797975000,1780797982000,1780797995000,1780798763000,1780798679000,7000,788000,781000,697000,25262427,20,t_safe=first SequencerBatchDelivered>=burn_rt_l1; t_hard_lb=t_safe+2epoch(768s),
deposit,65,fast,1780800962000,1780800968000,1780800983000,1780801751000,1780801751000,6000,789000,783000,783000,25262673,21,t_safe=first SequencerBatchDelivered>=burn_rt_l1; t_hard_lb=t_safe+2epoch(768s),
deposit,66,fast,1780802791000,1780802797000,1780802879000,1780803647000,1780803287000,6000,856000,850000,490000,25262831,88,t_safe=first SequencerBatchDelivered>=burn_rt_l1; t_hard_lb=t_safe+2epoch(768s),
deposit,67,fast,1780805059000,1780805065000,1780805159000,1780805927000,1780805591000,6000,868000,862000,526000,25263020,100,t_safe=first SequencerBatchDelivered>=burn_rt_l1; t_hard_lb=t_safe+2epoch(768s),
deposit,68,slow,1780807946000,1780807957000,1780808039000,1780808807000,1780808663000,11000,861000,850000,706000,25263260,93,t_safe=first SequencerBatchDelivered>=burn_rt_l1; t_hard_lb=t_safe+2epoch(768s),
deposit,69,fast,1780811583000,1780811590000,1780811627000,1780812395000,1780812119000,7000,812000,805000,529000,25263555,44,t_safe=first SequencerBatchDelivered>=burn_rt_l1; t_hard_lb=t_safe+2epoch(768s),
deposit,70,fast,1780812879000,1780812886000,1780812935000,1780813703000,1780813655000,7000,824000,817000,769000,25263664,56,t_safe=first SequencerBatchDelivered>=burn_rt_l1; t_hard_lb=t_safe+2epoch(768s),
deposit,71,fast,1780816210000,1780816217000,1780816271000,1780817039000,1780816727000,7000,829000,822000,510000,25263941,61,t_safe=first SequencerBatchDelivered>=burn_rt_l1; t_hard_lb=t_safe+2epoch(768s),
deposit,72,slow,1780819453000,1780819465000,1780819499000,1780820267000,1780820183000,12000,814000,802000,718000,25264210,46,t_safe=first SequencerBatchDelivered>=burn_rt_l1; t_hard_lb=t_safe+2epoch(768s),
deposit,73,slow,1780821410000,1780821421000,1780821419000,1780822187000,1780822103000,11000,777000,766000,682000,25264368,9,t_safe=first SequencerBatchDelivered>=burn_rt_l1; t_hard_lb=t_safe+2epoch(768s),
deposit,74,slow,1780823920000,1780823931000,1780823915000,1780824683000,1780824407000,11000,763000,752000,476000,25264572,-5,t_safe=first SequencerBatchDelivered>=burn_rt_l1; t_hard_lb=t_safe+2epoch(768s),
deposit,75,fast,1780827417000,1780827424000,1780827467000,1780828235000,1780827863000,7000,818000,811000,439000,25264866,50,t_safe=first SequencerBatchDelivered>=burn_rt_l1; t_hard_lb=t_safe+2epoch(768s),
deposit,76,fast,1780831568000,1780831576000,1780831619000,1780832387000,1780832087000,8000,819000,811000,511000,25265211,51,t_safe=first SequencerBatchDelivered>=burn_rt_l1; t_hard_lb=t_safe+2epoch(768s),
deposit,77,fast,1780833395000,1780833402000,1780833491000,1780834259000,1780834007000,7000,864000,857000,605000,25265367,96,t_safe=first SequencerBatchDelivered>=burn_rt_l1; t_hard_lb=t_safe+2epoch(768s),
deposit,78,slow,1780835220000,1780835231000,1780835255000,1780836023000,1780835927000,11000,803000,792000,696000,25265514,35,t_safe=first SequencerBatchDelivered>=burn_rt_l1; t_hard_lb=t_safe+2epoch(768s),
deposit,79,slow,1780840596000,1780840606000,1780840655000,1780841423000,1780841303000,10000,827000,817000,697000,25265963,59,t_safe=first SequencerBatchDelivered>=burn_rt_l1; t_hard_lb=t_safe+2epoch(768s),
deposit,80,slow,1780842857000,1780842869000,1780842875000,1780843643000,1780843607000,12000,786000,774000,738000,25266147,18,t_safe=first SequencerBatchDelivered>=burn_rt_l1; t_hard_lb=t_safe+2epoch(768s),
deposit,81,fast,1780845258000,1780845264000,1780845323000,1780846091000,1780845911000,6000,833000,827000,647000,25266350,65,t_safe=first SequencerBatchDelivered>=burn_rt_l1; t_hard_lb=t_safe+2epoch(768s),
deposit,82,fast,1780848945000,1780848952000,1780848995000,1780849763000,1780849751000,7000,818000,811000,799000,25266653,50,t_safe=first SequencerBatchDelivered>=burn_rt_l1; t_hard_lb=t_safe+2epoch(768s),
deposit,83,fast,1780851304000,1780851310000,1780851299000,1780852067000,1780852055000,6000,763000,757000,745000,25266845,-5,t_safe=first SequencerBatchDelivered>=burn_rt_l1; t_hard_lb=t_safe+2epoch(768s),
deposit,84,tail,1780852654000,1780852664000,1780852739000,1780853507000,1780853207000,10000,853000,843000,543000,25266965,85,t_safe=first SequencerBatchDelivered>=burn_rt_l1; t_hard_lb=t_safe+2epoch(768s),
deposit,85,fast,1780856169000,1780856176000,1780856243000,1780857011000,1780856663000,7000,842000,835000,487000,25267254,74,t_safe=first SequencerBatchDelivered>=burn_rt_l1; t_hard_lb=t_safe+2epoch(768s),
deposit,86,fast,1780858376000,1780858381000,1780858451000,1780859219000,1780858967000,5000,843000,838000,586000,25267437,75,t_safe=first SequencerBatchDelivered>=burn_rt_l1; t_hard_lb=t_safe+2epoch(768s),
deposit,87,fast,1780861647000,1780861654000,1780861667000,1780862435000,1780862423000,7000,788000,781000,769000,25267704,20,t_safe=first SequencerBatchDelivered>=burn_rt_l1; t_hard_lb=t_safe+2epoch(768s),
deposit,88,fast,1780864156000,1780864162000,1780864163000,1780864931000,1780864727000,6000,775000,769000,565000,25267912,7,t_safe=first SequencerBatchDelivered>=burn_rt_l1; t_hard_lb=t_safe+2epoch(768s),
deposit,89,fast,1780868359000,1780868365000,1780868399000,1780869167000,1780868951000,6000,808000,802000,586000,25268263,40,t_safe=first SequencerBatchDelivered>=burn_rt_l1; t_hard_lb=t_safe+2epoch(768s),
deposit,90,fast,1780870204000,1780870211000,1780870283000,1780871051000,1780870871000,7000,847000,840000,660000,25268420,79,t_safe=first SequencerBatchDelivered>=burn_rt_l1; t_hard_lb=t_safe+2epoch(768s),
deposit,91,fast,1780872987000,1780872994000,1780873007000,1780873775000,1780873559000,7000,788000,781000,565000,25268647,20,t_safe=first SequencerBatchDelivered>=burn_rt_l1; t_hard_lb=t_safe+2epoch(768s),
deposit,92,fast,1780875673000,1780875680000,1780875731000,1780876499000,1780876247000,7000,826000,819000,567000,25268874,58,t_safe=first SequencerBatchDelivered>=burn_rt_l1; t_hard_lb=t_safe+2epoch(768s),
deposit,93,slow,1780881162000,1780881172000,1780881215000,1780881983000,1780881623000,10000,821000,811000,451000,25269330,53,t_safe=first SequencerBatchDelivered>=burn_rt_l1; t_hard_lb=t_safe+2epoch(768s),
deposit,94,fast,1780883320000,1780883326000,1780883327000,1780884095000,1780883927000,6000,775000,769000,601000,25269506,7,t_safe=first SequencerBatchDelivered>=burn_rt_l1; t_hard_lb=t_safe+2epoch(768s),
deposit,95,fast,1780885053000,1780885060000,1780885127000,1780885895000,1780885847000,7000,842000,835000,787000,25269656,74,t_safe=first SequencerBatchDelivered>=burn_rt_l1; t_hard_lb=t_safe+2epoch(768s),
deposit,96,fast,1780889501000,1780889508000,1780889567000,1780890335000,1780890071000,7000,834000,827000,563000,25270026,66,t_safe=first SequencerBatchDelivered>=burn_rt_l1; t_hard_lb=t_safe+2epoch(768s),
deposit,97,fast,1780892948000,1780892954000,1780892963000,1780893731000,1780893527000,6000,783000,777000,573000,25270308,15,t_safe=first SequencerBatchDelivered>=burn_rt_l1; t_hard_lb=t_safe+2epoch(768s),
deposit,98,fast,1780894188000,1780894194000,1780894271000,1780895039000,1780894679000,6000,851000,845000,485000,25270417,83,t_safe=first SequencerBatchDelivered>=burn_rt_l1; t_hard_lb=t_safe+2epoch(768s),
deposit,99,fast,1780896193000,1780896200000,1780896251000,1780897019000,1780896983000,7000,826000,819000,783000,25270582,58,t_safe=first SequencerBatchDelivered>=burn_rt_l1; t_hard_lb=t_safe+2epoch(768s),
deposit,100,fast,1780899220000,1780899227000,1780899239000,1780900007000,1780899671000,7000,787000,780000,444000,25270830,19,t_safe=first SequencerBatchDelivered>=burn_rt_l1; t_hard_lb=t_safe+2epoch(768s),
deposit,101,slow,1780903430000,1780903440000,1780903499000,1780904267000,1780903895000,10000,837000,827000,455000,25271183,69,t_safe=first SequencerBatchDelivered>=burn_rt_l1; t_hard_lb=t_safe+2epoch(768s),
deposit,102,fast,1780904653000,1780904660000,1780904699000,1780905467000,1780905431000,7000,814000,807000,771000,25271283,46,t_safe=first SequencerBatchDelivered>=burn_rt_l1; t_hard_lb=t_safe+2epoch(768s),
deposit,103,fast,1780908364000,1780908370000,1780908407000,1780909175000,1780908887000,6000,811000,805000,517000,25271591,43,t_safe=first SequencerBatchDelivered>=burn_rt_l1; t_hard_lb=t_safe+2epoch(768s),
deposit,104,slow,1780909518000,1780909529000,1780909583000,1780910351000,1780910039000,11000,833000,822000,510000,25271689,65,t_safe=first SequencerBatchDelivered>=burn_rt_l1; t_hard_lb=t_safe+2epoch(768s),
deposit,105,slow,1780913724000,1780913730000,1780913831000,1780914599000,1780914263000,6000,875000,869000,533000,25272043,107,t_safe=first SequencerBatchDelivered>=burn_rt_l1; t_hard_lb=t_safe+2epoch(768s),
deposit,106,fast,1780916608000,1780916614000,1780916723000,1780917491000,1780917335000,6000,883000,877000,721000,25272281,115,t_safe=first SequencerBatchDelivered>=burn_rt_l1; t_hard_lb=t_safe+2epoch(768s),
deposit,107,slow,1780920481000,1780920493000,1780920503000,1780921271000,1780921175000,12000,790000,778000,682000,25272594,22,t_safe=first SequencerBatchDelivered>=burn_rt_l1; t_hard_lb=t_safe+2epoch(768s),
deposit,108,slow,1780926293000,1780926305000,1780926323000,1780927091000,1780926935000,12000,798000,786000,630000,25273078,30,t_safe=first SequencerBatchDelivered>=burn_rt_l1; t_hard_lb=t_safe+2epoch(768s),
deposit,109,fast,1780927747000,1780927754000,1780927799000,1780928567000,1780928471000,7000,820000,813000,717000,25273201,52,t_safe=first SequencerBatchDelivered>=burn_rt_l1; t_hard_lb=t_safe+2epoch(768s),
deposit,110,fast,1780931731000,1780931739000,1780931771000,1780932539000,1780932311000,8000,808000,800000,572000,25273532,40,t_safe=first SequencerBatchDelivered>=burn_rt_l1; t_hard_lb=t_safe+2epoch(768s),
deposit,111,slow,1780935294000,1780935304000,1780935323000,1780936091000,1780935767000,10000,797000,787000,463000,25273828,29,t_safe=first SequencerBatchDelivered>=burn_rt_l1; t_hard_lb=t_safe+2epoch(768s),
deposit,112,fast,1780937900000,1780937905000,1780937891000,1780938659000,1780938455000,5000,759000,754000,550000,25274042,-9,t_safe=first SequencerBatchDelivered>=burn_rt_l1; t_hard_lb=t_safe+2epoch(768s),
deposit,113,slow,1780942656000,1780942662000,1780942715000,1780943483000,1780943447000,6000,827000,821000,785000,25274441,59,t_safe=first SequencerBatchDelivered>=burn_rt_l1; t_hard_lb=t_safe+2epoch(768s),
deposit,114,fast,1780944171000,1780944178000,1780944191000,1780944959000,1780944599000,7000,788000,781000,421000,25274564,20,t_safe=first SequencerBatchDelivered>=burn_rt_l1; t_hard_lb=t_safe+2epoch(768s),
deposit,115,fast,1780947841000,1780947847000,1780947839000,1780948607000,1780948439000,6000,766000,760000,592000,25274868,-2,t_safe=first SequencerBatchDelivered>=burn_rt_l1; t_hard_lb=t_safe+2epoch(768s),
deposit,116,fast,1780951623000,1780951629000,1780951787000,1780952555000,1780952279000,6000,932000,926000,650000,25275196,164,t_safe=first SequencerBatchDelivered>=burn_rt_l1; t_hard_lb=t_safe+2epoch(768s),
deposit,117,fast,1780952914000,1780952920000,1780952915000,1780953683000,1780953431000,6000,769000,763000,511000,25275290,1,t_safe=first SequencerBatchDelivered>=burn_rt_l1; t_hard_lb=t_safe+2epoch(768s),
deposit,118,fast,1780957624000,1780957630000,1780957619000,1780958387000,1780958039000,6000,763000,757000,409000,25275679,-5,t_safe=first SequencerBatchDelivered>=burn_rt_l1; t_hard_lb=t_safe+2epoch(768s),
deposit,119,slow,1780959394000,1780959405000,1780959407000,1780960175000,1780959959000,11000,781000,770000,554000,25275827,13,t_safe=first SequencerBatchDelivered>=burn_rt_l1; t_hard_lb=t_safe+2epoch(768s),
deposit,120,fast,1780961396000,1780961404000,1780961447000,1780962215000,1780961879000,8000,819000,811000,475000,25275995,51,t_safe=first SequencerBatchDelivered>=burn_rt_l1; t_hard_lb=t_safe+2epoch(768s),
deposit,121,slow,1780963728000,1780963739000,1780963763000,1780964531000,1780964183000,11000,803000,792000,444000,25276188,35,t_safe=first SequencerBatchDelivered>=burn_rt_l1; t_hard_lb=t_safe+2epoch(768s),
deposit,122,fast,1780968076000,1780968082000,1780968119000,1780968887000,1780968791000,6000,811000,805000,709000,25276551,43,t_safe=first SequencerBatchDelivered>=burn_rt_l1; t_hard_lb=t_safe+2epoch(768s),
deposit,123,fast,1780970661000,1780970668000,1780970723000,1780971491000,1780971479000,7000,830000,823000,811000,25276765,62,t_safe=first SequencerBatchDelivered>=burn_rt_l1; t_hard_lb=t_safe+2epoch(768s),
deposit,124,slow,1780973394000,1780973443000,1780973519000,1780974287000,1780974167000,49000,893000,844000,724000,25276998,125,t_safe=first SequencerBatchDelivered>=burn_rt_l1; t_hard_lb=t_safe+2epoch(768s),
deposit,125,tail,1780976153000,1780976166000,1780976267000,1780977035000,1780976855000,13000,882000,869000,689000,25277227,114,t_safe=first SequencerBatchDelivered>=burn_rt_l1; t_hard_lb=t_safe+2epoch(768s),
deposit,126,slow,1780979799000,1780979810000,1780979879000,1780980647000,1780980311000,11000,848000,837000,501000,25277526,80,t_safe=first SequencerBatchDelivered>=burn_rt_l1; t_hard_lb=t_safe+2epoch(768s),
deposit,127,fast,1780981000000,1780981006000,1780981139000,1780981907000,1780981847000,6000,907000,901000,841000,25277631,139,t_safe=first SequencerBatchDelivered>=burn_rt_l1; t_hard_lb=t_safe+2epoch(768s),
deposit,128,fast,1780985828000,1780985833000,1780985927000,1780986695000,1780986455000,5000,867000,862000,622000,25278029,99,t_safe=first SequencerBatchDelivered>=burn_rt_l1; t_hard_lb=t_safe+2epoch(768s),
deposit,129,slow,1780988884000,1780988895000,1780988891000,1780989659000,1780989527000,11000,775000,764000,632000,25278276,7,t_safe=first SequencerBatchDelivered>=burn_rt_l1; t_hard_lb=t_safe+2epoch(768s),
deposit,130,slow,1780990856000,1780990867000,1780990943000,1780991711000,1780991447000,11000,855000,844000,580000,25278446,87,t_safe=first SequencerBatchDelivered>=burn_rt_l1; t_hard_lb=t_safe+2epoch(768s),
deposit,131,fast,1780992815000,1780992821000,1780992839000,1780993607000,1780993367000,6000,792000,786000,546000,25278602,24,t_safe=first SequencerBatchDelivered>=burn_rt_l1; t_hard_lb=t_safe+2epoch(768s),
deposit,132,slow,1780995927000,1780995938000,1780996031000,1780996799000,1780996439000,11000,872000,861000,501000,25278866,104,t_safe=first SequencerBatchDelivered>=burn_rt_l1; t_hard_lb=t_safe+2epoch(768s),
deposit,133,tail,1781000088000,1781000099000,1781000111000,1781000879000,1781000663000,11000,791000,780000,564000,25279204,23,t_safe=first SequencerBatchDelivered>=burn_rt_l1; t_hard_lb=t_safe+2epoch(768s),
deposit,134,slow,1781003335000,1781003348000,1781003423000,1781004191000,1781004119000,13000,856000,843000,771000,25279479,88,t_safe=first SequencerBatchDelivered>=burn_rt_l1; t_hard_lb=t_safe+2epoch(768s),
deposit,135,fast,1781004685000,1781004692000,1781004767000,1781005535000,1781005271000,7000,850000,843000,579000,25279591,82,t_safe=first SequencerBatchDelivered>=burn_rt_l1; t_hard_lb=t_safe+2epoch(768s),
deposit,136,slow,1781007403000,1781007416000,1781007407000,1781008175000,1781007959000,13000,772000,759000,543000,25279811,4,t_safe=first SequencerBatchDelivered>=burn_rt_l1; t_hard_lb=t_safe+2epoch(768s),
deposit,137,fast,1781010727000,1781010734000,1781010719000,1781011487000,1781011415000,7000,760000,753000,681000,25280087,-8,t_safe=first SequencerBatchDelivered>=burn_rt_l1; t_hard_lb=t_safe+2epoch(768s),
deposit,138,slow,1781012892000,1781012903000,1781012951000,1781013719000,1781013719000,11000,827000,816000,816000,25280273,59,t_safe=first SequencerBatchDelivered>=burn_rt_l1; t_hard_lb=t_safe+2epoch(768s),
deposit,139,slow,1781016921000,1781016932000,1781016959000,1781017727000,1781017559000,11000,806000,795000,627000,25280605,38,t_safe=first SequencerBatchDelivered>=burn_rt_l1; t_hard_lb=t_safe+2epoch(768s),
deposit,140,fast,1781019445000,1781019452000,1781019455000,1781020223000,1781019863000,7000,778000,771000,411000,25280813,10,t_safe=first SequencerBatchDelivered>=burn_rt_l1; t_hard_lb=t_safe+2epoch(768s),
deposit,141,fast,1781020647000,1781020654000,1781020691000,1781021459000,1781021399000,7000,812000,805000,745000,25280915,44,t_safe=first SequencerBatchDelivered>=burn_rt_l1; t_hard_lb=t_safe+2epoch(768s),
deposit,142,fast,1781025090000,1781025095000,1781025143000,1781025911000,1781025623000,5000,821000,816000,528000,25281285,53,t_safe=first SequencerBatchDelivered>=burn_rt_l1; t_hard_lb=t_safe+2epoch(768s),
deposit,143,slow,1781027882000,1781027890000,1781027999000,1781028767000,1781028695000,8000,885000,877000,805000,25281523,117,t_safe=first SequencerBatchDelivered>=burn_rt_l1; t_hard_lb=t_safe+2epoch(768s),
deposit,144,fast,1781032218000,1781032224000,1781032259000,1781033027000,1781032919000,6000,809000,803000,695000,25281878,41,t_safe=first SequencerBatchDelivered>=burn_rt_l1; t_hard_lb=t_safe+2epoch(768s),
deposit,145,fast,1781035557000,1781035564000,1781035631000,1781036399000,1781036375000,7000,842000,835000,811000,25282159,74,t_safe=first SequencerBatchDelivered>=burn_rt_l1; t_hard_lb=t_safe+2epoch(768s),
deposit,146,fast,1781037509000,1781037516000,1781037563000,1781038331000,1781038295000,7000,822000,815000,779000,25282317,54,t_safe=first SequencerBatchDelivered>=burn_rt_l1; t_hard_lb=t_safe+2epoch(768s),
deposit,147,fast,1781039689000,1781039696000,1781039687000,1781040455000,1781040215000,7000,766000,759000,519000,25282494,-2,t_safe=first SequencerBatchDelivered>=burn_rt_l1; t_hard_lb=t_safe+2epoch(768s),
deposit,148,slow,1781041919000,1781041931000,1781042039000,1781042807000,1781042519000,12000,888000,876000,588000,25282689,120,t_safe=first SequencerBatchDelivered>=burn_rt_l1; t_hard_lb=t_safe+2epoch(768s),
deposit,149,fast,1781046045000,1781046052000,1781046047000,1781046815000,1781046743000,7000,770000,763000,691000,25283023,2,t_safe=first SequencerBatchDelivered>=burn_rt_l1; t_hard_lb=t_safe+2epoch(768s),
deposit,150,fast,1781048147000,1781048154000,1781048183000,1781048951000,1781048663000,7000,804000,797000,509000,25283200,36,t_safe=first SequencerBatchDelivered>=burn_rt_l1; t_hard_lb=t_safe+2epoch(768s),
deposit,151,fast,1781049883000,1781049889000,1781049911000,1781050679000,1781050583000,6000,796000,790000,694000,25283344,28,t_safe=first SequencerBatchDelivered>=burn_rt_l1; t_hard_lb=t_safe+2epoch(768s),
deposit,152,fast,1781053582000,1781053588000,1781053691000,1781054459000,1781054423000,6000,877000,871000,835000,25283657,109,t_safe=first SequencerBatchDelivered>=burn_rt_l1; t_hard_lb=t_safe+2epoch(768s),
deposit,153,tail,1781056151000,1781056167000,1781056235000,1781057003000,1781056727000,16000,852000,836000,560000,25283869,84,t_safe=first SequencerBatchDelivered>=burn_rt_l1; t_hard_lb=t_safe+2epoch(768s),
deposit,154,fast,1781058469000,1781058476000,1781058587000,1781059355000,1781059031000,7000,886000,879000,555000,25284064,118,t_safe=first SequencerBatchDelivered>=burn_rt_l1; t_hard_lb=t_safe+2epoch(768s),
deposit,155,slow,1781063387000,1781063399000,1781063387000,1781064155000,1781064023000,12000,768000,756000,624000,25284463,0,t_safe=first SequencerBatchDelivered>=burn_rt_l1; t_hard_lb=t_safe+2epoch(768s),
deposit,156,slow,1781065586000,1781065597000,1781065727000,1781066495000,1781066327000,11000,909000,898000,730000,25284658,141,t_safe=first SequencerBatchDelivered>=burn_rt_l1; t_hard_lb=t_safe+2epoch(768s),
deposit,157,slow,1781067124000,1781067134000,1781067215000,1781067983000,1781067863000,10000,859000,849000,729000,25284782,91,t_safe=first SequencerBatchDelivered>=burn_rt_l1; t_hard_lb=t_safe+2epoch(768s),
deposit,158,slow,1781070033000,1781070040000,1781070059000,1781070827000,1781070551000,7000,794000,787000,511000,25285019,26,t_safe=first SequencerBatchDelivered>=burn_rt_l1; t_hard_lb=t_safe+2epoch(768s),
deposit,159,slow,1781073356000,1781073367000,1781073371000,1781074139000,1781074007000,11000,783000,772000,640000,25285294,15,t_safe=first SequencerBatchDelivered>=burn_rt_l1; t_hard_lb=t_safe+2epoch(768s),
deposit,160,slow,1781077842000,1781077852000,1781077883000,1781078651000,1781078615000,10000,809000,799000,763000,25285666,41,t_safe=first SequencerBatchDelivered>=burn_rt_l1; t_hard_lb=t_safe+2epoch(768s),
deposit,161,fast,1781081624000,1781081632000,1781081639000,1781082407000,1781082071000,8000,783000,775000,439000,25285979,15,t_safe=first SequencerBatchDelivered>=burn_rt_l1; t_hard_lb=t_safe+2epoch(768s),
deposit,162,fast,1781083862000,1781083870000,1781083907000,1781084675000,1781084375000,8000,813000,805000,505000,25286168,45,t_safe=first SequencerBatchDelivered>=burn_rt_l1; t_hard_lb=t_safe+2epoch(768s),
deposit,163,fast,1781087106000,1781087112000,1781087207000,1781087975000,1781087831000,6000,869000,863000,719000,25286442,101,t_safe=first SequencerBatchDelivered>=burn_rt_l1; t_hard_lb=t_safe+2epoch(768s),
deposit,164,fast,1781089101000,1781089108000,1781089223000,1781089991000,1781089751000,7000,890000,883000,643000,25286610,122,t_safe=first SequencerBatchDelivered>=burn_rt_l1; t_hard_lb=t_safe+2epoch(768s),
deposit,165,fast,1781090457000,1781090464000,1781090459000,1781091227000,1781090903000,7000,770000,763000,439000,25286713,2,t_safe=first SequencerBatchDelivered>=burn_rt_l1; t_hard_lb=t_safe+2epoch(768s),
deposit,166,fast,1781093740000,1781093747000,1781093747000,1781094515000,1781094359000,7000,775000,768000,612000,25286986,7,t_safe=first SequencerBatchDelivered>=burn_rt_l1; t_hard_lb=t_safe+2epoch(768s),
deposit,167,fast,1781097953000,1781097960000,1781098067000,1781098835000,1781098583000,7000,882000,875000,623000,25287343,114,t_safe=first SequencerBatchDelivered>=burn_rt_l1; t_hard_lb=t_safe+2epoch(768s),
deposit,168,slow,1781099500000,1781099511000,1781099531000,1781100299000,1781100119000,11000,799000,788000,608000,25287465,31,t_safe=first SequencerBatchDelivered>=burn_rt_l1; t_hard_lb=t_safe+2epoch(768s),
deposit,169,fast,1781100978000,1781100985000,1781100971000,1781101739000,1781101655000,7000,761000,754000,670000,25287585,-7,t_safe=first SequencerBatchDelivered>=burn_rt_l1; t_hard_lb=t_safe+2epoch(768s),
deposit,170,fast,1781106626000,1781106632000,1781106623000,1781107391000,1781107031000,6000,765000,759000,399000,25288054,-3,t_safe=first SequencerBatchDelivered>=burn_rt_l1; t_hard_lb=t_safe+2epoch(768s),
deposit,171,fast,1781109618000,1781109624000,1781109635000,1781110403000,1781110103000,6000,785000,779000,479000,25288303,17,t_safe=first SequencerBatchDelivered>=burn_rt_l1; t_hard_lb=t_safe+2epoch(768s),
deposit,172,fast,1781153805000,1781153812000,1781153939000,1781154707000,1781154647000,7000,902000,895000,835000,25291979,134,t_safe=first SequencerBatchDelivered>=burn_rt_l1; t_hard_lb=t_safe+2epoch(768s),
deposit,173,fast,1781155825000,1781155831000,1781155823000,1781156591000,1781156567000,6000,766000,760000,736000,25292136,-2,t_safe=first SequencerBatchDelivered>=burn_rt_l1; t_hard_lb=t_safe+2epoch(768s),
deposit,174,fast,1781159146000,1781159152000,1781159231000,1781159999000,1781159639000,6000,853000,847000,487000,25292418,85,t_safe=first SequencerBatchDelivered>=burn_rt_l1; t_hard_lb=t_safe+2epoch(768s),
deposit,175,fast,1781160352000,1781160359000,1781160515000,1781161283000,1781161175000,7000,931000,924000,816000,25292524,163,t_safe=first SequencerBatchDelivered>=burn_rt_l1; t_hard_lb=t_safe+2epoch(768s),
deposit,176,slow,1781162394000,1781162405000,1781162495000,1781163263000,1781163095000,11000,869000,858000,690000,25292688,101,t_safe=first SequencerBatchDelivered>=burn_rt_l1; t_hard_lb=t_safe+2epoch(768s),
deposit,177,slow,1781164594000,1781164600000,1781164619000,1781165387000,1781165015000,6000,793000,787000,415000,25292864,25,t_safe=first SequencerBatchDelivered>=burn_rt_l1; t_hard_lb=t_safe+2epoch(768s),
deposit,178,fast,1781165942000,1781165948000,1781166035000,1781166803000,1781166551000,6000,861000,855000,603000,25292982,93,t_safe=first SequencerBatchDelivered>=burn_rt_l1; t_hard_lb=t_safe+2epoch(768s),
deposit,179,fast,1781167857000,1781167864000,1781167979000,1781168747000,1781168471000,7000,890000,883000,607000,25293142,122,t_safe=first SequencerBatchDelivered>=burn_rt_l1; t_hard_lb=t_safe+2epoch(768s),
deposit,180,slow,1781170759000,1781170770000,1781170763000,1781171531000,1781171159000,11000,772000,761000,389000,25293374,4,t_safe=first SequencerBatchDelivered>=burn_rt_l1; t_hard_lb=t_safe+2epoch(768s),
deposit,181,fast,1781173711000,1781173717000,1781173727000,1781174495000,1781174231000,6000,784000,778000,514000,25293620,16,t_safe=first SequencerBatchDelivered>=burn_rt_l1; t_hard_lb=t_safe+2epoch(768s),
deposit,182,fast,1781174922000,1781174928000,1781174963000,1781175731000,1781175383000,6000,809000,803000,455000,25293723,41,t_safe=first SequencerBatchDelivered>=burn_rt_l1; t_hard_lb=t_safe+2epoch(768s),
deposit,183,slow,1781177565000,1781177576000,1781177555000,1781178323000,1781178071000,11000,758000,747000,495000,25293939,-10,t_safe=first SequencerBatchDelivered>=burn_rt_l1; t_hard_lb=t_safe+2epoch(768s),
deposit,184,fast,1781180626000,1781180632000,1781180627000,1781181395000,1781181143000,6000,769000,763000,511000,25294193,1,t_safe=first SequencerBatchDelivered>=burn_rt_l1; t_hard_lb=t_safe+2epoch(768s),
deposit,185,fast,1781184404000,1781184410000,1781184503000,1781185271000,1781184983000,6000,867000,861000,573000,25294515,99,t_safe=first SequencerBatchDelivered>=burn_rt_l1; t_hard_lb=t_safe+2epoch(768s),
deposit,186,fast,1781186746000,1781186753000,1781186735000,1781187503000,1781187287000,7000,757000,750000,534000,25294701,-11,t_safe=first SequencerBatchDelivered>=burn_rt_l1; t_hard_lb=t_safe+2epoch(768s),
deposit,187,slow,1781187938000,1781187949000,1781188031000,1781188799000,1781188439000,11000,861000,850000,490000,25294809,93,t_safe=first SequencerBatchDelivered>=burn_rt_l1; t_hard_lb=t_safe+2epoch(768s),
deposit,188,fast,1781193989000,1781193996000,1781194079000,1781194847000,1781194583000,7000,858000,851000,587000,25295312,90,t_safe=first SequencerBatchDelivered>=burn_rt_l1; t_hard_lb=t_safe+2epoch(768s),
deposit,189,slow,1781199091000,1781199134000,1781199251000,1781200019000,1781199959000,43000,928000,885000,825000,25295740,160,t_safe=first SequencerBatchDelivered>=burn_rt_l1; t_hard_lb=t_safe+2epoch(768s),
deposit,190,fast,1781200291000,1781200298000,1781200283000,1781201051000,1781200727000,7000,760000,753000,429000,25295826,-8,t_safe=first SequencerBatchDelivered>=burn_rt_l1; t_hard_lb=t_safe+2epoch(768s),
deposit,191,slow,1781202622000,1781202633000,1781202695000,1781203463000,1781203415000,11000,841000,830000,782000,25296026,73,t_safe=first SequencerBatchDelivered>=burn_rt_l1; t_hard_lb=t_safe+2epoch(768s),
deposit,192,fast,1781207823000,1781207830000,1781207879000,1781208647000,1781208407000,7000,824000,817000,577000,25296454,56,t_safe=first SequencerBatchDelivered>=burn_rt_l1; t_hard_lb=t_safe+2epoch(768s),
deposit,193,fast,1781209166000,1781209172000,1781209187000,1781209955000,1781209943000,6000,789000,783000,771000,25296562,21,t_safe=first SequencerBatchDelivered>=burn_rt_l1; t_hard_lb=t_safe+2epoch(768s),
deposit,194,fast,1781212058000,1781212064000,1781212103000,1781212871000,1781212631000,6000,813000,807000,567000,25296805,45,t_safe=first SequencerBatchDelivered>=burn_rt_l1; t_hard_lb=t_safe+2epoch(768s),
deposit,195,slow,1781215055000,1781215066000,1781215199000,1781215967000,1781215703000,11000,912000,901000,637000,25297062,144,t_safe=first SequencerBatchDelivered>=burn_rt_l1; t_hard_lb=t_safe+2epoch(768s),
deposit,196,fast,1781219656000,1781219663000,1781219807000,1781220575000,1781220311000,7000,919000,912000,648000,25297442,151,t_safe=first SequencerBatchDelivered>=burn_rt_l1; t_hard_lb=t_safe+2epoch(768s),
deposit,197,fast,1781220856000,1781220863000,1781220911000,1781221679000,1781221463000,7000,823000,816000,600000,25297534,55,t_safe=first SequencerBatchDelivered>=burn_rt_l1; t_hard_lb=t_safe+2epoch(768s),
deposit,198,slow,1781224733000,1781224743000,1781224883000,1781225651000,1781225303000,10000,918000,908000,560000,25297864,150,t_safe=first SequencerBatchDelivered>=burn_rt_l1; t_hard_lb=t_safe+2epoch(768s),
deposit,199,fast,1781226209000,1781226215000,1781226299000,1781227067000,1781226839000,6000,858000,852000,624000,25297982,90,t_safe=first SequencerBatchDelivered>=burn_rt_l1; t_hard_lb=t_safe+2epoch(768s),
deposit,200,fast,1781229826000,1781229833000,1781229923000,1781230691000,1781230679000,7000,865000,858000,846000,25298284,97,t_safe=first SequencerBatchDelivered>=burn_rt_l1; t_hard_lb=t_safe+2epoch(768s),
deposit,201,slow,1781231631000,1781231642000,1781231747000,1781232515000,1781232215000,11000,884000,873000,573000,25298435,116,t_safe=first SequencerBatchDelivered>=burn_rt_l1; t_hard_lb=t_safe+2epoch(768s),
deposit,202,fast,1781234848000,1781234854000,1781234867000,1781235635000,1781235287000,6000,787000,781000,433000,25298695,19,t_safe=first SequencerBatchDelivered>=burn_rt_l1; t_hard_lb=t_safe+2epoch(768s),
deposit,203,fast,1781236258000,1781236264000,1781236247000,1781237015000,1781236823000,6000,757000,751000,559000,25298810,-11,t_safe=first SequencerBatchDelivered>=burn_rt_l1; t_hard_lb=t_safe+2epoch(768s),
deposit,204,fast,1781239614000,1781239620000,1781239751000,1781240519000,1781240279000,6000,905000,899000,659000,25299101,137,t_safe=first SequencerBatchDelivered>=burn_rt_l1; t_hard_lb=t_safe+2epoch(768s),
deposit,205,slow,1781241507000,1781241517000,1781241503000,1781242271000,1781242199000,10000,764000,754000,682000,25299246,-4,t_safe=first SequencerBatchDelivered>=burn_rt_l1; t_hard_lb=t_safe+2epoch(768s),
deposit,206,slow,1781243521000,1781243531000,1781243663000,1781244431000,1781244119000,10000,910000,900000,588000,25299425,142,t_safe=first SequencerBatchDelivered>=burn_rt_l1; t_hard_lb=t_safe+2epoch(768s),
deposit,207,fast,1781244733000,1781244738000,1781244815000,1781245583000,1781245271000,5000,850000,845000,533000,25299521,82,t_safe=first SequencerBatchDelivered>=burn_rt_l1; t_hard_lb=t_safe+2epoch(768s),
deposit,208,slow,1781247053000,1781247063000,1781247107000,1781247875000,1781247575000,10000,822000,812000,512000,25299712,54,t_safe=first SequencerBatchDelivered>=burn_rt_l1; t_hard_lb=t_safe+2epoch(768s),
deposit,209,fast,1781250475000,1781250482000,1781250623000,1781251391000,1781251031000,7000,916000,909000,549000,25300004,148,t_safe=first SequencerBatchDelivered>=burn_rt_l1; t_hard_lb=t_safe+2epoch(768s),
deposit,210,fast,1781251677000,1781251684000,1781251751000,1781252519000,1781252183000,7000,842000,835000,499000,25300098,74,t_safe=first SequencerBatchDelivered>=burn_rt_l1; t_hard_lb=t_safe+2epoch(768s),
withdraw,1,,1780546486000,1780546491000,1780546486000,1780546486000,1780546486000,5000,0,0,0,,0,source=HyperEVM HyperBFT deterministic instant finality → t_hard_source=t_burn,
withdraw,2,,1780548208000,1780548213000,1780548208000,1780548208000,1780548208000,5000,0,0,0,,0,source=HyperEVM HyperBFT deterministic instant finality → t_hard_source=t_burn,
withdraw,3,,1780550666000,1780550674000,1780550666000,1780550666000,1780550666000,8000,0,0,0,,0,source=HyperEVM HyperBFT deterministic instant finality → t_hard_source=t_burn,
withdraw,4,,1780550819000,1780550826000,1780550819000,1780550819000,1780550819000,7000,0,0,0,,0,source=HyperEVM HyperBFT deterministic instant finality → t_hard_source=t_burn,
withdraw,5,,1780631996000,1780632004000,1780631996000,1780631996000,1780631996000,8000,0,0,0,,0,source=HyperEVM HyperBFT deterministic instant finality → t_hard_source=t_burn,
withdraw,6,,1780634247000,1780634253000,1780634247000,1780634247000,1780634247000,6000,0,0,0,,0,source=HyperEVM HyperBFT deterministic instant finality → t_hard_source=t_burn,
withdraw,7,,1780635158000,1780635165000,1780635158000,1780635158000,1780635158000,7000,0,0,0,,0,source=HyperEVM HyperBFT deterministic instant finality → t_hard_source=t_burn,
withdraw,8,,1780635978000,1780635984000,1780635978000,1780635978000,1780635978000,6000,0,0,0,,0,source=HyperEVM HyperBFT deterministic instant finality → t_hard_source=t_burn,
withdraw,9,,1780636735000,1780636742000,1780636735000,1780636735000,1780636735000,7000,0,0,0,,0,source=HyperEVM HyperBFT deterministic instant finality → t_hard_source=t_burn,
withdraw,10,,1780638884000,1780638891000,1780638884000,1780638884000,1780638884000,7000,0,0,0,,0,source=HyperEVM HyperBFT deterministic instant finality → t_hard_source=t_burn,
withdraw,11,,1780641050000,1780641057000,1780641050000,1780641050000,1780641050000,7000,0,0,0,,0,source=HyperEVM HyperBFT deterministic instant finality → t_hard_source=t_burn,
withdraw,12,,1780642229000,1780642236000,1780642229000,1780642229000,1780642229000,7000,0,0,0,,0,source=HyperEVM HyperBFT deterministic instant finality → t_hard_source=t_burn,
withdraw,13,,1780644033000,1780644039000,1780644033000,1780644033000,1780644033000,6000,0,0,0,,0,source=HyperEVM HyperBFT deterministic instant finality → t_hard_source=t_burn,
withdraw,14,,1780646161000,1780646169000,1780646161000,1780646161000,1780646161000,8000,0,0,0,,0,source=HyperEVM HyperBFT deterministic instant finality → t_hard_source=t_burn,
withdraw,15,,1780647783000,1780647789000,1780647783000,1780647783000,1780647783000,6000,0,0,0,,0,source=HyperEVM HyperBFT deterministic instant finality → t_hard_source=t_burn,
withdraw,16,,1780649711000,1780649717000,1780649711000,1780649711000,1780649711000,6000,0,0,0,,0,source=HyperEVM HyperBFT deterministic instant finality → t_hard_source=t_burn,
withdraw,17,,1780650363000,1780650369000,1780650363000,1780650363000,1780650363000,6000,0,0,0,,0,source=HyperEVM HyperBFT deterministic instant finality → t_hard_source=t_burn,
withdraw,18,,1780656297000,1780656306000,1780656297000,1780656297000,1780656297000,9000,0,0,0,,0,source=HyperEVM HyperBFT deterministic instant finality → t_hard_source=t_burn,
withdraw,19,,1780658475000,1780658481000,1780658475000,1780658475000,1780658475000,6000,0,0,0,,0,source=HyperEVM HyperBFT deterministic instant finality → t_hard_source=t_burn,
withdraw,20,,1780662956000,1780662964000,1780662956000,1780662956000,1780662956000,8000,0,0,0,,0,source=HyperEVM HyperBFT deterministic instant finality → t_hard_source=t_burn,
withdraw,21,,1780663813000,1780663820000,1780663813000,1780663813000,1780663813000,7000,0,0,0,,0,source=HyperEVM HyperBFT deterministic instant finality → t_hard_source=t_burn,
withdraw,22,,1780668839000,1780668845000,1780668839000,1780668839000,1780668839000,6000,0,0,0,,0,source=HyperEVM HyperBFT deterministic instant finality → t_hard_source=t_burn,
withdraw,23,,1780670002000,1780670010000,1780670002000,1780670002000,1780670002000,8000,0,0,0,,0,source=HyperEVM HyperBFT deterministic instant finality → t_hard_source=t_burn,
withdraw,24,,1780675338000,1780675345000,1780675338000,1780675338000,1780675338000,7000,0,0,0,,0,source=HyperEVM HyperBFT deterministic instant finality → t_hard_source=t_burn,
withdraw,25,,1780676611000,1780676618000,1780676611000,1780676611000,1780676611000,7000,0,0,0,,0,source=HyperEVM HyperBFT deterministic instant finality → t_hard_source=t_burn,
withdraw,26,,1780678870000,1780678877000,1780678870000,1780678870000,1780678870000,7000,0,0,0,,0,source=HyperEVM HyperBFT deterministic instant finality → t_hard_source=t_burn,
withdraw,27,,1780682105000,1780682112000,1780682105000,1780682105000,1780682105000,7000,0,0,0,,0,source=HyperEVM HyperBFT deterministic instant finality → t_hard_source=t_burn,
withdraw,28,,1780684155000,1780684162000,1780684155000,1780684155000,1780684155000,7000,0,0,0,,0,source=HyperEVM HyperBFT deterministic instant finality → t_hard_source=t_burn,
withdraw,29,,1780685679000,1780685685000,1780685679000,1780685679000,1780685679000,6000,0,0,0,,0,source=HyperEVM HyperBFT deterministic instant finality → t_hard_source=t_burn,
withdraw,30,,1780690706000,1780690715000,1780690706000,1780690706000,1780690706000,9000,0,0,0,,0,source=HyperEVM HyperBFT deterministic instant finality → t_hard_source=t_burn,
withdraw,31,,1780691912000,1780691920000,1780691912000,1780691912000,1780691912000,8000,0,0,0,,0,source=HyperEVM HyperBFT deterministic instant finality → t_hard_source=t_burn,
withdraw,32,,1780695024000,1780695030000,1780695024000,1780695024000,1780695024000,6000,0,0,0,,0,source=HyperEVM HyperBFT deterministic instant finality → t_hard_source=t_burn,
withdraw,33,,1780698487000,1780698495000,1780698487000,1780698487000,1780698487000,8000,0,0,0,,0,source=HyperEVM HyperBFT deterministic instant finality → t_hard_source=t_burn,
withdraw,34,,1780701524000,1780701531000,1780701524000,1780701524000,1780701524000,7000,0,0,0,,0,source=HyperEVM HyperBFT deterministic instant finality → t_hard_source=t_burn,
withdraw,35,,1780705371000,1780705377000,1780705371000,1780705371000,1780705371000,6000,0,0,0,,0,source=HyperEVM HyperBFT deterministic instant finality → t_hard_source=t_burn,
withdraw,36,,1780707637000,1780707645000,1780707637000,1780707637000,1780707637000,8000,0,0,0,,0,source=HyperEVM HyperBFT deterministic instant finality → t_hard_source=t_burn,
withdraw,37,,1780709967000,1780709973000,1780709967000,1780709967000,1780709967000,6000,0,0,0,,0,source=HyperEVM HyperBFT deterministic instant finality → t_hard_source=t_burn,
withdraw,38,,1780714606000,1780714611000,1780714606000,1780714606000,1780714606000,5000,0,0,0,,0,source=HyperEVM HyperBFT deterministic instant finality → t_hard_source=t_burn,
withdraw,39,,1780717433000,1780717439000,1780717433000,1780717433000,1780717433000,6000,0,0,0,,0,source=HyperEVM HyperBFT deterministic instant finality → t_hard_source=t_burn,
withdraw,40,,1780719467000,1780719473000,1780719467000,1780719467000,1780719467000,6000,0,0,0,,0,source=HyperEVM HyperBFT deterministic instant finality → t_hard_source=t_burn,
withdraw,41,,1780721409000,1780721416000,1780721409000,1780721409000,1780721409000,7000,0,0,0,,0,source=HyperEVM HyperBFT deterministic instant finality → t_hard_source=t_burn,
withdraw,42,,1780724992000,1780725000000,1780724992000,1780724992000,1780724992000,8000,0,0,0,,0,source=HyperEVM HyperBFT deterministic instant finality → t_hard_source=t_burn,
withdraw,43,,1780726536000,1780726542000,1780726536000,1780726536000,1780726536000,6000,0,0,0,,0,source=HyperEVM HyperBFT deterministic instant finality → t_hard_source=t_burn,
withdraw,44,,1780730640000,1780730644000,1780730640000,1780730640000,1780730640000,4000,0,0,0,,0,source=HyperEVM HyperBFT deterministic instant finality → t_hard_source=t_burn,
withdraw,45,,1780731833000,1780731839000,1780731833000,1780731833000,1780731833000,6000,0,0,0,,0,source=HyperEVM HyperBFT deterministic instant finality → t_hard_source=t_burn,
withdraw,46,,1780734345000,1780734352000,1780734345000,1780734345000,1780734345000,7000,0,0,0,,0,source=HyperEVM HyperBFT deterministic instant finality → t_hard_source=t_burn,
withdraw,47,,1780737458000,1780737466000,1780737458000,1780737458000,1780737458000,8000,0,0,0,,0,source=HyperEVM HyperBFT deterministic instant finality → t_hard_source=t_burn,
withdraw,48,,1780740086000,1780740093000,1780740086000,1780740086000,1780740086000,7000,0,0,0,,0,source=HyperEVM HyperBFT deterministic instant finality → t_hard_source=t_burn,
withdraw,49,,1780743440000,1780743447000,1780743440000,1780743440000,1780743440000,7000,0,0,0,,0,source=HyperEVM HyperBFT deterministic instant finality → t_hard_source=t_burn,
withdraw,50,,1780748062000,1780748069000,1780748062000,1780748062000,1780748062000,7000,0,0,0,,0,source=HyperEVM HyperBFT deterministic instant finality → t_hard_source=t_burn,
withdraw,51,,1780751258000,1780751265000,1780751258000,1780751258000,1780751258000,7000,0,0,0,,0,source=HyperEVM HyperBFT deterministic instant finality → t_hard_source=t_burn,
withdraw,52,,1780752336000,1780752342000,1780752336000,1780752336000,1780752336000,6000,0,0,0,,0,source=HyperEVM HyperBFT deterministic instant finality → t_hard_source=t_burn,
withdraw,53,,1780756957000,1780756964000,1780756957000,1780756957000,1780756957000,7000,0,0,0,,0,source=HyperEVM HyperBFT deterministic instant finality → t_hard_source=t_burn,
withdraw,54,,1780758369000,1780758375000,1780758369000,1780758369000,1780758369000,6000,0,0,0,,0,source=HyperEVM HyperBFT deterministic instant finality → t_hard_source=t_burn,
withdraw,55,,1780761214000,1780761220000,1780761214000,1780761214000,1780761214000,6000,0,0,0,,0,source=HyperEVM HyperBFT deterministic instant finality → t_hard_source=t_burn,
withdraw,56,,1780765866000,1780765873000,1780765866000,1780765866000,1780765866000,7000,0,0,0,,0,source=HyperEVM HyperBFT deterministic instant finality → t_hard_source=t_burn,
withdraw,57,,1780767560000,1780767568000,1780767560000,1780767560000,1780767560000,8000,0,0,0,,0,source=HyperEVM HyperBFT deterministic instant finality → t_hard_source=t_burn,
withdraw,58,,1780771659000,1780771666000,1780771659000,1780771659000,1780771659000,7000,0,0,0,,0,source=HyperEVM HyperBFT deterministic instant finality → t_hard_source=t_burn,
withdraw,59,,1780772812000,1780772818000,1780772812000,1780772812000,1780772812000,6000,0,0,0,,0,source=HyperEVM HyperBFT deterministic instant finality → t_hard_source=t_burn,
withdraw,60,,1780776058000,1780776064000,1780776058000,1780776058000,1780776058000,6000,0,0,0,,0,source=HyperEVM HyperBFT deterministic instant finality → t_hard_source=t_burn,
withdraw,61,,1780778621000,1780778628000,1780778621000,1780778621000,1780778621000,7000,0,0,0,,0,source=HyperEVM HyperBFT deterministic instant finality → t_hard_source=t_burn,
withdraw,62,,1780782462000,1780782467000,1780782462000,1780782462000,1780782462000,5000,0,0,0,,0,source=HyperEVM HyperBFT deterministic instant finality → t_hard_source=t_burn,
withdraw,63,,1780783708000,1780783713000,1780783708000,1780783708000,1780783708000,5000,0,0,0,,0,source=HyperEVM HyperBFT deterministic instant finality → t_hard_source=t_burn,
withdraw,64,,1780787762000,1780787769000,1780787762000,1780787762000,1780787762000,7000,0,0,0,,0,source=HyperEVM HyperBFT deterministic instant finality → t_hard_source=t_burn,
withdraw,65,,1780790787000,1780790794000,1780790787000,1780790787000,1780790787000,7000,0,0,0,,0,source=HyperEVM HyperBFT deterministic instant finality → t_hard_source=t_burn,
withdraw,66,,1780794441000,1780794447000,1780794441000,1780794441000,1780794441000,6000,0,0,0,,0,source=HyperEVM HyperBFT deterministic instant finality → t_hard_source=t_burn,
withdraw,67,,1780798142000,1780798150000,1780798142000,1780798142000,1780798142000,8000,0,0,0,,0,source=HyperEVM HyperBFT deterministic instant finality → t_hard_source=t_burn,
withdraw,68,,1780801165000,1780801172000,1780801165000,1780801165000,1780801165000,7000,0,0,0,,0,source=HyperEVM HyperBFT deterministic instant finality → t_hard_source=t_burn,
withdraw,69,,1780802980000,1780802986000,1780802980000,1780802980000,1780802980000,6000,0,0,0,,0,source=HyperEVM HyperBFT deterministic instant finality → t_hard_source=t_burn,
withdraw,70,,1780808172000,1780808178000,1780808172000,1780808172000,1780808172000,6000,0,0,0,,0,source=HyperEVM HyperBFT deterministic instant finality → t_hard_source=t_burn,
withdraw,71,,1780811840000,1780811847000,1780811840000,1780811840000,1780811840000,7000,0,0,0,,0,source=HyperEVM HyperBFT deterministic instant finality → t_hard_source=t_burn,
withdraw,72,,1780813114000,1780813121000,1780813114000,1780813114000,1780813114000,7000,0,0,0,,0,source=HyperEVM HyperBFT deterministic instant finality → t_hard_source=t_burn,
withdraw,73,,1780816383000,1780816398000,1780816383000,1780816383000,1780816383000,15000,0,0,0,,0,source=HyperEVM HyperBFT deterministic instant finality → t_hard_source=t_burn,
withdraw,74,,1780819685000,1780819691000,1780819685000,1780819685000,1780819685000,6000,0,0,0,,0,source=HyperEVM HyperBFT deterministic instant finality → t_hard_source=t_burn,
withdraw,75,,1780821624000,1780821629000,1780821624000,1780821624000,1780821624000,5000,0,0,0,,0,source=HyperEVM HyperBFT deterministic instant finality → t_hard_source=t_burn,
withdraw,76,,1780824098000,1780824106000,1780824098000,1780824098000,1780824098000,8000,0,0,0,,0,source=HyperEVM HyperBFT deterministic instant finality → t_hard_source=t_burn,
withdraw,77,,1780827645000,1780827651000,1780827645000,1780827645000,1780827645000,6000,0,0,0,,0,source=HyperEVM HyperBFT deterministic instant finality → t_hard_source=t_burn,
withdraw,78,,1780831798000,1780831804000,1780831798000,1780831798000,1780831798000,6000,0,0,0,,0,source=HyperEVM HyperBFT deterministic instant finality → t_hard_source=t_burn,
withdraw,79,,1780833532000,1780833540000,1780833532000,1780833532000,1780833532000,8000,0,0,0,,0,source=HyperEVM HyperBFT deterministic instant finality → t_hard_source=t_burn,
withdraw,80,,1780835443000,1780835451000,1780835443000,1780835443000,1780835443000,8000,0,0,0,,0,source=HyperEVM HyperBFT deterministic instant finality → t_hard_source=t_burn,
withdraw,81,,1780840751000,1780840759000,1780840751000,1780840751000,1780840751000,8000,0,0,0,,0,source=HyperEVM HyperBFT deterministic instant finality → t_hard_source=t_burn,
withdraw,82,,1780843129000,1780843136000,1780843129000,1780843129000,1780843129000,7000,0,0,0,,0,source=HyperEVM HyperBFT deterministic instant finality → t_hard_source=t_burn,
withdraw,83,,1780845435000,1780845442000,1780845435000,1780845435000,1780845435000,7000,0,0,0,,0,source=HyperEVM HyperBFT deterministic instant finality → t_hard_source=t_burn,
withdraw,84,,1780849103000,1780849110000,1780849103000,1780849103000,1780849103000,7000,0,0,0,,0,source=HyperEVM HyperBFT deterministic instant finality → t_hard_source=t_burn,
withdraw,85,,1780851610000,1780851618000,1780851610000,1780851610000,1780851610000,8000,0,0,0,,0,source=HyperEVM HyperBFT deterministic instant finality → t_hard_source=t_burn,
withdraw,86,,1780852911000,1780852917000,1780852911000,1780852911000,1780852911000,6000,0,0,0,,0,source=HyperEVM HyperBFT deterministic instant finality → t_hard_source=t_burn,
withdraw,87,,1780856471000,1780856478000,1780856471000,1780856471000,1780856471000,7000,0,0,0,,0,source=HyperEVM HyperBFT deterministic instant finality → t_hard_source=t_burn,
withdraw,88,,1780858597000,1780858604000,1780858597000,1780858597000,1780858597000,7000,0,0,0,,0,source=HyperEVM HyperBFT deterministic instant finality → t_hard_source=t_burn,
withdraw,89,,1780861871000,1780861877000,1780861871000,1780861871000,1780861871000,6000,0,0,0,,0,source=HyperEVM HyperBFT deterministic instant finality → t_hard_source=t_burn,
withdraw,90,,1780864447000,1780864455000,1780864447000,1780864447000,1780864447000,8000,0,0,0,,0,source=HyperEVM HyperBFT deterministic instant finality → t_hard_source=t_burn,
withdraw,91,,1780868560000,1780868568000,1780868560000,1780868560000,1780868560000,8000,0,0,0,,0,source=HyperEVM HyperBFT deterministic instant finality → t_hard_source=t_burn,
withdraw,92,,1780870429000,1780870438000,1780870429000,1780870429000,1780870429000,9000,0,0,0,,0,source=HyperEVM HyperBFT deterministic instant finality → t_hard_source=t_burn,
withdraw,93,,1780873161000,1780873167000,1780873161000,1780873161000,1780873161000,6000,0,0,0,,0,source=HyperEVM HyperBFT deterministic instant finality → t_hard_source=t_burn,
withdraw,94,,1780875911000,1780875917000,1780875911000,1780875911000,1780875911000,6000,0,0,0,,0,source=HyperEVM HyperBFT deterministic instant finality → t_hard_source=t_burn,
withdraw,95,,1780881330000,1780881336000,1780881330000,1780881330000,1780881330000,6000,0,0,0,,0,source=HyperEVM HyperBFT deterministic instant finality → t_hard_source=t_burn,
withdraw,96,,1780883632000,1780883641000,1780883632000,1780883632000,1780883632000,9000,0,0,0,,0,source=HyperEVM HyperBFT deterministic instant finality → t_hard_source=t_burn,
withdraw,97,,1780885304000,1780885311000,1780885304000,1780885304000,1780885304000,7000,0,0,0,,0,source=HyperEVM HyperBFT deterministic instant finality → t_hard_source=t_burn,
withdraw,98,,1780889803000,1780889812000,1780889803000,1780889803000,1780889803000,9000,0,0,0,,0,source=HyperEVM HyperBFT deterministic instant finality → t_hard_source=t_burn,
withdraw,99,,1780893259000,1780893268000,1780893259000,1780893259000,1780893259000,9000,0,0,0,,0,source=HyperEVM HyperBFT deterministic instant finality → t_hard_source=t_burn,
withdraw,100,,1780894382000,1780894392000,1780894382000,1780894382000,1780894382000,10000,0,0,0,,0,source=HyperEVM HyperBFT deterministic instant finality → t_hard_source=t_burn,
withdraw,101,,1780896375000,1780896381000,1780896375000,1780896375000,1780896375000,6000,0,0,0,,0,source=HyperEVM HyperBFT deterministic instant finality → t_hard_source=t_burn,
withdraw,102,,1780899423000,1780899432000,1780899423000,1780899423000,1780899423000,9000,0,0,0,,0,source=HyperEVM HyperBFT deterministic instant finality → t_hard_source=t_burn,
withdraw,103,,1780903719000,1780903725000,1780903719000,1780903719000,1780903719000,6000,0,0,0,,0,source=HyperEVM HyperBFT deterministic instant finality → t_hard_source=t_burn,
withdraw,104,,1780904933000,1780904940000,1780904933000,1780904933000,1780904933000,7000,0,0,0,,0,source=HyperEVM HyperBFT deterministic instant finality → t_hard_source=t_burn,
withdraw,105,,1780908523000,1780908531000,1780908523000,1780908523000,1780908523000,8000,0,0,0,,0,source=HyperEVM HyperBFT deterministic instant finality → t_hard_source=t_burn,
withdraw,106,,1780909791000,1780909797000,1780909791000,1780909791000,1780909791000,6000,0,0,0,,0,source=HyperEVM HyperBFT deterministic instant finality → t_hard_source=t_burn,
withdraw,107,,1780913906000,1780913914000,1780913906000,1780913906000,1780913906000,8000,0,0,0,,0,source=HyperEVM HyperBFT deterministic instant finality → t_hard_source=t_burn,
withdraw,108,,1780916841000,1780916848000,1780916841000,1780916841000,1780916841000,7000,0,0,0,,0,source=HyperEVM HyperBFT deterministic instant finality → t_hard_source=t_burn,
withdraw,109,,1780920715000,1780920724000,1780920715000,1780920715000,1780920715000,9000,0,0,0,,0,source=HyperEVM HyperBFT deterministic instant finality → t_hard_source=t_burn,
withdraw,110,,1780924093000,1780924100000,1780924093000,1780924093000,1780924093000,7000,0,0,0,,0,source=HyperEVM HyperBFT deterministic instant finality → t_hard_source=t_burn,
withdraw,111,,1780926508000,1780926516000,1780926508000,1780926508000,1780926508000,8000,0,0,0,,0,source=HyperEVM HyperBFT deterministic instant finality → t_hard_source=t_burn,
withdraw,112,,1780927931000,1780927938000,1780927931000,1780927931000,1780927931000,7000,0,0,0,,0,source=HyperEVM HyperBFT deterministic instant finality → t_hard_source=t_burn,
withdraw,113,,1780931926000,1780931932000,1780931926000,1780931926000,1780931926000,6000,0,0,0,,0,source=HyperEVM HyperBFT deterministic instant finality → t_hard_source=t_burn,
withdraw,114,,1780935497000,1780935504000,1780935497000,1780935497000,1780935497000,7000,0,0,0,,0,source=HyperEVM HyperBFT deterministic instant finality → t_hard_source=t_burn,
withdraw,115,,1780938107000,1780938113000,1780938107000,1780938107000,1780938107000,6000,0,0,0,,0,source=HyperEVM HyperBFT deterministic instant finality → t_hard_source=t_burn,
withdraw,116,,1780942899000,1780942906000,1780942899000,1780942899000,1780942899000,7000,0,0,0,,0,source=HyperEVM HyperBFT deterministic instant finality → t_hard_source=t_burn,
withdraw,117,,1780944330000,1780944336000,1780944330000,1780944330000,1780944330000,6000,0,0,0,,0,source=HyperEVM HyperBFT deterministic instant finality → t_hard_source=t_burn,
withdraw,118,,1780948080000,1780948088000,1780948080000,1780948080000,1780948080000,8000,0,0,0,,0,source=HyperEVM HyperBFT deterministic instant finality → t_hard_source=t_burn,
withdraw,119,,1780953222000,1780953228000,1780953222000,1780953222000,1780953222000,6000,0,0,0,,0,source=HyperEVM HyperBFT deterministic instant finality → t_hard_source=t_burn,
withdraw,120,,1780957796000,1780957804000,1780957796000,1780957796000,1780957796000,8000,0,0,0,,0,source=HyperEVM HyperBFT deterministic instant finality → t_hard_source=t_burn,
withdraw,121,,1780959685000,1780959693000,1780959685000,1780959685000,1780959685000,8000,0,0,0,,0,source=HyperEVM HyperBFT deterministic instant finality → t_hard_source=t_burn,
withdraw,122,,1780961604000,1780961610000,1780961604000,1780961604000,1780961604000,6000,0,0,0,,0,source=HyperEVM HyperBFT deterministic instant finality → t_hard_source=t_burn,
withdraw,123,,1780963963000,1780963971000,1780963963000,1780963963000,1780963963000,8000,0,0,0,,0,source=HyperEVM HyperBFT deterministic instant finality → t_hard_source=t_burn,
withdraw,124,,1780968275000,1780968281000,1780968275000,1780968275000,1780968275000,6000,0,0,0,,0,source=HyperEVM HyperBFT deterministic instant finality → t_hard_source=t_burn,
withdraw,125,,1780970927000,1780970934000,1780970927000,1780970927000,1780970927000,7000,0,0,0,,0,source=HyperEVM HyperBFT deterministic instant finality → t_hard_source=t_burn,
withdraw,126,,1780973584000,1780973589000,1780973584000,1780973584000,1780973584000,5000,0,0,0,,0,source=HyperEVM HyperBFT deterministic instant finality → t_hard_source=t_burn,
withdraw,127,,1780976436000,1780976442000,1780976436000,1780976436000,1780976436000,6000,0,0,0,,0,source=HyperEVM HyperBFT deterministic instant finality → t_hard_source=t_burn,
withdraw,128,,1780980068000,1780980075000,1780980068000,1780980068000,1780980068000,7000,0,0,0,,0,source=HyperEVM HyperBFT deterministic instant finality → t_hard_source=t_burn,
withdraw,129,,1780981199000,1780981206000,1780981199000,1780981199000,1780981199000,7000,0,0,0,,0,source=HyperEVM HyperBFT deterministic instant finality → t_hard_source=t_burn,
withdraw,130,,1780986102000,1780986108000,1780986102000,1780986102000,1780986102000,6000,0,0,0,,0,source=HyperEVM HyperBFT deterministic instant finality → t_hard_source=t_burn,
withdraw,131,,1780989204000,1780989210000,1780989204000,1780989204000,1780989204000,6000,0,0,0,,0,source=HyperEVM HyperBFT deterministic instant finality → t_hard_source=t_burn,
withdraw,132,,1780991175000,1780991182000,1780991175000,1780991175000,1780991175000,7000,0,0,0,,0,source=HyperEVM HyperBFT deterministic instant finality → t_hard_source=t_burn,
withdraw,133,,1780992975000,1780992981000,1780992975000,1780992975000,1780992975000,6000,0,0,0,,0,source=HyperEVM HyperBFT deterministic instant finality → t_hard_source=t_burn,
withdraw,134,,1780996080000,1780996086000,1780996080000,1780996080000,1780996080000,6000,0,0,0,,0,source=HyperEVM HyperBFT deterministic instant finality → t_hard_source=t_burn,
withdraw,135,,1781000388000,1781000394000,1781000388000,1781000388000,1781000388000,6000,0,0,0,,0,source=HyperEVM HyperBFT deterministic instant finality → t_hard_source=t_burn,
withdraw,136,,1781003635000,1781003642000,1781003635000,1781003635000,1781003635000,7000,0,0,0,,0,source=HyperEVM HyperBFT deterministic instant finality → t_hard_source=t_burn,
withdraw,137,,1781004828000,1781004834000,1781004828000,1781004828000,1781004828000,6000,0,0,0,,0,source=HyperEVM HyperBFT deterministic instant finality → t_hard_source=t_burn,
withdraw,138,,1781007643000,1781007651000,1781007643000,1781007643000,1781007643000,8000,0,0,0,,0,source=HyperEVM HyperBFT deterministic instant finality → t_hard_source=t_burn,
withdraw,139,,1781010942000,1781010948000,1781010942000,1781010942000,1781010942000,6000,0,0,0,,0,source=HyperEVM HyperBFT deterministic instant finality → t_hard_source=t_burn,
withdraw,140,,1781013047000,1781013053000,1781013047000,1781013047000,1781013047000,6000,0,0,0,,0,source=HyperEVM HyperBFT deterministic instant finality → t_hard_source=t_burn,
withdraw,141,,1781017195000,1781017205000,1781017195000,1781017195000,1781017195000,10000,0,0,0,,0,source=HyperEVM HyperBFT deterministic instant finality → t_hard_source=t_burn,
withdraw,142,,1781019743000,1781019750000,1781019743000,1781019743000,1781019743000,7000,0,0,0,,0,source=HyperEVM HyperBFT deterministic instant finality → t_hard_source=t_burn,
withdraw,143,,1781020916000,1781020924000,1781020916000,1781020916000,1781020916000,8000,0,0,0,,0,source=HyperEVM HyperBFT deterministic instant finality → t_hard_source=t_burn,
withdraw,144,,1781025349000,1781025358000,1781025349000,1781025349000,1781025349000,9000,0,0,0,,0,source=HyperEVM HyperBFT deterministic instant finality → t_hard_source=t_burn,
withdraw,145,,1781028037000,1781028046000,1781028037000,1781028037000,1781028037000,9000,0,0,0,,0,source=HyperEVM HyperBFT deterministic instant finality → t_hard_source=t_burn,
withdraw,146,,1781032463000,1781032470000,1781032463000,1781032463000,1781032463000,7000,0,0,0,,0,source=HyperEVM HyperBFT deterministic instant finality → t_hard_source=t_burn,
withdraw,147,,1781035821000,1781035829000,1781035821000,1781035821000,1781035821000,8000,0,0,0,,0,source=HyperEVM HyperBFT deterministic instant finality → t_hard_source=t_burn,
withdraw,148,,1781037660000,1781037667000,1781037660000,1781037660000,1781037660000,7000,0,0,0,,0,source=HyperEVM HyperBFT deterministic instant finality → t_hard_source=t_burn,
withdraw,149,,1781039916000,1781039922000,1781039916000,1781039916000,1781039916000,6000,0,0,0,,0,source=HyperEVM HyperBFT deterministic instant finality → t_hard_source=t_burn,
withdraw,150,,1781042187000,1781042193000,1781042187000,1781042187000,1781042187000,6000,0,0,0,,0,source=HyperEVM HyperBFT deterministic instant finality → t_hard_source=t_burn,
withdraw,151,,1781046360000,1781046366000,1781046360000,1781046360000,1781046360000,6000,0,0,0,,0,source=HyperEVM HyperBFT deterministic instant finality → t_hard_source=t_burn,
withdraw,152,,1781048331000,1781048337000,1781048331000,1781048331000,1781048331000,6000,0,0,0,,0,source=HyperEVM HyperBFT deterministic instant finality → t_hard_source=t_burn,
withdraw,153,,1781050191000,1781050198000,1781050191000,1781050191000,1781050191000,7000,0,0,0,,0,source=HyperEVM HyperBFT deterministic instant finality → t_hard_source=t_burn,
withdraw,154,,1781053865000,1781053872000,1781053865000,1781053865000,1781053865000,7000,0,0,0,,0,source=HyperEVM HyperBFT deterministic instant finality → t_hard_source=t_burn,
withdraw,155,,1781056415000,1781056422000,1781056415000,1781056415000,1781056415000,7000,0,0,0,,0,source=HyperEVM HyperBFT deterministic instant finality → t_hard_source=t_burn,
withdraw,156,,1781058685000,1781058694000,1781058685000,1781058685000,1781058685000,9000,0,0,0,,0,source=HyperEVM HyperBFT deterministic instant finality → t_hard_source=t_burn,
withdraw,157,,1781063572000,1781063578000,1781063572000,1781063572000,1781063572000,6000,0,0,0,,0,source=HyperEVM HyperBFT deterministic instant finality → t_hard_source=t_burn,
withdraw,158,,1781065790000,1781065798000,1781065790000,1781065790000,1781065790000,8000,0,0,0,,0,source=HyperEVM HyperBFT deterministic instant finality → t_hard_source=t_burn,
withdraw,159,,1781069529000,1781069536000,1781069529000,1781069529000,1781069529000,7000,0,0,0,,0,source=HyperEVM HyperBFT deterministic instant finality → t_hard_source=t_burn,
withdraw,160,,1781070358000,1781070364000,1781070358000,1781070358000,1781070358000,6000,0,0,0,,0,source=HyperEVM HyperBFT deterministic instant finality → t_hard_source=t_burn,
withdraw,161,,1781073655000,1781073662000,1781073655000,1781073655000,1781073655000,7000,0,0,0,,0,source=HyperEVM HyperBFT deterministic instant finality → t_hard_source=t_burn,
withdraw,162,,1781078049000,1781078055000,1781078049000,1781078049000,1781078049000,6000,0,0,0,,0,source=HyperEVM HyperBFT deterministic instant finality → t_hard_source=t_burn,
withdraw,163,,1781081800000,1781081805000,1781081800000,1781081800000,1781081800000,5000,0,0,0,,0,source=HyperEVM HyperBFT deterministic instant finality → t_hard_source=t_burn,
withdraw,164,,1781084022000,1781084028000,1781084022000,1781084022000,1781084022000,6000,0,0,0,,0,source=HyperEVM HyperBFT deterministic instant finality → t_hard_source=t_burn,
withdraw,165,,1781087424000,1781087430000,1781087424000,1781087424000,1781087424000,6000,0,0,0,,0,source=HyperEVM HyperBFT deterministic instant finality → t_hard_source=t_burn,
withdraw,166,,1781089291000,1781089299000,1781089291000,1781089291000,1781089291000,8000,0,0,0,,0,source=HyperEVM HyperBFT deterministic instant finality → t_hard_source=t_burn,
withdraw,167,,1781090624000,1781090632000,1781090624000,1781090624000,1781090624000,8000,0,0,0,,0,source=HyperEVM HyperBFT deterministic instant finality → t_hard_source=t_burn,
withdraw,168,,1781094039000,1781094046000,1781094039000,1781094039000,1781094039000,7000,0,0,0,,0,source=HyperEVM HyperBFT deterministic instant finality → t_hard_source=t_burn,
withdraw,169,,1781098265000,1781098273000,1781098265000,1781098265000,1781098265000,8000,0,0,0,,0,source=HyperEVM HyperBFT deterministic instant finality → t_hard_source=t_burn,
withdraw,170,,1781099768000,1781099775000,1781099768000,1781099768000,1781099768000,7000,0,0,0,,0,source=HyperEVM HyperBFT deterministic instant finality → t_hard_source=t_burn,
withdraw,171,,1781101292000,1781101299000,1781101292000,1781101292000,1781101292000,7000,0,0,0,,0,source=HyperEVM HyperBFT deterministic instant finality → t_hard_source=t_burn,
withdraw,172,,1781106871000,1781106878000,1781106871000,1781106871000,1781106871000,7000,0,0,0,,0,source=HyperEVM HyperBFT deterministic instant finality → t_hard_source=t_burn,
withdraw,173,,1781109821000,1781109828000,1781109821000,1781109821000,1781109821000,7000,0,0,0,,0,source=HyperEVM HyperBFT deterministic instant finality → t_hard_source=t_burn,
withdraw,174,,1781153967000,1781153973000,1781153967000,1781153967000,1781153967000,6000,0,0,0,,0,source=HyperEVM HyperBFT deterministic instant finality → t_hard_source=t_burn,
withdraw,175,,1781156028000,1781156034000,1781156028000,1781156028000,1781156028000,6000,0,0,0,,0,source=HyperEVM HyperBFT deterministic instant finality → t_hard_source=t_burn,
withdraw,176,,1781159409000,1781159418000,1781159409000,1781159409000,1781159409000,9000,0,0,0,,0,source=HyperEVM HyperBFT deterministic instant finality → t_hard_source=t_burn,
withdraw,177,,1781160645000,1781160652000,1781160645000,1781160645000,1781160645000,7000,0,0,0,,0,source=HyperEVM HyperBFT deterministic instant finality → t_hard_source=t_burn,
withdraw,178,,1781166218000,1781166225000,1781166218000,1781166218000,1781166218000,7000,0,0,0,,0,source=HyperEVM HyperBFT deterministic instant finality → t_hard_source=t_burn,
withdraw,179,,1781168046000,1781168052000,1781168046000,1781168046000,1781168046000,6000,0,0,0,,0,source=HyperEVM HyperBFT deterministic instant finality → t_hard_source=t_burn,
withdraw,180,,1781170916000,1781170923000,1781170916000,1781170916000,1781170916000,7000,0,0,0,,0,source=HyperEVM HyperBFT deterministic instant finality → t_hard_source=t_burn,
withdraw,181,,1781173869000,1781173876000,1781173869000,1781173869000,1781173869000,7000,0,0,0,,0,source=HyperEVM HyperBFT deterministic instant finality → t_hard_source=t_burn,
withdraw,182,,1781175100000,1781175105000,1781175100000,1781175100000,1781175100000,5000,0,0,0,,0,source=HyperEVM HyperBFT deterministic instant finality → t_hard_source=t_burn,
withdraw,183,,1781177783000,1781177790000,1781177783000,1781177783000,1781177783000,7000,0,0,0,,0,source=HyperEVM HyperBFT deterministic instant finality → t_hard_source=t_burn,
withdraw,184,,1781180780000,1781180787000,1781180780000,1781180780000,1781180780000,7000,0,0,0,,0,source=HyperEVM HyperBFT deterministic instant finality → t_hard_source=t_burn,
withdraw,185,,1781184618000,1781184624000,1781184618000,1781184618000,1781184618000,6000,0,0,0,,0,source=HyperEVM HyperBFT deterministic instant finality → t_hard_source=t_burn,
withdraw,186,,1781187016000,1781187022000,1781187016000,1781187016000,1781187016000,6000,0,0,0,,0,source=HyperEVM HyperBFT deterministic instant finality → t_hard_source=t_burn,
withdraw,187,,1781188242000,1781188248000,1781188242000,1781188242000,1781188242000,6000,0,0,0,,0,source=HyperEVM HyperBFT deterministic instant finality → t_hard_source=t_burn,
withdraw,188,,1781191132000,1781191170000,1781191132000,1781191132000,1781191132000,38000,0,0,0,,0,source=HyperEVM HyperBFT deterministic instant finality → t_hard_source=t_burn,
withdraw,189,,1781194289000,1781194296000,1781194289000,1781194289000,1781194289000,7000,0,0,0,,0,source=HyperEVM HyperBFT deterministic instant finality → t_hard_source=t_burn,
withdraw,190,,1781199396000,1781199402000,1781199396000,1781199396000,1781199396000,6000,0,0,0,,0,source=HyperEVM HyperBFT deterministic instant finality → t_hard_source=t_burn,
withdraw,191,,1781200523000,1781200529000,1781200523000,1781200523000,1781200523000,6000,0,0,0,,0,source=HyperEVM HyperBFT deterministic instant finality → t_hard_source=t_burn,
withdraw,192,,1781202908000,1781202915000,1781202908000,1781202908000,1781202908000,7000,0,0,0,,0,source=HyperEVM HyperBFT deterministic instant finality → t_hard_source=t_burn,
withdraw,193,,1781207960000,1781207967000,1781207960000,1781207960000,1781207960000,7000,0,0,0,,0,source=HyperEVM HyperBFT deterministic instant finality → t_hard_source=t_burn,
withdraw,194,,1781209402000,1781209407000,1781209402000,1781209402000,1781209402000,5000,0,0,0,,0,source=HyperEVM HyperBFT deterministic instant finality → t_hard_source=t_burn,
withdraw,195,,1781212326000,1781212332000,1781212326000,1781212326000,1781212326000,6000,0,0,0,,0,source=HyperEVM HyperBFT deterministic instant finality → t_hard_source=t_burn,
withdraw,196,,1781215329000,1781215336000,1781215329000,1781215329000,1781215329000,7000,0,0,0,,0,source=HyperEVM HyperBFT deterministic instant finality → t_hard_source=t_burn,
withdraw,197,,1781219843000,1781219850000,1781219843000,1781219843000,1781219843000,7000,0,0,0,,0,source=HyperEVM HyperBFT deterministic instant finality → t_hard_source=t_burn,
withdraw,198,,1781221005000,1781221012000,1781221005000,1781221005000,1781221005000,7000,0,0,0,,0,source=HyperEVM HyperBFT deterministic instant finality → t_hard_source=t_burn,
withdraw,199,,1781224968000,1781224974000,1781224968000,1781224968000,1781224968000,6000,0,0,0,,0,source=HyperEVM HyperBFT deterministic instant finality → t_hard_source=t_burn,
withdraw,200,,1781226418000,1781226423000,1781226418000,1781226418000,1781226418000,5000,0,0,0,,0,source=HyperEVM HyperBFT deterministic instant finality → t_hard_source=t_burn,
withdraw,201,,1781230105000,1781230114000,1781230105000,1781230105000,1781230105000,9000,0,0,0,,0,source=HyperEVM HyperBFT deterministic instant finality → t_hard_source=t_burn,
withdraw,202,,1781231662000,1781231668000,1781231662000,1781231662000,1781231662000,6000,0,0,0,,0,source=HyperEVM HyperBFT deterministic instant finality → t_hard_source=t_burn,
withdraw,203,,1781235036000,1781235042000,1781235036000,1781235036000,1781235036000,6000,0,0,0,,0,source=HyperEVM HyperBFT deterministic instant finality → t_hard_source=t_burn,
withdraw,204,,1781236396000,1781236401000,1781236396000,1781236396000,1781236396000,5000,0,0,0,,0,source=HyperEVM HyperBFT deterministic instant finality → t_hard_source=t_burn,
withdraw,205,,1781239871000,1781239877000,1781239871000,1781239871000,1781239871000,6000,0,0,0,,0,source=HyperEVM HyperBFT deterministic instant finality → t_hard_source=t_burn,
withdraw,206,,1781241823000,1781241830000,1781241823000,1781241823000,1781241823000,7000,0,0,0,,0,source=HyperEVM HyperBFT deterministic instant finality → t_hard_source=t_burn,
withdraw,207,,1781243753000,1781243759000,1781243753000,1781243753000,1781243753000,6000,0,0,0,,0,source=HyperEVM HyperBFT deterministic instant finality → t_hard_source=t_burn,
withdraw,208,,1781244925000,1781244934000,1781244925000,1781244925000,1781244925000,9000,0,0,0,,0,source=HyperEVM HyperBFT deterministic instant finality → t_hard_source=t_burn,
withdraw,209,,1781247348000,1781247354000,1781247348000,1781247348000,1781247348000,6000,0,0,0,,0,source=HyperEVM HyperBFT deterministic instant finality → t_hard_source=t_burn,
withdraw,210,,1781250762000,1781250768000,1781250762000,1781250762000,1781250762000,6000,0,0,0,,0,source=HyperEVM HyperBFT deterministic instant finality → t_hard_source=t_burn,
