model,system,lambda,c,rho_perserver,rho_offered,Wq_mean_s,Wq_lo_s,Wq_hi_s,Lq_mean,Lq_lo,Lq_hi,P_wait,P_wait_gt2p5,Wq_p95_s
A_pooled,mixture,0.005592,1,0.03,0.03,0.09834,0.09632,0.10107,0.00055,0.00054,0.00057,0.02973,0.01628,0.0
A_pooled,mixture,0.013047,1,0.07,0.07,0.24118,0.23968,0.24277,0.00315,0.00313,0.00317,0.06999,0.03936,1.62081
A_pooled,mixture,0.020503,1,0.11,0.11,0.39679,0.39481,0.39909,0.00814,0.00809,0.00818,0.11022,0.06336,3.26826
A_pooled,mixture,0.027959,1,0.15,0.15,0.56712,0.56474,0.56949,0.01586,0.01579,0.01592,0.15058,0.08909,4.43541
A_pooled,mixture,0.035414,1,0.19,0.19,0.75547,0.7534,0.75679,0.02675,0.02668,0.0268,0.19077,0.11599,5.5561
A_pooled,mixture,0.04287,1,0.23,0.23,0.96344,0.95878,0.96685,0.0413,0.0411,0.04145,0.23059,0.14424,6.4632
A_pooled,mixture,0.050326,1,0.27,0.27,1.19372,1.18617,1.19908,0.06007,0.05969,0.06034,0.27056,0.17374,7.25171
A_pooled,mixture,0.057781,1,0.31,0.31,1.45074,1.44017,1.45736,0.08383,0.08321,0.08421,0.31044,0.20449,7.9904
A_pooled,mixture,0.065237,1,0.35,0.35,1.73982,1.72535,1.7486,0.1135,0.11256,0.11407,0.35055,0.23663,8.86852
A_pooled,mixture,0.072692,1,0.39,0.39,2.06676,2.05003,2.07672,0.15024,0.14902,0.15096,0.39043,0.2705,9.95257
A_pooled,mixture,0.080148,1,0.43,0.43,2.44102,2.42184,2.45264,0.19564,0.19411,0.19657,0.43057,0.30583,11.20094
A_pooled,mixture,0.087604,1,0.47,0.47,2.87171,2.84737,2.88585,0.25157,0.24944,0.25281,0.47105,0.34255,12.62634
A_pooled,mixture,0.095059,1,0.51,0.51,3.37384,3.34028,3.39329,0.32072,0.31752,0.32256,0.51088,0.38103,14.23616
A_pooled,mixture,0.102515,1,0.55,0.55,3.96578,3.92041,3.99296,0.40655,0.4019,0.40934,0.5513,0.42135,16.10156
A_pooled,mixture,0.109971,1,0.59,0.59,4.67242,4.61723,4.70697,0.51383,0.50776,0.51763,0.59113,0.46307,18.28401
A_pooled,mixture,0.117426,1,0.63,0.63,5.52904,5.46941,5.57418,0.64925,0.64225,0.65456,0.63131,0.50671,20.94882
A_pooled,mixture,0.124882,1,0.67,0.67,6.59547,6.52173,6.65447,0.82365,0.81445,0.83102,0.67142,0.55224,24.20227
A_pooled,mixture,0.132337,1,0.71,0.71,7.95801,7.87054,8.02973,1.05314,1.04157,1.06263,0.71138,0.59977,28.32146
A_pooled,mixture,0.139793,1,0.75,0.75,9.76546,9.65701,9.86765,1.36514,1.34998,1.37943,0.75145,0.64899,33.77912
A_pooled,mixture,0.147249,1,0.79,0.79,12.28957,12.14332,12.47233,1.80962,1.78809,1.83653,0.79151,0.70001,41.41271
A_pooled,mixture,0.154704,1,0.83,0.83,16.01969,15.81067,16.28606,2.47832,2.44598,2.51953,0.83174,0.75327,52.66093
A_pooled,mixture,0.16216,1,0.87,0.87,22.10324,21.47709,22.5551,3.58426,3.48272,3.65754,0.87179,0.80893,71.26097
A_pooled,mixture,0.169616,1,0.91,0.91,33.80839,32.28759,34.41515,5.73443,5.47648,5.83735,0.91183,0.86596,107.06289
A_pooled,mixture,0.177071,1,0.95,0.95,65.69954,58.19794,71.46951,11.6335,10.30518,12.6552,0.95204,0.92586,209.34997
A_pooled,mixture,0.011183,2,0.03,0.06,0.00327,0.00286,0.00373,4e-05,3e-05,4e-05,0.00168,0.0005,0.0
A_pooled,mixture,0.026095,2,0.07,0.14,0.01791,0.01714,0.01882,0.00047,0.00045,0.00049,0.00894,0.00278,0.0
A_pooled,mixture,0.041006,2,0.11,0.22,0.04384,0.04234,0.0456,0.0018,0.00174,0.00187,0.02114,0.00685,0.0
A_pooled,mixture,0.055917,2,0.15,0.3,0.08158,0.07957,0.08397,0.00456,0.00445,0.0047,0.03806,0.01298,0.0
A_pooled,mixture,0.070829,2,0.19,0.38,0.13153,0.12904,0.13452,0.00932,0.00914,0.00953,0.05909,0.02116,0.5154
A_pooled,mixture,0.08574,2,0.23,0.46,0.1945,0.19176,0.19837,0.01668,0.01644,0.01701,0.08397,0.03147,1.48218
A_pooled,mixture,0.100651,2,0.27,0.54,0.2718,0.26832,0.2763,0.02736,0.02701,0.02781,0.11209,0.044,2.22974
A_pooled,mixture,0.115562,2,0.31,0.62,0.36496,0.36052,0.37003,0.04218,0.04166,0.04276,0.14329,0.05936,2.8612
A_pooled,mixture,0.130474,2,0.35,0.7,0.47565,0.47008,0.4812,0.06206,0.06133,0.06278,0.1772,0.07726,3.46671
A_pooled,mixture,0.145385,2,0.39,0.78,0.60695,0.60005,0.6136,0.08824,0.08724,0.08921,0.21387,0.09797,4.0916
A_pooled,mixture,0.160296,2,0.43,0.86,0.76248,0.75322,0.77224,0.12222,0.12074,0.12379,0.25318,0.12179,4.79643
A_pooled,mixture,0.175207,2,0.47,0.94,0.94758,0.9344,0.96148,0.16602,0.16371,0.16846,0.29466,0.14948,5.52651
A_pooled,mixture,0.190119,2,0.51,1.02,1.16841,1.14951,1.18688,0.22214,0.21854,0.22565,0.33806,0.18026,6.29501
A_pooled,mixture,0.20503,2,0.55,1.1,1.43357,1.40691,1.45754,0.29392,0.28846,0.29884,0.38331,0.21529,7.15696
A_pooled,mixture,0.219941,2,0.59,1.18,1.7559,1.72049,1.78584,0.38619,0.37841,0.39278,0.43076,0.25467,8.18781
A_pooled,mixture,0.234852,2,0.63,1.26,2.15301,2.10484,2.19323,0.50564,0.49433,0.51509,0.47969,0.29886,9.47579
A_pooled,mixture,0.249764,2,0.67,1.34,2.65301,2.58611,2.70303,0.66263,0.64592,0.67512,0.53035,0.34779,11.05906
A_pooled,mixture,0.264675,2,0.71,1.42,3.30053,3.2022,3.36472,0.87357,0.84754,0.89056,0.58285,0.40259,13.10175
A_pooled,mixture,0.279586,2,0.75,1.5,4.16582,4.02403,4.25025,1.16471,1.12506,1.18831,0.63622,0.4626,15.82436
A_pooled,mixture,0.294497,2,0.79,1.58,5.38088,5.18716,5.51981,1.58466,1.52761,1.62557,0.691,0.52892,19.60901
A_pooled,mixture,0.309409,2,0.83,1.66,7.17272,6.87886,7.40818,2.2193,2.12838,2.29216,0.74665,0.60122,25.1122
A_pooled,mixture,0.32432,2,0.87,1.74,10.05097,9.58764,10.39498,3.25973,3.10946,3.3713,0.80423,0.68159,33.75307
A_pooled,mixture,0.339231,2,0.91,1.82,15.40228,14.62248,15.80533,5.22493,4.9604,5.36166,0.863,0.76917,49.88478
A_pooled,mixture,0.354143,2,0.95,1.9,29.54487,27.6112,31.51406,10.46309,9.7783,11.16047,0.92302,0.86641,92.57038
A_pooled,mixture,0.022367,4,0.03,0.12,1e-05,0.0,3e-05,0.0,0.0,0.0,1e-05,0.0,0.0
A_pooled,mixture,0.052189,4,0.07,0.28,0.00018,0.0001,0.00026,1e-05,1e-05,1e-05,0.00019,1e-05,0.0
A_pooled,mixture,0.082012,4,0.11,0.44,0.00123,0.00106,0.00144,0.0001,9e-05,0.00012,0.0011,0.0001,0.0
A_pooled,mixture,0.111834,4,0.15,0.6,0.0041,0.00369,0.00443,0.00046,0.00041,0.0005,0.00346,0.00037,0.0
A_pooled,mixture,0.141657,4,0.19,0.76,0.00989,0.00915,0.01034,0.0014,0.0013,0.00146,0.00794,0.00097,0.0
A_pooled,mixture,0.17148,4,0.23,0.92,0.01979,0.01857,0.02053,0.00339,0.00318,0.00352,0.01518,0.00204,0.0
A_pooled,mixture,0.201302,4,0.27,1.08,0.03495,0.03329,0.03616,0.00704,0.0067,0.00728,0.02562,0.00376,0.0
A_pooled,mixture,0.231125,4,0.31,1.24,0.05678,0.05459,0.05844,0.01312,0.01262,0.01351,0.03989,0.00656,0.0
A_pooled,mixture,0.260947,4,0.35,1.4,0.08694,0.08396,0.08909,0.02269,0.02191,0.02325,0.05825,0.01067,0.29411
A_pooled,mixture,0.29077,4,0.39,1.56,0.127,0.1232,0.13002,0.03693,0.03582,0.03781,0.08083,0.01625,0.90288
A_pooled,mixture,0.320592,4,0.43,1.72,0.1793,0.17448,0.1836,0.05748,0.05594,0.05886,0.10814,0.02404,1.44924
A_pooled,mixture,0.350415,4,0.47,1.88,0.24601,0.24083,0.25178,0.08621,0.08439,0.08823,0.1397,0.03434,1.94611
A_pooled,mixture,0.380237,4,0.51,2.04,0.33083,0.3255,0.33821,0.1258,0.12377,0.1286,0.17625,0.04793,2.4342
A_pooled,mixture,0.41006,4,0.55,2.2,0.43789,0.4298,0.44839,0.17956,0.17624,0.18387,0.21747,0.06546,2.94315
A_pooled,mixture,0.439882,4,0.59,2.36,0.57388,0.56254,0.58798,0.25244,0.24745,0.25864,0.2638,0.0879,3.52676
A_pooled,mixture,0.469705,4,0.63,2.52,0.74729,0.73191,0.7669,0.351,0.34378,0.36022,0.31457,0.116,4.19904
A_pooled,mixture,0.499527,4,0.67,2.68,0.97255,0.95293,1.0012,0.48581,0.47602,0.50012,0.3706,0.15203,5.00214
A_pooled,mixture,0.52935,4,0.71,2.84,1.27208,1.24604,1.31539,0.67337,0.65959,0.6963,0.43096,0.19657,6.02247
A_pooled,mixture,0.559172,4,0.75,3.0,1.6774,1.63943,1.73926,0.93796,0.91672,0.97255,0.49586,0.25088,7.34157
A_pooled,mixture,0.588995,4,0.79,3.16,2.24838,2.19107,2.33411,1.32428,1.29053,1.37478,0.56561,0.31894,9.15078
A_pooled,mixture,0.618817,4,0.83,3.32,3.10972,3.02298,3.24971,1.92435,1.87067,2.01098,0.63933,0.40249,11.88002
A_pooled,mixture,0.64864,4,0.87,3.48,4.52284,4.39027,4.75798,2.93369,2.8477,3.08622,0.7169,0.50321,16.30305
A_pooled,mixture,0.678463,4,0.91,3.64,7.16891,6.95452,7.58223,4.86384,4.71838,5.14426,0.79852,0.6238,24.26108
A_pooled,mixture,0.708285,4,0.95,3.8,13.94729,12.95211,15.59105,9.87866,9.17378,11.04291,0.88459,0.76958,45.22601
A_pooled,mixture,0.044734,8,0.03,0.24,0.0,0.0,0.0,0.0,0.0,0.0,0.0,0.0,0.0
A_pooled,mixture,0.104379,8,0.07,0.56,0.0,0.0,0.0,0.0,0.0,0.0,0.0,0.0,0.0
A_pooled,mixture,0.164024,8,0.11,0.88,0.0,0.0,1e-05,0.0,0.0,0.0,0.0,0.0,0.0
A_pooled,mixture,0.223669,8,0.15,1.2,3e-05,0.0,5e-05,1e-05,0.0,1e-05,4e-05,0.0,0.0
A_pooled,mixture,0.283314,8,0.19,1.52,0.00015,7e-05,0.00023,4e-05,2e-05,7e-05,0.00021,0.0,0.0
A_pooled,mixture,0.342959,8,0.23,1.84,0.00049,0.00036,0.00057,0.00017,0.00012,0.0002,0.0006,1e-05,0.0
A_pooled,mixture,0.402604,8,0.27,2.16,0.0013,0.00105,0.0014,0.00052,0.00042,0.00056,0.00171,5e-05,0.0
A_pooled,mixture,0.462249,8,0.31,2.48,0.00306,0.00269,0.00324,0.00141,0.00125,0.0015,0.00392,0.00011,0.0
A_pooled,mixture,0.521894,8,0.35,2.8,0.0065,0.00609,0.00672,0.00339,0.00318,0.00351,0.00804,0.00026,0.0
A_pooled,mixture,0.581539,8,0.39,3.12,0.01256,0.01209,0.0129,0.00731,0.00703,0.0075,0.01491,0.00055,0.0
A_pooled,mixture,0.641184,8,0.43,3.44,0.02257,0.02211,0.02296,0.01447,0.01417,0.01472,0.02549,0.00109,0.0
A_pooled,mixture,0.700829,8,0.47,3.76,0.03811,0.03743,0.03869,0.02671,0.02623,0.02711,0.0404,0.00213,0.0
A_pooled,mixture,0.760474,8,0.51,4.08,0.06106,0.0598,0.06243,0.04643,0.04548,0.04747,0.06084,0.00392,0.23759
A_pooled,mixture,0.82012,8,0.55,4.4,0.09414,0.09255,0.09615,0.0772,0.0759,0.07885,0.0877,0.00704,0.69175
A_pooled,mixture,0.879765,8,0.59,4.72,0.14076,0.1383,0.14334,0.12384,0.12167,0.1261,0.1217,0.01206,1.12632
A_pooled,mixture,0.93941,8,0.63,5.04,0.20591,0.20243,0.20868,0.19343,0.19016,0.19604,0.1639,0.0202,1.55941
A_pooled,mixture,0.999055,8,0.67,5.36,0.29755,0.29203,0.30057,0.29727,0.29176,0.30029,0.21437,0.03337,2.02826
A_pooled,mixture,1.0587,8,0.71,5.68,0.42605,0.4169,0.43242,0.45106,0.44138,0.45781,0.27381,0.05328,2.58138
A_pooled,mixture,1.118345,8,0.75,6.0,0.60859,0.5934,0.62319,0.68062,0.66362,0.69695,0.34234,0.08365,3.28011
A_pooled,mixture,1.17799,8,0.79,6.32,0.87732,0.85561,0.89963,1.03347,1.0079,1.05976,0.42124,0.12805,4.2185
A_pooled,mixture,1.237635,8,0.83,6.64,1.28885,1.25892,1.31733,1.59513,1.55808,1.63037,0.50988,0.19494,5.56693
A_pooled,mixture,1.29728,8,0.87,6.96,1.97608,1.92081,2.01815,2.56353,2.49182,2.61811,0.60833,0.2912,7.79466
A_pooled,mixture,1.356925,8,0.91,7.28,3.33114,3.25042,3.42746,4.52011,4.41058,4.65081,0.71838,0.43371,12.02741
A_pooled,mixture,1.41657,8,0.95,7.6,7.02058,6.72296,7.55798,9.94515,9.52354,10.70641,0.83811,0.63679,23.18631
A_pooled,mixture,0.089468,16,0.03,0.48,0.0,0.0,0.0,0.0,0.0,0.0,0.0,0.0,0.0
A_pooled,mixture,0.208758,16,0.07,1.12,0.0,0.0,0.0,0.0,0.0,0.0,0.0,0.0,0.0
A_pooled,mixture,0.328048,16,0.11,1.76,0.0,0.0,0.0,0.0,0.0,0.0,0.0,0.0,0.0
A_pooled,mixture,0.447338,16,0.15,2.4,0.0,0.0,0.0,0.0,0.0,0.0,0.0,0.0,0.0
A_pooled,mixture,0.566628,16,0.19,3.04,0.0,0.0,0.0,0.0,0.0,0.0,0.0,0.0,0.0
A_pooled,mixture,0.685918,16,0.23,3.68,0.0,0.0,1e-05,0.0,0.0,0.0,0.0,0.0,0.0
A_pooled,mixture,0.805208,16,0.27,4.32,1e-05,0.0,2e-05,1e-05,0.0,2e-05,2e-05,0.0,0.0
A_pooled,mixture,0.924498,16,0.31,4.96,3e-05,1e-05,5e-05,3e-05,1e-05,5e-05,6e-05,0.0,0.0
A_pooled,mixture,1.043788,16,0.35,5.6,0.00012,7e-05,0.00016,0.00012,7e-05,0.00017,0.00028,0.0,0.0
A_pooled,mixture,1.163079,16,0.39,6.24,0.0004,0.00034,0.00048,0.00047,0.0004,0.00056,0.00087,0.0,0.0
A_pooled,mixture,1.282369,16,0.43,6.88,0.00114,0.00107,0.00126,0.00146,0.00138,0.00162,0.00228,0.0,0.0
A_pooled,mixture,1.401659,16,0.47,7.52,0.00278,0.00266,0.0031,0.0039,0.00373,0.00434,0.00517,1e-05,0.0
A_pooled,mixture,1.520949,16,0.51,8.16,0.00605,0.00569,0.0067,0.0092,0.00866,0.01019,0.01067,3e-05,0.0
A_pooled,mixture,1.640239,16,0.55,8.8,0.01219,0.01143,0.01318,0.02,0.01875,0.02162,0.02009,0.00013,0.0
A_pooled,mixture,1.759529,16,0.59,9.44,0.023,0.02178,0.02441,0.04048,0.03833,0.04294,0.03534,0.0004,0.0
A_pooled,mixture,1.878819,16,0.63,10.08,0.04096,0.03937,0.043,0.07696,0.07398,0.08079,0.05809,0.00104,0.1237
A_pooled,mixture,1.998109,16,0.67,10.72,0.06963,0.06747,0.07231,0.13913,0.13481,0.14448,0.0905,0.00253,0.50578
A_pooled,mixture,2.1174,16,0.71,11.36,0.11448,0.11116,0.11785,0.24239,0.23536,0.24955,0.13507,0.00545,0.89183
A_pooled,mixture,2.23669,16,0.75,12.0,0.18466,0.18056,0.18841,0.41302,0.40385,0.4214,0.19351,0.01152,1.30805
A_pooled,mixture,2.35598,16,0.79,12.64,0.29604,0.28986,0.299,0.69747,0.68291,0.70445,0.26918,0.02429,1.81858
A_pooled,mixture,2.47527,16,0.83,13.28,0.48019,0.46915,0.48763,1.18861,1.16128,1.20701,0.36322,0.05099,2.52231
A_pooled,mixture,2.59456,16,0.87,13.92,0.80206,0.77636,0.82154,2.081,2.01432,2.13155,0.47647,0.10615,3.6418
A_pooled,mixture,2.71385,16,0.91,14.56,1.4505,1.3992,1.4996,3.93645,3.79723,4.0697,0.61211,0.215,5.76584
A_pooled,mixture,2.83314,16,0.95,15.2,3.20072,3.08011,3.34816,9.06808,8.72639,9.4858,0.77142,0.43357,11.07699
B_dedicated,fast,0.008098,1,0.03,,0.05955,0.05773,0.0609,0.00048,0.00047,0.00049,0.02966,0.01035,0.0
B_dedicated,fast,0.018896,1,0.07,,0.14599,0.14383,0.14753,0.00276,0.00272,0.00279,0.07,0.02554,1.13439
B_dedicated,fast,0.029694,1,0.11,,0.24036,0.23805,0.24206,0.00714,0.00707,0.00719,0.11027,0.04248,2.21637
B_dedicated,fast,0.040492,1,0.15,,0.34334,0.34078,0.34484,0.0139,0.0138,0.01396,0.15034,0.06064,2.80678
B_dedicated,fast,0.05129,1,0.19,,0.45647,0.45344,0.45788,0.02341,0.02326,0.02348,0.19033,0.08072,3.24123
B_dedicated,fast,0.062088,1,0.23,,0.58156,0.57826,0.58471,0.03611,0.0359,0.0363,0.23039,0.10286,3.63684
B_dedicated,fast,0.072885,1,0.27,,0.72014,0.71685,0.72494,0.05249,0.05225,0.05284,0.27016,0.12671,4.02732
B_dedicated,fast,0.083683,1,0.31,,0.87499,0.87062,0.88124,0.07322,0.07286,0.07374,0.31031,0.15226,4.51472
B_dedicated,fast,0.094481,1,0.35,,1.04893,1.04196,1.05709,0.0991,0.09845,0.09988,0.35017,0.1798,5.15927
B_dedicated,fast,0.105279,1,0.39,,1.2461,1.2355,1.25717,0.13119,0.13007,0.13235,0.39016,0.20929,5.83953
B_dedicated,fast,0.116077,1,0.43,,1.47154,1.45828,1.48433,0.17081,0.16927,0.1723,0.43031,0.24135,6.58954
B_dedicated,fast,0.126875,1,0.47,,1.73138,1.71476,1.7457,0.21967,0.21756,0.22149,0.47056,0.27565,7.4116
B_dedicated,fast,0.137672,1,0.51,,2.03429,2.01451,2.04865,0.28007,0.27734,0.28204,0.51104,0.3123,8.34485
B_dedicated,fast,0.14847,1,0.55,,2.39167,2.36908,2.40653,0.35509,0.35174,0.3573,0.55106,0.35161,9.47986
B_dedicated,fast,0.159268,1,0.59,,2.8178,2.79021,2.83601,0.44879,0.44439,0.45169,0.5912,0.39384,10.78669
B_dedicated,fast,0.170066,1,0.63,,3.33812,3.30344,3.36113,0.5677,0.5618,0.57161,0.63133,0.43847,12.39656
B_dedicated,fast,0.180864,1,0.67,,3.9849,3.9422,4.01881,0.72072,0.713,0.72686,0.67125,0.48592,14.39105
B_dedicated,fast,0.191662,1,0.71,,4.81215,4.77638,4.85572,0.9223,0.91545,0.93065,0.71101,0.53627,16.89981
B_dedicated,fast,0.202459,1,0.75,,5.90219,5.86564,5.95548,1.19495,1.18755,1.20574,0.75141,0.59003,20.1887
B_dedicated,fast,0.213257,1,0.79,,7.42634,7.39471,7.47958,1.58372,1.57698,1.59508,0.79157,0.64711,24.77929
B_dedicated,fast,0.224055,1,0.83,,9.65619,9.54256,9.74583,2.16352,2.13806,2.1836,0.83165,0.70698,31.48381
B_dedicated,fast,0.234853,1,0.87,,13.32153,12.97199,13.57217,3.1286,3.04651,3.18746,0.87162,0.77101,42.59025
B_dedicated,fast,0.245651,1,0.91,,20.58176,19.61498,21.31688,5.05592,4.81843,5.23651,0.91164,0.8384,65.77139
B_dedicated,fast,0.256449,1,0.95,,40.50508,35.71269,43.82887,10.38747,9.15847,11.23985,0.95171,0.90892,126.89061
B_dedicated,fast,0.016197,2,0.03,,0.00213,0.0019,0.00242,3e-05,3e-05,4e-05,0.00165,0.00018,0.0
B_dedicated,fast,0.037792,2,0.07,,0.01152,0.01107,0.01225,0.00044,0.00042,0.00046,0.00899,0.00107,0.0
B_dedicated,fast,0.059388,2,0.11,,0.02827,0.02747,0.02941,0.00168,0.00163,0.00175,0.02106,0.00278,0.0
B_dedicated,fast,0.080984,2,0.15,,0.05206,0.05065,0.05392,0.00422,0.0041,0.00437,0.03779,0.00548,0.0
B_dedicated,fast,0.102579,2,0.19,,0.08329,0.08116,0.08583,0.00854,0.00833,0.0088,0.05869,0.0093,0.33262
B_dedicated,fast,0.124175,2,0.23,,0.12257,0.11983,0.12548,0.01522,0.01488,0.01558,0.08316,0.01434,0.99801
B_dedicated,fast,0.145771,2,0.27,,0.17043,0.16724,0.17365,0.02484,0.02438,0.02531,0.11087,0.02104,1.49246
B_dedicated,fast,0.167366,2,0.31,,0.22782,0.22406,0.23163,0.03813,0.0375,0.03877,0.14195,0.02949,1.89208
B_dedicated,fast,0.188962,2,0.35,,0.29579,0.29127,0.30026,0.05589,0.05504,0.05674,0.17538,0.04004,2.23927
B_dedicated,fast,0.210558,2,0.39,,0.37627,0.37099,0.38184,0.07923,0.07811,0.0804,0.21169,0.05295,2.5688
B_dedicated,fast,0.232153,2,0.43,,0.47145,0.46485,0.4787,0.10945,0.10792,0.11113,0.25043,0.06887,2.90262
B_dedicated,fast,0.253749,2,0.47,,0.58439,0.5757,0.59341,0.14829,0.14608,0.15058,0.2913,0.08806,3.26651
B_dedicated,fast,0.275345,2,0.51,,0.71874,0.70685,0.73,0.1979,0.19463,0.201,0.33455,0.11121,3.69438
B_dedicated,fast,0.29694,2,0.55,,0.88022,0.86439,0.89471,0.26137,0.25667,0.26568,0.38024,0.13853,4.23624
B_dedicated,fast,0.318536,2,0.59,,1.07751,1.05668,1.09517,0.34323,0.33659,0.34885,0.42752,0.17146,4.90325
B_dedicated,fast,0.340132,2,0.63,,1.32005,1.293,1.34137,0.44899,0.43979,0.45624,0.47645,0.20978,5.69922
B_dedicated,fast,0.361727,2,0.67,,1.62545,1.5905,1.65043,0.58797,0.57533,0.59701,0.52711,0.25463,6.65935
B_dedicated,fast,0.383323,2,0.71,,2.01814,1.96986,2.05386,0.7736,0.75509,0.78729,0.57915,0.30624,7.89266
B_dedicated,fast,0.404919,2,0.75,,2.54114,2.4738,2.60034,1.02895,1.00169,1.05293,0.63342,0.36637,9.52227
B_dedicated,fast,0.426514,2,0.79,,3.26953,3.17825,3.36786,1.3945,1.35557,1.43644,0.68882,0.4361,11.75061
B_dedicated,fast,0.44811,2,0.83,,4.35886,4.24072,4.51727,1.95325,1.90031,2.02423,0.74569,0.5159,15.13402
B_dedicated,fast,0.469706,2,0.87,,6.1199,5.88184,6.34174,2.87455,2.76274,2.97875,0.80316,0.60721,20.46784
B_dedicated,fast,0.491301,2,0.91,,9.40165,8.86335,9.70594,4.61904,4.35458,4.76854,0.862,0.7101,30.39488
B_dedicated,fast,0.512897,2,0.95,,17.92076,16.41059,18.49998,9.19151,8.41695,9.48858,0.92227,0.82847,55.35429
B_dedicated,slow,0.003662,1,0.03,,0.12859,0.12574,0.13152,0.00047,0.00046,0.00048,0.02977,0.02092,0.0
B_dedicated,slow,0.008544,1,0.07,,0.31458,0.31118,0.31804,0.00269,0.00266,0.00272,0.07001,0.04987,2.48433
B_dedicated,slow,0.013427,1,0.11,,0.51752,0.51499,0.52077,0.00695,0.00691,0.00699,0.11012,0.07962,4.84658
B_dedicated,slow,0.018309,1,0.15,,0.73868,0.73505,0.74281,0.01352,0.01346,0.0136,0.15016,0.11018,6.06354
B_dedicated,slow,0.023192,1,0.19,,0.98203,0.97777,0.98618,0.02277,0.02268,0.02287,0.19028,0.14177,6.946
B_dedicated,slow,0.028074,1,0.23,,1.25116,1.24387,1.25616,0.03513,0.03492,0.03527,0.22998,0.1742,7.71935
B_dedicated,slow,0.032956,1,0.27,,1.55007,1.53832,1.55885,0.05108,0.0507,0.05137,0.2704,0.20742,8.51501
B_dedicated,slow,0.037839,1,0.31,,1.88397,1.86748,1.89639,0.07129,0.07066,0.07176,0.31036,0.24159,9.68703
B_dedicated,slow,0.042721,1,0.35,,2.25894,2.23847,2.27516,0.09651,0.09563,0.0972,0.35011,0.27688,11.06886
B_dedicated,slow,0.047604,1,0.39,,2.68364,2.65665,2.70224,0.12775,0.12647,0.12864,0.3902,0.31305,12.54647
B_dedicated,slow,0.052486,1,0.43,,3.16935,3.13459,3.18981,0.16635,0.16452,0.16742,0.43018,0.35032,14.10104
B_dedicated,slow,0.057369,1,0.47,,3.7289,3.68355,3.7518,0.21392,0.21132,0.21524,0.4704,0.3885,15.85038
B_dedicated,slow,0.062251,1,0.51,,4.3811,4.327,4.40566,0.27273,0.26936,0.27426,0.51064,0.42787,17.90681
B_dedicated,slow,0.067134,1,0.55,,5.14727,5.08309,5.17396,0.34555,0.34125,0.34735,0.55046,0.46865,20.3136
B_dedicated,slow,0.072016,1,0.59,,6.065,5.98463,6.10305,0.43678,0.43099,0.43952,0.59062,0.50988,23.15807
B_dedicated,slow,0.076898,1,0.63,,7.18809,7.08931,7.24171,0.55275,0.54516,0.55688,0.63068,0.55259,26.63347
B_dedicated,slow,0.081781,1,0.67,,8.57851,8.45917,8.64925,0.70156,0.6918,0.70734,0.67073,0.59594,30.91711
B_dedicated,slow,0.086663,1,0.71,,10.34863,10.20891,10.44321,0.89685,0.88474,0.90504,0.71107,0.64072,36.29221
B_dedicated,slow,0.091546,1,0.75,,12.6953,12.53909,12.79925,1.1622,1.1479,1.17172,0.75069,0.68695,43.37285
B_dedicated,slow,0.096428,1,0.79,,15.96215,15.77777,16.12577,1.5392,1.52142,1.55498,0.79089,0.7339,53.21384
B_dedicated,slow,0.101311,1,0.83,,20.78201,20.41499,21.17412,2.10544,2.06826,2.14516,0.83102,0.78257,67.62595
B_dedicated,slow,0.106193,1,0.87,,28.60259,27.66182,29.48071,3.0374,2.93749,3.13065,0.87112,0.83182,91.43068
B_dedicated,slow,0.111076,1,0.91,,43.99252,41.48961,45.98704,4.88649,4.60848,5.10804,0.91119,0.88255,139.69176
B_dedicated,slow,0.115958,1,0.95,,86.1992,74.365,92.60895,9.99549,8.62322,10.73875,0.95131,0.93464,273.16473
B_dedicated,slow,0.007324,2,0.03,,0.00471,0.00399,0.00536,3e-05,3e-05,4e-05,0.00169,0.00085,0.0
B_dedicated,slow,0.017089,2,0.07,,0.02531,0.02404,0.02696,0.00043,0.00041,0.00046,0.00887,0.00443,0.0
B_dedicated,slow,0.026853,2,0.11,,0.06121,0.05993,0.06365,0.00164,0.00161,0.00171,0.02094,0.01068,0.0
B_dedicated,slow,0.036618,2,0.15,,0.11267,0.11072,0.11625,0.00413,0.00405,0.00426,0.03776,0.01961,0.0
B_dedicated,slow,0.046383,2,0.19,,0.18016,0.17792,0.18439,0.00836,0.00825,0.00855,0.0584,0.03118,0.7148
B_dedicated,slow,0.056148,2,0.23,,0.26469,0.2617,0.26961,0.01486,0.01469,0.01514,0.08295,0.04547,2.16445
B_dedicated,slow,0.065913,2,0.27,,0.36783,0.36444,0.37269,0.02424,0.02402,0.02456,0.11093,0.06244,3.24581
B_dedicated,slow,0.075678,2,0.31,,0.49161,0.48719,0.49679,0.0372,0.03687,0.0376,0.14156,0.08228,4.1199
B_dedicated,slow,0.085443,2,0.35,,0.63844,0.63288,0.64404,0.05455,0.05408,0.05503,0.17516,0.10471,4.86843
B_dedicated,slow,0.095208,2,0.39,,0.812,0.80516,0.81781,0.07731,0.07666,0.07786,0.21115,0.13038,5.56397
B_dedicated,slow,0.104973,2,0.43,,1.01666,1.00825,1.02367,0.10672,0.10584,0.10746,0.24987,0.15853,6.25251
B_dedicated,slow,0.114737,2,0.47,,1.25984,1.24817,1.27063,0.14455,0.14321,0.14579,0.29102,0.19015,7.00877
B_dedicated,slow,0.124502,2,0.51,,1.55005,1.53425,1.56551,0.19298,0.19102,0.19491,0.33436,0.22502,7.90812
B_dedicated,slow,0.134267,2,0.55,,1.89894,1.87832,1.92255,0.25497,0.2522,0.25813,0.37977,0.26365,9.11434
B_dedicated,slow,0.144032,2,0.59,,2.32246,2.29174,2.36087,0.33451,0.33008,0.34004,0.42693,0.30588,10.57763
B_dedicated,slow,0.153797,2,0.63,,2.84459,2.79978,2.89751,0.43749,0.4306,0.44563,0.47572,0.35231,12.25858
B_dedicated,slow,0.163562,2,0.67,,3.50043,3.43711,3.5664,0.57254,0.56218,0.58333,0.52615,0.40244,14.31566
B_dedicated,slow,0.173327,2,0.71,,4.34929,4.2626,4.43626,0.75385,0.73882,0.76892,0.57851,0.45696,16.97923
B_dedicated,slow,0.183092,2,0.75,,5.48141,5.35943,5.59829,1.0036,0.98127,1.025,0.63266,0.5158,20.4925
B_dedicated,slow,0.192856,2,0.79,,7.04973,6.87675,7.24711,1.35959,1.32623,1.39765,0.68804,0.57978,25.38817
B_dedicated,slow,0.202621,2,0.83,,9.37279,9.09842,9.71091,1.89913,1.84353,1.96764,0.74484,0.64809,32.53978
B_dedicated,slow,0.212386,2,0.87,,13.13732,12.6285,13.61822,2.79019,2.68212,2.89232,0.80263,0.72137,43.83617
B_dedicated,slow,0.222151,2,0.91,,20.17907,19.23156,20.9341,4.4828,4.27231,4.65053,0.86183,0.80013,65.165
B_dedicated,slow,0.231916,2,0.95,,38.48457,35.79374,39.92971,8.92519,8.30114,9.26034,0.92209,0.88458,117.86849
A_pooled_oppoint_arb,mixture,0.05039,1,0.2703,0.2703,1.19583,1.18826,1.20121,0.06026,0.05988,0.06053,0.27088,0.174,7.25912
A_pooled_oppoint_arb,mixture,0.05039,2,0.1352,0.2703,0.06618,0.06432,0.06827,0.00333,0.00324,0.00344,0.03138,0.01039,0.0
A_pooled_oppoint_arb,mixture,0.05039,4,0.0676,0.2703,0.00016,8e-05,0.00023,1e-05,0.0,1e-05,0.00016,1e-05,0.0
A_pooled_oppoint_arb,mixture,0.05039,8,0.0338,0.2703,0.0,0.0,0.0,0.0,0.0,0.0,0.0,0.0,0.0
A_pooled_oppoint_arb,mixture,0.05039,16,0.0169,0.2703,0.0,0.0,0.0,0.0,0.0,0.0,0.0,0.0,0.0
B_dedicated_oppoint_arb,fast,0.031746,1,0.1176,,0.25922,0.25695,0.26078,0.00823,0.00816,0.00828,0.11793,0.04574,2.35001
B_dedicated_oppoint_arb,fast,0.031746,2,0.0588,,0.0081,0.00763,0.00875,0.00026,0.00024,0.00028,0.0064,0.00076,0.0
B_dedicated_oppoint_arb,slow,0.018644,1,0.1527,,0.75465,0.75103,0.75878,0.01407,0.014,0.01415,0.15299,0.11238,6.13073
B_dedicated_oppoint_arb,slow,0.018644,2,0.0764,,0.03002,0.02882,0.03183,0.00056,0.00054,0.00059,0.01047,0.0053,0.0
A_pooled_oppoint_3chain,mixture,0.06881,1,0.3692,0.3692,1.89112,1.87515,1.90054,0.13013,0.12903,0.13078,0.36959,0.25254,9.36849
A_pooled_oppoint_3chain,mixture,0.06881,2,0.1846,0.3692,0.12403,0.12156,0.12693,0.00853,0.00836,0.00873,0.05602,0.01992,0.35383
A_pooled_oppoint_3chain,mixture,0.06881,4,0.0923,0.3692,0.00061,0.00047,0.00076,4e-05,3e-05,5e-05,0.00056,5e-05,0.0
A_pooled_oppoint_3chain,mixture,0.06881,8,0.0461,0.3692,0.0,0.0,0.0,0.0,0.0,0.0,0.0,0.0,0.0
A_pooled_oppoint_3chain,mixture,0.06881,16,0.0231,0.3692,0.0,0.0,0.0,0.0,0.0,0.0,0.0,0.0,0.0
B_dedicated_oppoint_3chain,fast,0.04335,1,0.1606,,0.3722,0.36959,0.37375,0.01613,0.01602,0.0162,0.16097,0.06584,2.92977
B_dedicated_oppoint_3chain,fast,0.04335,2,0.0803,,0.0152,0.01473,0.01601,0.00066,0.00064,0.00069,0.01176,0.00143,0.0
B_dedicated_oppoint_3chain,slow,0.02546,1,0.2086,,1.10369,1.09855,1.10776,0.0281,0.02797,0.0282,0.2087,0.15657,7.32508
B_dedicated_oppoint_3chain,slow,0.02546,2,0.1043,,0.05519,0.05399,0.0575,0.00141,0.00137,0.00146,0.01895,0.00966,0.0
