bridge,experiment_id,arb_block_number,t1_ms,t2_ms,t3_ms,confirmations,old_l1_block,old_tsafe_s,batch_seq,new_l1_block,new_tsafe_s,new_l1_tx
cctp,1,469169954,1780377727000,1780377731180,1780377733040,13,25227578,1780377743,1258392,25227592,1780377911,0x6e5f4fa3d39222be29b9559b16f93656b452589626fef982b3e64e65381603d5
cctp,2,470186616,1780631760000,1780631764141,1780631766015,12,25248635,1780631771,1261362,25248641,1780631843,0x137e1e0f042724fffa46ddffed02afbdc7d898ddc5388270353515272ef98c69
cctp,3,470195903,1780634077000,1780634084659,1780634084042,27,25248830,1780634123,1261391,25248830,1780634123,0xbfe2ecb30d0e00d977b657bb031b251d2bbc4faf7fb2a373cc7a363f7bc849d0
cctp,4,470199195,1780634901000,1780634905947,1780634910069,15,25248903,1780634999,1261399,25248903,1780634999,0x3cc53d2c4e439dcac689f64ad45f7af3df1080e1025dfb464881410d9768487a
cctp,5,470202575,1780635747000,1780635755952,1780635758037,31,25248967,1780635767,1261409,25248967,1780635767,0x5b419e51181f212ef40f58d69c1ef0b5c7f0ae126e83166894de37c594cc451e
cctp,6,470205592,1780636500000,1780636504110,1780636506027,12,25249034,1780636571,1261417,25249034,1780636571,0xa2ec92a885f1c9be36816c4fcda51890a94e9d5156a88439e49b7aa0469e8b79
cctp,7,470214240,1780638658000,1780638661206,1780638664009,10,25249212,1780638719,1261449,25249212,1780638719,0xbb9fe4313ffcc4fca3ae86a48fc009405112092516fbc1f4f66b815ea06196d1
cctp,8,470222975,1780640833000,1780640843598,1780640843084,38,25249388,1780640855,1261510,25249408,1780641095,0x72a6484815de743c3ad56ffbf8fd2e40a7da3503019043ca953135f45842d2cf
cctp,9,470227838,1780642037000,1780642041570,1780642044019,11,25249487,1780642043,1261536,25249490,1780642079,0x6966638147fa2341cc31efc7f7e337d8911494f48d9fb3c2f4778357945ebd75
cctp,10,470235186,1780643869000,1780643873149,1780643875023,11,25249640,1780643891,1261574,25249640,1780643891,0x6e65d6105f322a7e0e15842d5e345df94dc592910dbf80b759deaba797287bcf
cctp,11,470243446,1780645924000,1780645931853,1780645935041,25,25249809,1780645931,1261613,25249815,1780646003,0x94bee577ef23f5e4fb022141e048c5ffb2c939410f88ce49744a868f53296c03
cctp,12,470250161,1780647598000,1780647603177,1780647606036,17,25249946,1780647623,1261636,25249946,1780647623,0xc475a9db5dacae84272a3ee5b3d39da15c5c100d5e35f02403f16045408ccead
cctp,13,470257545,1780649440000,1780649448156,1780649451017,28,25250100,1780649483,1261658,25250100,1780649483,0x6263211042fa1ab9b219b60b299279c20da92b354c45fa58cf4043d8b3df2cb8
cctp,14,470260290,1780650124000,1780650132618,1780650135074,30,25250154,1780650143,1261667,25250154,1780650143,0x5fa921376915f4051f5e5d17567f12d7719f444bb057a05720d948306e02bd38
cctp,15,470283888,1780656013000,1780656017051,1780656020066,11,25250646,1780656095,1261739,25250646,1780656095,0xf731bda3229d74b9e722858df43ca6c6bf0fc0f705bcc6e7e19228ab76434dbc
cctp,16,470293143,1780658324000,1780658332285,1780658334031,28,25250834,1780658387,1261764,25250834,1780658387,0x144f736ef657a07bd3565df2d58d3469f2031b95ac3cad3b5a3f6b22a1481eae
cctp,17,470310681,1780662700000,1780662703958,1780662706038,13,25251191,1780662695,1261836,25251193,1780662719,0xe68a17ed6af01cad3395fc7b5ba16e88cd05e319fa9316522a54b4f160ec22bb
cctp,18,470313877,1780663496000,1780663504345,1780663507029,30,25251259,1780663523,1261851,25251259,1780663523,0x04115df19b47b020f0c7f366c69795ffdcfafccf864e671790eb00a719e76868
cctp,19,470334050,1780668516000,1780668524371,1780668604090,32,25251680,1780668575,1261974,25251694,1780668743,0xb8aab69bf1e03ec4a0cac65404c04ff55bbaa040770d769609c8c958b7062617
cctp,20,470338878,1780669713000,1780669718542,1780669720004,9,25251773,1780669703,1262008,25251778,1780669763,0x9059138d858d4db131412905916086848df87a6ec3ed45d8c9064d621b994a10
cctp,21,470360539,1780675097000,1780675101313,1780675104025,8,25252221,1780675091,1262152,25252225,1780675139,0x884f17c3b433caf8881e9583820d9077cb8de7f04e996b5c9e47803e7cef1666
cctp,22,470366047,1780676468000,1780676472388,1780676475028,12,25252338,1780676495,1262211,25252360,1780676759,0xebc876168d255de337e4f4848027c85805ed805e6c9c1ca752b7e7374109ba38
cctp,23,470375102,1780678713000,1780678716766,1780678719014,11,25252526,1780678751,1262266,25252526,1780678751,0xaa723ff15a7efc240cb2a379f8c82a8233133b4fd7e4687580c0750516f9b066
cctp,24,470388055,1780681939000,1780681943035,1780681946034,14,25252796,1780682003,1262324,25252796,1780682003,0x9dab24a6dcdc4790aeeb4cbc2f6062f91377b5709c42e7d59860fe8c1f1ad675
cctp,25,470396356,1780684007000,1780684015600,1780684014018,29,25252967,1780684091,1262359,25252967,1780684091,0x12b36e996b145f7348914559dc2bb0591435c22e3f1d538141ba10433fa75443
cctp,26,470402129,1780685444000,1780685452165,1780685454011,28,25253081,1780685471,1262387,25253081,1780685471,0x2777859149c5a26de766895ba3dbd518eecb5ae37ddb4aa30a89a68daf1c3030
cctp,27,470422410,1780690488000,1780690496721,1780690499056,31,25253502,1780690535,1262513,25253502,1780690535,0xb80ef9c738af00a2274ea03f30d0cfc19a964ad315ab4b51cb0fecd1ae2e3a1c
cctp,28,470427399,1780691728000,1780691736618,1780691739034,28,25253606,1780691783,1262542,25253606,1780691783,0x17fdb523239fd946dd993b705eb827ba84325da7f148f1ef3f009f4a8709029b
cctp,29,470439572,1780694758000,1780694761353,1780694764005,10,25253855,1780694783,1262603,25253855,1780694783,0xd00aa0c280eedf5a37700c61250bf70b2c9bfa09ab1fb7eba02ee3f7db5e10a2
cctp,30,470453266,1780698175000,1780698178745,1780698182003,14,25254134,1780698167,1262651,25254140,1780698239,0xbb71c640b57b6401e3cdd149de7cbee5a62a4a248b847defe7ba653cf449b3cd
cctp,31,470465944,1780701339000,1780701342319,1780701346060,10,25254400,1780701371,1262694,25254400,1780701371,0x299c5e17a998220d49301d4f763907e377dd831d92155a13fe7e1472979d8411
cctp,32,470481213,1780705149000,1780705152663,1780705156066,10,25254715,1780705163,1262745,25254717,1780705187,0x46bb458d17f7f46e6ac1159abdfbc1f5cb461ce986436a6db6ab08dcf89363df
cctp,33,470489999,1780707346000,1780707353990,1780707356052,25,25254900,1780707383,1262766,25254900,1780707383,0x50b6b86760df66ee17badfb9f90ecc3bbef1b97020e0039ea66c9e73dc704ef4
cctp,34,470499799,1780709804000,1780709810787,1780709810016,23,25255099,1780709795,1262790,25255108,1780709903,0x171682d691e3f130ab97e985153aaf84c55859c961418537eedbbb99ad594cf5
cctp,35,470518112,1780714405000,1780714413325,1780714412049,32,25255494,1780714559,1262836,25255494,1780714559,0xb7cea24a74a6814eb4cc1c9e14a0038d6cd5a22eb8715ab0a231cc7a379de746
cctp,36,470529387,1780717232000,1780717234878,1780717238023,10,25255716,1780717247,1262866,25255722,1780717319,0x8b4f4d2e67be8eb7abb29fc657196a7abca00d29c5e1974a55fa36d4467dcc89
cctp,37,470537452,1780719249000,1780719252430,1780719256017,14,25255883,1780719263,1262892,25255887,1780719311,0x9ee078369e57612afe80430765b447f7990acefc85b0905debf4a371a24970b0
cctp,38,470545539,1780721265000,1780721273289,1780721277058,30,25256049,1780721267,1262940,25256055,1780721339,0x7c23a33dc17157b162d50834d23d667de000c876fb9be86d363ab1a70519ba3d
cctp,39,470559811,1780724815000,1780724819314,1780724822081,14,25256348,1780724855,1263015,25256348,1780724855,0x96bc998265c6531ddfb26df824a91c09655d369cb86a8029c5cbda5e270d1498
cctp,40,470565489,1780726230000,1780726233267,1780726237011,9,25256464,1780726247,1263036,25256464,1780726247,0xa10bbd3c79199c7fc7809a440cc003743c9d5b260bdd34842a7bd58423bca768
cctp,41,470582338,1780730448000,1780730451630,1780730454059,10,25256815,1780730471,1263085,25256815,1780730471,0xffdc60a29ecb03216167f835ee0c754c0cf696ec4fbe1d99c2b7b45feee6ebf4
cctp,42,470587120,1780731651000,1780731655043,1780731657001,12,25256919,1780731731,1263097,25256919,1780731731,0x75b82032f14d1cdc33de5a3843c068c235f75b69321e1659d61b6b6b3f7a2568
cctp,43,470596672,1780734055000,1780734061978,1780734061009,24,25257121,1780734155,1263118,25257121,1780734155,0xbacc49059fa009a0bcf7073dbfddf90118d08ee545568c50f1871131a94c1106
cctp,44,470609386,1780737236000,1780737238554,1780737241069,8,25257384,1780737311,1263152,25257384,1780737311,0x0b6e4391d3a9451b397a850dcca4937f602e51bf1a97d8fdd6e5e5cab51c52db
cctp,45,470619635,1780739812000,1780739814715,1780739818040,9,25257596,1780739867,1263178,25257596,1780739867,0x1d9397570d15e9ef46c9a8917de177f5a6e8aa8e82b31acdf8efef9b28d03344
cctp,46,470633141,1780743191000,1780743194765,1780743198036,12,25257879,1780743287,1263221,25257879,1780743287,0xf423c137d3d99ef0349bd01b42447b158d8a94fd3545491194fa77f08316af1e
cctp,47,470651801,1780747864000,1780747872672,1780747874015,32,25258263,1780747907,1263267,25258263,1780747907,0x600132398902fbf02607fc98638ae753a24b361eeee0f86c072b2a58c12a2a9d
cctp,48,470664230,1780750980000,1780750982566,1780750986008,9,25258529,1780751099,1263298,25258529,1780751099,0x090c1a89261b7072c47ea6f2e853d475174934595c70bc5b50f9f275139b8080
cctp,49,470669016,1780752180000,1780752184381,1780752186024,10,25258625,1780752251,1263309,25258625,1780752251,0xda84cfece727c69aac3c0957f1367e0097cc8f657f15a8f36d8bef7bf711d9b5
cctp,50,470687518,1780756806000,1780756809097,1780756812002,8,25259009,1780756859,1263355,25259009,1780756859,0x4f17bc8ffb06bdb85ec417f047e1346d3b144813ad5ce8171cc6191856f576d6
cctp,51,470692765,1780758116000,1780758124122,1780758127009,30,25259117,1780758155,1263366,25259117,1780758155,0xf6f97c379b5d2177787150a9594a59c4089cf61230a73c86e4ca2697eb576231
cctp,52,470704459,1780761043000,1780761050429,1780761050027,28,25259356,1780761047,1263400,25259363,1780761131,0x5de1c40248d57cfada67a77a19bd133788003f264354e0625922ac897a11191c
cctp,53,470722989,1780765686000,1780765689788,1780765693009,12,25259747,1780765751,1263442,25259747,1780765751,0x48e7355bf535f7f4e674ccd9a3a92ecfd84a9a8203fbad8f55fd3f99fa8e03fa
cctp,54,470729210,1780767245000,1780767248227,1780767252001,13,25259873,1780767263,1263455,25259873,1780767263,0x5e166a2ff954dc101e7d3b6c8085ddd6dfa1c4ff07bdab0770d73c6f39ddea94
cctp,55,470745997,1780771463000,1780771471961,1780771470003,32,25260223,1780771463,1263491,25260234,1780771595,0xd5a0ae3878165138ee200d4c968c2d82956537f27ab4716c8d1e60042eebe60d
cctp,56,470750779,1780772662000,1780772666416,1780772670050,17,25260322,1780772651,1263500,25260335,1780772807,0x8d8b8f935e28c33d7ed45b00869b0f2bc727dcb821f1533b5b33431813108294
cctp,57,470763619,1780775910000,1780775917594,1780775921043,29,25260602,1780776011,1263522,25260602,1780776011,0x23387624d9300a12ccb3829196f9a98d0502b2d694dd124e413edc6ff65ab1ec
cctp,58,470773497,1780778434000,1780778438202,1780778441036,15,25260816,1780778579,1263539,25260816,1780778579,0x182dd412e94289744883de1ee42200ed7c76783e1e465a21b0c4c367310bf26a
cctp,59,470788579,1780782235000,1780782242068,1780782242032,28,25261127,1780782323,1263575,25261127,1780782323,0x0ede211657ac3308f3dd0db0cff3f635158d8461c72a5e7174d078611a756c57
cctp,60,470793317,1780783435000,1780783437905,1780783443013,12,25261219,1780783427,1263583,25261228,1780783535,0x6549455b3b22ed50dc93662f0124ab2141702e2f04bdecc3530f31e013ec4bd2
cctp,61,470809233,1780787509000,1780787517890,1780787521010,32,25261560,1780787519,1263609,25261560,1780787519,0x07ecd61b33a437034cccd7d107eeee9706e960787b87559d40bfde2e946e6b2f
cctp,62,470821278,1780790577000,1780790585157,1780790583062,35,25261816,1780790603,1263628,25261816,1780790603,0x83a4c7364f1fcbcea19f4cfc2f9d8aeeecf5070a1eb7b8f006627a20345477d6
cctp,63,470835301,1780794127000,1780794130588,1780794134065,13,25262108,1780794167,1263652,25262108,1780794167,0x6ee5bd50f7b8bd4b584414db2e288b4e84ae5812eefa524217aac7ba29a78eb8
cctp,64,470850672,1780797975000,1780797978797,1780797982033,14,25262427,1780797995,1263699,25262427,1780797995,0x9c457297b8e13353acefc6fc4cfa3ac808da6dce36c14136fa6cbf2ffa3a8afc
cctp,65,470862610,1780800962000,1780800965960,1780800968008,15,25262673,1780800983,1263726,25262673,1780800983,0xcb04de77141e719397ab1f3fb29a825021d94c8e2570c2a5a39d6ddc3ec649c4
cctp,66,470869856,1780802791000,1780802794558,1780802797021,11,25262831,1780802879,1263742,25262831,1780802879,0xcd6cffc66ab942b921a9b72da7249f43e540f5c8c0aa6f05ba85b4288f3fb1b9
cctp,67,470878807,1780805059000,1780805062710,1780805065045,9,25263020,1780805159,1263759,25263020,1780805159,0x83ce2f96e9ae2c5d651e253edc6c2fa699777e7af235bb91916dfae09fe3579d
cctp,68,470890218,1780807946000,1780807952413,1780807957039,27,25263260,1780808039,1263782,25263260,1780808039,0x86bbf87880702395f86047e18277aae3a04057953b82a1badc824c80acc36097
cctp,69,470904636,1780811583000,1780811587392,1780811590065,12,25263555,1780811627,1263814,25263555,1780811627,0x79e8ac184946cc4df6402129bf08257f84327f4f55418987ae0a33800177207e
cctp,70,470909752,1780812879000,1780812882581,1780812886059,12,25263664,1780812935,1263824,25263664,1780812935,0x5df59e63b58d3675a7150cdf8e0335b40d5afb6ad58c05b424731b5d3aee1622
cctp,71,470923067,1780816210000,1780816213502,1780816217007,11,25263941,1780816271,1263860,25263941,1780816271,0x3dbfe0ce7ad6ed9e79ef301ed957d1a2173dbdf80ba0b49215de2f1df85f97d0
cctp,72,470935964,1780819453000,1780819462253,1780819465015,31,25264210,1780819499,1263886,25264210,1780819499,0x46e9d96961c821a4fb7f0fe4cf62f10b848837ae869da924375a50e130eb9100
cctp,73,470943757,1780821410000,1780821418970,1780821421021,36,25264368,1780821419,1263904,25264378,1780821539,0xc012b10e8619ca9fec490d46b1bb36558399ac88c2f45ea41cf7e362032d59ab
cctp,74,470953790,1780823920000,1780823927981,1780823931056,29,25264572,1780823915,1263935,25264584,1780824059,0xae7a12e2ff1a48df10ef5cff6ad1c038ef68e2a8d0f7aa5a76c83ed85546d6a2
cctp,75,470967722,1780827417000,1780827417181,1780827424007,12,25264866,1780827467,1263967,25264866,1780827467,0x4a58dd68b5a231b380e33527e07025bf0795de02bb8dc303f215a2d4242ef267
cctp,76,470984156,1780831568000,1780831573967,1780831576011,17,25265211,1780831619,1264000,25265211,1780831619,0x0e40df9b290d0e87c9f46431155a4e00a465f02fff6afaebb7fa0b71603de712
cctp,77,470991435,1780833395000,1780833398043,1780833402041,15,25265367,1780833491,1264015,25265367,1780833491,0x58b3589dc0cf267d3f9e36b47937dcb1ef41c929d1150905ecdb15bae776e574
cctp,78,470998730,1780835220000,1780835230186,1780835231045,33,25265514,1780835255,1264040,25265514,1780835255,0x3926c29232004f5c276e5684a16d86b67b3c9dd53ffd92310ce5ab92958047d6
cctp,79,471020140,1780840596000,1780840606531,1780840606036,44,25265963,1780840655,1264095,25265963,1780840655,0x6198ea62592205db0fa159be21908061574a306f26e2b495beb7526e083f5c32
cctp,80,471029082,1780842857000,1780842865341,1780842869013,33,25266147,1780842875,1264119,25266147,1780842875,0xaa43c5f9cc180fc2fe4a365e9811aaeb5b1457062da8f35b57fb01e34cdf8edf
cctp,81,471038662,1780845258000,1780845260196,1780845264001,9,25266350,1780845323,1264147,25266350,1780845323,0xa831806ffddb6c6eef50f8315ecfe4df8da1aeea16453693f23fea0bb082b166
cctp,82,471053365,1780848945000,1780848947898,1780848952029,16,25266653,1780848995,1264187,25266653,1780848995,0xde6b448d8fdebf2db5b22117e0f75fbf6084bd161a3626d483dd347cfd3aafaa
cctp,83,471062728,1780851304000,1780851307623,1780851310034,14,25266845,1780851299,1264209,25266850,1780851359,0x11f40c4e907409432139eb53caff09e9e3037ae5ab98d7f023c6bb0ee2cc22a6
cctp,84,471068107,1780852654000,1780852666489,1780852664080,48,25266965,1780852739,1264223,25266965,1780852739,0xf51c09f41830c148c77a695c4012263e524061ae564348d7dede4d275a81e73f
cctp,85,471082098,1780856169000,1780856171647,1780856176048,15,25267254,1780856243,1264253,25267254,1780856243,0xde495aaf9aaa6f949da2938c7771fe68e5eab764aeeb94d36726f8d2a911d442
cctp,86,471090901,1780858376000,1780858379254,1780858381032,9,25267437,1780858451,1264274,25267437,1780858451,0x64e077af62fd64aec218bd703ee4c7615dd770cb1cb22cff5f96e35abd1ce99a
cctp,87,471103943,1780861647000,1780861649400,1780861654020,12,25267704,1780861667,1264315,25267708,1780861715,0xc31a0f3fe7593647b6ddc5b38ef8c5b47b8f2cf643193469e8bc671f49d6b07a
cctp,88,471113951,1780864156000,1780864157787,1780864162001,12,25267912,1780864163,1264344,25267925,1780864319,0xc8e63cacdf7e9ea48e4cd1eac9de87fd01a2b2cca0c050661d4a69378e82aa37
cctp,89,471130660,1780868359000,1780868363445,1780868365019,13,25268263,1780868399,1264378,25268263,1780868399,0x4e0021b8dec8f2194b6880590fa970b89bd8fc5da99dcf972ada7e640cee3b72
cctp,90,471137932,1780870204000,1780870208357,1780870211048,13,25268420,1780870283,1264393,25268420,1780870283,0x4947f533cf1f971f07ad1ff4fb2567f13e201db62c506a12922572585bafc1eb
cctp,91,471149093,1780872987000,1780872991164,1780872994030,12,25268647,1780873007,1264455,25268654,1780873091,0x1f9d6baecc8ac061bec853163763c669d2b8659701e37bd6438f831ca6f8c38e
cctp,92,471159764,1780875673000,1780875677546,1780875680017,13,25268874,1780875731,1264483,25268874,1780875731,0x26d9def4e61da68e57d9f8e4c65cd1ee7cc4d065ffd2ce729daeec368e597639
cctp,93,471181647,1780881162000,1780881170910,1780881172002,30,25269330,1780881215,1264553,25269330,1780881215,0x7110e091f90987ff19eaf776ab10f39083adc1b3c28d68a83f69619ab3f878c8
cctp,94,471190220,1780883320000,1780883323912,1780883326063,11,25269506,1780883327,1264580,25269515,1780883435,0xbe894f299976f32fd189533183bcbd382982b6f116ba2e7b3f392770a8ec44db
cctp,95,471197085,1780885053000,1780885057498,1780885060022,15,25269656,1780885127,1264596,25269656,1780885127,0x44d4c3c4e753e449afb9c37aa517ec43397d9ed48f67fb833e503fe7e8b3fe5a
cctp,96,471214593,1780889501000,1780889505579,1780889508065,14,25270026,1780889567,1264635,25270026,1780889567,0x01f479b4646f3a48a0509de85855339ab83692340c5d7eddf3a54930a8e9e91e
cctp,97,471228189,1780892948000,1780892951696,1780892954013,9,25270308,1780892963,1264664,25270308,1780892963,0x519dd610565b9784a6b45c7e4030b2c7c52c6f62c367f4bcb7db59b3da4688cc
cctp,98,471233074,1780894188000,1780894191180,1780894194040,9,25270417,1780894271,1264676,25270417,1780894271,0x867a097778422864db1e2900edf63dbb45c3fc19fa112cc7279e392128a52f0b
cctp,99,471240989,1780896193000,1780896197196,1780896200031,10,25270582,1780896251,1264695,25270582,1780896251,0x02f23af570fc404917f1deaf8eb796396fedf118cb11985c81bb996d96d7d8e3
cctp,100,471253014,1780899220000,1780899223676,1780899227048,11,25270830,1780899239,1264727,25270839,1780899347,0xd6778ca734bdbda9132f02be4c735cedf2309a1ab3d61a86455457baa7a5dd10
cctp,101,471269779,1780903430000,1780903438045,1780903440039,28,25271183,1780903499,1264768,25271183,1780903499,0xe27d1a38ecbde035a15e5cb72f19edc6671aed768173d97759ebd1d68b1fd9f6
cctp,102,471274663,1780904653000,1780904656884,1780904660036,12,25271283,1780904699,1264780,25271283,1780904699,0x51671c6bd302d8a37891929fb9e30148892a8b550720a50f52fa0bb8cd1e4739
cctp,103,471289485,1780908364000,1780908366944,1780908370028,9,25271591,1780908407,1264819,25271591,1780908407,0x78ccec184a66fa519a99807978ae5313c2ec1b598b144cfcc4238b650ffff136
cctp,104,471294091,1780909518000,1780909526058,1780909529011,28,25271689,1780909583,1264831,25271689,1780909583,0x0056357e4b64e7bf7fc6ac43810829629b2941fd44713442f0f8bb32bacad21e
cctp,105,471310875,1780913724000,1780913731621,1780913730051,28,25272043,1780913831,1264870,25272043,1780913831,0xe89966cf0ee072818b5ac9e192c641bab410ef0901ccb3026c2661937e62510a
cctp,106,471322374,1780916608000,1780916611133,1780916614041,8,25272281,1780916723,1264896,25272281,1780916723,0xf895044b1fa67692016967fdba2e30115101adbfc2c925248b8721d9296832a9
cctp,107,471337859,1780920481000,1780920489745,1780920493044,32,25272594,1780920503,1264937,25272599,1780920563,0x5d031d131c97b0cbfa7fa89ac5b0e3d84a52a12df8486c1a170e12b9c3f16809
cctp,108,471361099,1780926293000,1780926302305,1780926305013,35,25273078,1780926323,1265002,25273078,1780926323,0xaa359e3dbc3bde9c2895a480516462788069c6340e7c2c24c77aad31d1ceae6a
cctp,109,471366921,1780927747000,1780927751683,1780927754022,15,25273201,1780927799,1265021,25273201,1780927799,0x9572a3b5b660b1481c44ea0b7c6082b9747a15117a921755dc3c621ba5d67644
cctp,110,471382857,1780931731000,1780931734976,1780931739053,11,25273532,1780931771,1265064,25273532,1780931771,0x9a18f41643216ef4f9f3f4accdc9af0ee7813a872af915da642802db6b09dabf
cctp,111,471397110,1780935294000,1780935302050,1780935304026,28,25273828,1780935323,1265100,25273828,1780935323,0x8dfd70a09d7c20587866c7189c158d7959a20ea6c44ac241814c713d19ca8fc1
cctp,112,471407514,1780937900000,1780937902975,1780937905056,12,25274042,1780937891,1265123,25274051,1780937999,0x7ab1d2c581d9f88d29fb9c4a087ac54b78652734d900c34fd77d8d77cec85dfc
cctp,113,471426484,1780942656000,1780942664344,1780942662017,29,25274441,1780942715,1265168,25274441,1780942715,0x32f39f088901d3cd582ca715061acadd442b21871513d685a99b20a5ab2d7e89
cctp,114,471432503,1780944171000,1780944175141,1780944178009,15,25274564,1780944191,1265179,25274577,1780944347,0x7759982f6b0aba681e259e11419dd7c05332d4a586268f5b7c8e2f84f86034b9
cctp,115,471447103,1780947841000,1780947845376,1780947847056,15,25274868,1780947839,1265204,25274883,1780948019,0xbf39872b66253352feffebac709633725f16e5c379135b813ee9ae15b4d0e5d8
cctp,116,471462102,1780951623000,1780951626911,1780951629003,14,25275196,1780951787,1265229,25275196,1780951787,0x25adc657f0255caf2b73cf69ace8907efcd5411c577f7535ca7bee30fba7313a
cctp,117,471467198,1780952914000,1780952917325,1780952920013,14,25275290,1780952915,1265239,25275298,1780953011,0xf32a7160ee3bb6f9be6006c5ddc69eefc53edd2341f1b82a6a1d8ccb21a5f994
cctp,118,471485699,1780957624000,1780957627363,1780957630050,8,25275679,1780957619,1265272,25275693,1780957787,0xdad7660296babd75424d0341b76fe7f76e0b7880caea493c14fe0074ac1b819e
cctp,119,471492618,1780959394000,1780959402143,1780959405008,26,25275827,1780959407,1265282,25275842,1780959587,0xf4f6f8bfd5e04433b309502fcaa171c93ef5272248cf87539829685ba3388dca
cctp,120,471500481,1780961396000,1780961400810,1780961404070,13,25275995,1780961447,1265296,25275995,1780961447,0x8c4ccfb17b8c4b8a098e99dd3affd1742b14e0ecab14dd7904365c3019a54ef7
cctp,121,471509589,1780963728000,1780963736302,1780963739079,29,25276188,1780963763,1265311,25276193,1780963823,0xf1a031a6ee5b4cb7f8b6ad453414cca87dc6354ae0beb6ebdf19fa29f5bf4479
cctp,122,471526835,1780968076000,1780968079751,1780968082044,10,25276551,1780968119,1265350,25276551,1780968119,0x57e53ff7d44ee45da12f6e3992bc9f73f8f97fb241d5e695ce8de8889740b537
cctp,123,471536998,1780970661000,1780970665348,1780970668028,15,25276765,1780970723,1265366,25276765,1780970723,0x3c81cebf9c2ab99aaaeff3ff6506525eeea28b43f96781d4f6a638e79cb34abf
cctp,124,471547779,1780973394000,1780973401956,1780973443044,29,25276998,1780973519,1265385,25276998,1780973519,0x5579462ff0d186d60aaa0a3f031139891e50c5681cda2697711c7ed823297747
cctp,125,471558630,1780976153000,1780976168126,1780976166015,55,25277227,1780976267,1265402,25277227,1780976267,0xc430e7d2e500cecf6e9a93408c8d9a19563729244dffc5a63c1950c2df2975e4
cctp,126,471572958,1780979799000,1780979807209,1780979810067,33,25277526,1780979879,1265426,25277526,1780979879,0x8981cc3a9c86d5b071fb46c3f73ec2ecc36d8be892efd98f62d69983f1e07439
cctp,127,471577732,1780981000000,1780981004166,1780981006028,10,25277631,1780981139,1265437,25277631,1780981139,0xc71f6c327d94a0ac04813ecb81fd8c1311c8e96125fed4aae87a299ffd0b51ea
cctp,128,471596856,1780985828000,1780985830133,1780985833043,9,25278029,1780985927,1265467,25278029,1780985927,0xe259a9090dd3cfaa2aa36124328f5b6b2e25c6ab36a15d8f4ecdcbd0016f51c4
cctp,129,471609092,1780988884000,1780988892346,1780988895034,27,25278276,1780988891,1265499,25278285,1780988999,0x713f614b3fa75b1393aaae45bbf8ac13c34e47fe85b8c24f0c74aebba544ffde
cctp,130,471616984,1780990856000,1780990864551,1780990867039,31,25278446,1780990943,1265515,25278446,1780990943,0x1c7b3a162850f657bf2948cfe1fb9805bf713312a891468acf9a6af6695a4731
cctp,131,471624818,1780992815000,1780992818356,1780992821057,15,25278602,1780992839,1265533,25278602,1780992839,0xada3d17586ee5b0278a081423e9363b93fb7378495877532bc2056b854299659
cctp,132,471637274,1780995927000,1780995935757,1780995938085,31,25278866,1780996031,1265558,25278866,1780996031,0xe5e6faa6c8681056936ffbd4af9b79e9fa2eae954d6540682d3e4138923ac403
cctp,133,471653923,1781000088000,1781000101461,1781000099052,49,25279204,1781000111,1265592,25279216,1781000255,0x60dbdbeb77d70efec1a023c06181392fd9a3ef7b3886b89352520c086ab8624f
cctp,134,471666857,1781003335000,1781003345351,1781003348060,40,25279479,1781003423,1265614,25279479,1781003423,0x82dc1768d0bfe427411422e3b0abb565df555fd0d393d2fc1beeb50b98c929e7
cctp,135,471672223,1781004685000,1781004689318,1781004692055,17,25279591,1781004767,1265623,25279591,1781004767,0x0ac878d0c76bb93d79fa2456b3db891ae9bbc88c1ad8ad3a13b10f1ee15306a1
cctp,136,471683056,1781007403000,1781007412768,1781007416012,32,25279811,1781007407,1265644,25279820,1781007515,0x9062b6a5d7ec8da958f12afbe76581581b60318c2dc58aa729f31890c4b21a8f
cctp,137,471696339,1781010727000,1781010730060,1781010734083,11,25280087,1781010719,1265670,25280098,1781010851,0xcad5e939b42e950b9755b2ab22d0667eba956326c558ac2eb926bba779591177
cctp,138,471705000,1781012892000,1781012904292,1781012903038,45,25280273,1781012951,1265693,25280273,1781012951,0xbb193992a40807a128d5e650b4050e9ad61e442ab3a78f90fefa6a3ff17bab80
cctp,139,471721157,1781016921000,1781016928975,1781016932076,31,25280605,1781016959,1265752,25280605,1781016959,0x58d68d801dcf1d5286ef35a555388d29992c7080a98bd76dd4feac340b30aded
cctp,140,471731262,1781019445000,1781019448820,1781019452030,16,25280813,1781019455,1265783,25280820,1781019539,0x0be9a8a94cfeed201929b954477c1e3d708828d9e8f71af7e309098cf6216a24
cctp,141,471736079,1781020647000,1781020649953,1781020654045,13,25280915,1781020691,1265796,25280915,1781020691,0xa44783aea52d7ffd6548465ea0f699e6c2a3510f5e49d87fa798a51b2a4d5276
cctp,142,471753871,1781025090000,1781025091784,1781025095069,9,25281285,1781025143,1265853,25281285,1781025143,0x19351b7b24c2d067de8f14cde29e25eaf8f645b2d455f5e963d0c0aa9ad83d55
cctp,143,471765046,1781027882000,1781027888417,1781027890037,24,25281523,1781027999,1265882,25281523,1781027999,0x6b1dc718f3f3eebc643f0ae633a77fbc34f40296be506aeca4316051b2c7bd29
cctp,144,471782385,1781032218000,1781032221552,1781032224034,11,25281878,1781032259,1265917,25281878,1781032259,0x7806b6c99b633e8e8bb213cecbd74b4772782c8062bce04ac77f13659a40ed6f
cctp,145,471795708,1781035557000,1781035560946,1781035564064,14,25282159,1781035631,1265943,25282159,1781035631,0x100c563fbdc39009d2942a97eedde53ca62fa8973d089b1a165b742b324c9653
cctp,146,471803482,1781037509000,1781037512916,1781037516005,11,25282317,1781037563,1265955,25282317,1781037563,0x221d8a50627b63066f0f39371634a1c3f48d776acc852875b0faf4c0a8d5d661
cctp,147,471812161,1781039689000,1781039693123,1781039696015,12,25282494,1781039687,1265968,25282509,1781039867,0xab14a6f1badfbb98bc62460d213057475dc1050eefcf407f967cfc0b3b91af86
cctp,148,471821022,1781041919000,1781041928296,1781041931028,31,25282689,1781042039,1265981,25282689,1781042039,0xf0f1fdd7a0b7499d7618a3a7f8b2ff66642f9d564af4251b0ce2a081c9e7299f
cctp,149,471837409,1781046045000,1781046049468,1781046052063,14,25283023,1781046047,1266009,25283035,1781046191,0x1b00e83d971d87af5137a67a8a67610d7ed6dbee616b00ed17a6a234598a72ab
cctp,150,471845759,1781048147000,1781048151664,1781048154066,15,25283200,1781048183,1266022,25283203,1781048219,0xf0c46aef55f9d47230f7b2c5b3d402791eab5118bd7c66216c692c710c67ea7b
cctp,151,471852660,1781049883000,1781049887299,1781049889057,14,25283344,1781049911,1266032,25283344,1781049911,0x09d1f755e622fa1003fe3cd9989293b4d3f4dcf8cbd84d93686ea1cab677affd
cctp,152,471867382,1781053582000,1781053586027,1781053588022,11,25283657,1781053691,1266060,25283657,1781053691,0xb6ce542131641562ed265120a5d83c432f473d9931427ac6cac2d5c4540b3230
cctp,153,471877628,1781056151000,1781056165355,1781056167014,53,25283869,1781056235,1266078,25283869,1781056235,0xf1ddf4245bb42c9ffff6b128471d5f0921f312707d81696dbf802487437a7355
cctp,154,471886888,1781058469000,1781058473769,1781058476049,17,25284064,1781058587,1266096,25284064,1781058587,0x2481d6934a10074f86dc4f40fa75dde62eb3ccdf291ab0238ed3b4f66ac05508
cctp,155,471906444,1781063387000,1781063396343,1781063399018,28,25284463,1781063387,1266130,25284478,1781063567,0x5e851e2ec8fa68bf6b443fb7f8c700fc56b823902911b46f7b4b132d8cc90bfa
cctp,156,471915110,1781065586000,1781065594196,1781065597009,29,25284658,1781065727,1266142,25284658,1781065727,0x8f1f2220d7ae4a28bad5a4f76eddc5aa78b8cec251cf4f2fe24b411202bc49fb
cctp,157,471921204,1781067124000,1781067132334,1781067134041,31,25284782,1781067215,1266152,25284782,1781067215,0x94830fa7be81296856ad0d330d2840b8810a0dff18eb8b484ef93a6961db7e4b
cctp,158,471932703,1781070033000,1781070042647,1781070040035,33,25285019,1781070059,1266172,25285033,1781070227,0xc6d1f8853912ab83b3278e3224ef965f275a761a1e4f3904ca78a9f3cd04bc31
cctp,159,471945901,1781073356000,1781073364361,1781073367032,29,25285294,1781073371,1266193,25285304,1781073491,0xdb9022db5fe9adb3b1fad274a416453e811a2e2681fca305545ffefd5aaf2cc4
cctp,160,471963737,1781077842000,1781077850270,1781077852012,29,25285666,1781077883,1266224,25285676,1781078003,0xbcb11dd444bed0ca471e94a4f1f57eca704b09a307b3d7d108895b9408e0cf09
cctp,161,471978822,1781081624000,1781081629297,1781081632043,15,25285979,1781081639,1266254,25285991,1781081783,0xd9a848759d2a3d381ebfb15baa17c5863541a4112e5bd6e848af4aef6316e831
cctp,162,471987750,1781083862000,1781083867561,1781083870031,16,25286168,1781083907,1266274,25286168,1781083907,0x80292d94a2ebaee37f8252202013664cb7a513877482e43196bacbf5e2682b6d
cctp,163,472000681,1781087106000,1781087109211,1781087112040,8,25286442,1781087207,1266298,25286442,1781087207,0x36b4c73f7e7f253d542ec4ba5f7dd2219b96630396b8b5cceafc85f801a43ae7
cctp,164,472008625,1781089101000,1781089105501,1781089108066,13,25286610,1781089223,1266312,25286610,1781089223,0xd818f8a13e7057911b2bf9edd71221954794ba31cece2bb5e953b91325099d86
cctp,165,472014034,1781090457000,1781090461751,1781090464044,15,25286713,1781090459,1266326,25286722,1781090567,0x64720c86a769f65d2194a3eacf20dfe69357e633e3c13b1cd9751d5d6fe93595
cctp,166,472027146,1781093740000,1781093743620,1781093747041,11,25286986,1781093747,1266353,25286996,1781093867,0xe7d1ca793b29c663308f648c6c4ff7dea514953f34e09ae696d26538cc76f643
cctp,167,472044000,1781097953000,1781097957533,1781097960042,12,25287343,1781098067,1266396,25287343,1781098067,0x81fa53691a5a670add5c6b352b6834752b02f4cf46e7c5a84a916bb9aff239b9
cctp,168,472050190,1781099500000,1781099508009,1781099511035,31,25287465,1781099531,1266419,25287465,1781099531,0x44dfbc6285a4699b5ee13f48d3629d1d3fd370c88e6745cdee8924ab8e6ea99f
cctp,169,472056115,1781100978000,1781100982077,1781100985080,13,25287585,1781100971,1266440,25287591,1781101043,0x5aeaabd0f67b9212bf49229e41e26cd7dd2e911a5d9a9103a563895ba7d15535
cctp,170,472078715,1781106626000,1781106628874,1781106632067,10,25288054,1781106623,1266508,25288058,1781106671,0x39a3c2a8237be242dc5e400acb3c52a4087c7ed2b14a329692cb7620abdd1cad
cctp,171,472090697,1781109618000,1781109620910,1781109624049,9,25288303,1781109635,1266540,25288303,1781109635,0x2a31db6e621ca824a33c9ec5148f9b881c6f9cb32c8f82adde3769ad75d9f211
cctp,172,472266406,1781153805000,1781153809043,1781153812010,13,25291979,1781153939,1266870,25291979,1781153939,0x3dff7685d429bf004293769571a2d3c8e2e4c3f58d538c80692976074d6ed1fe
cctp,173,472274391,1781155825000,1781155829098,1781155831017,11,25292136,1781155823,1266882,25292150,1781155991,0x5504d52838af5da2fcf64e890125954fffbf66ef16911c0dc2ef791683d87c72
cctp,174,472287553,1781159146000,1781159148228,1781159152069,9,25292418,1781159231,1266903,25292418,1781159231,0x2aab1c5d724a3b0a2860f1778c4b7d03cbb7e2215e444c0b56b446fb91635593
cctp,175,472292343,1781160352000,1781160355056,1781160359050,11,25292524,1781160515,1266911,25292524,1781160515,0xe0953609ee7567fb14ff3c57f67535db7ccfd68f78eeead9fa990f889382bbf7
cctp,176,472300474,1781162394000,1781162401573,1781162405053,28,25292688,1781162495,1266924,25292688,1781162495,0xccde4cdd7ec06e40b4d67d538d841914b14651189896ccde60c3f171993e89f6
cctp,177,472309226,1781164594000,1781164600894,1781164600050,26,25292864,1781164619,1266938,25292875,1781164751,0xc7eec6453b4bc1525219f2a5060a12a7585a572b5da23fcfaa001fa651436573
cctp,178,472314607,1781165942000,1781165944616,1781165948026,6,25292982,1781166035,1266947,25292982,1781166035,0x82009af4b7ff2d6a7e2a1a42a6ff3d0c9bcabc3d597e0a45b66e3d64584ea0b5
cctp,179,472322252,1781167857000,1781167860480,1781167864074,13,25293142,1781167979,1266962,25293142,1781167979,0xcf24721efd4a3d6a1172d1bb6e29142bda7f5937720eddfa0c3fb8a53ae682db
cctp,180,472333829,1781170759000,1781170767302,1781170770065,31,25293374,1781170763,1266982,25293388,1781170931,0x0507d6f38b888047fd33dc757f7e2ae39f778d9e3d40a4e0ba1ba613ea58a432
cctp,181,472345599,1781173711000,1781173715699,1781173717000,15,25293620,1781173727,1267004,25293620,1781173727,0x922185cd2fc055ab5d1f3a06ac0dbcc644e50381d910a10c30ad204d3de9e112
cctp,182,472350417,1781174922000,1781174924587,1781174928010,11,25293723,1781174963,1267012,25293723,1781174963,0x7d344362857e1c9b3965dd477dc65e1d24377374aed2473a3e65f4f3337a6637
cctp,183,472360958,1781177565000,1781177575144,1781177576001,41,25293939,1781177555,1267034,25293950,1781177687,0x7716615c07c148676c471588de27f08c9f5f78aad2a52b3342eede45c414edd2
cctp,184,472373188,1781180626000,1781180628614,1781180632003,11,25294193,1781180627,1267062,25294200,1781180711,0x64e559e5cfcc54f828303d228d89ce84531b33e870e91063a1fcbc23a0a50a8c
cctp,185,472388309,1781184404000,1781184407274,1781184410034,11,25294515,1781184503,1267098,25294515,1781184503,0x64ece37f6bd2c798ce1b4fdf4705940677f9db3a9f1e447514760715c4ab4ad1
cctp,186,472397690,1781186746000,1781186750280,1781186753028,12,25294701,1781186735,1267123,25294707,1781186807,0xd83d873e75b6e4a08e6134a3dfbcde2537e2db2887474d13bc2ef58fa83676ba
cctp,187,472402463,1781187938000,1781187950264,1781187949033,45,25294809,1781188031,1267136,25294809,1781188031,0x009ddafcac8664a79203f6b4b543cc0c7c5ab47723c45f32ec3af94648cdca88
cctp,188,472426656,1781193989000,1781193992857,1781193996063,13,25295312,1781194079,1267191,25295312,1781194079,0x67402eeb2525790a5fccd0e2894e639aeff4489bb26c2736538f7f006436e7a9
cctp,189,472447034,1781199091000,1781199103587,1781199134056,45,25295740,1781199251,1267237,25295748,1781199347,0xbb224a85634e1464d16a3b7941c890b295e7923f6af51186716806d66e58823b
cctp,190,472451848,1781200291000,1781200295105,1781200298033,11,25295826,1781200283,1267265,25295836,1781200403,0x5341fb712fc4a201f451c801fc2dbc9e52c128d256c10b02d2a4aebda474dd95
cctp,191,472461191,1781202622000,1781202630044,1781202633014,29,25296026,1781202695,1267294,25296026,1781202695,0x3cbb14ab73226038efd47052c25b04d602c512b2fbecd99c1807d382b615615d
cctp,192,472482013,1781207823000,1781207826971,1781207830080,14,25296454,1781207879,1267339,25296454,1781207879,0x514ac8b1041baaf055a88e6ca19b22c55c667b6428b6b7e16a762d9ef54c7651
cctp,193,472487384,1781209166000,1781209169453,1781209172020,11,25296562,1781209187,1267348,25296562,1781209187,0xcc3c04d70ff29f3d2a2d13f279ffb54bd041cab15df2e4bc10b4fd69288f400f
cctp,194,472498918,1781212058000,1781212060884,1781212064028,13,25296805,1781212103,1267368,25296805,1781212103,0xd62d5b32f4fb1ae185d2763638d108598466309585719452feca12dd8c5865ea
cctp,195,472510882,1781215055000,1781215062788,1781215066002,26,25297062,1781215199,1267389,25297062,1781215199,0xfbf498198465c9b990ab23b0ef4bfdf5bec5a4e610aba09a9de073945c298f8f
cctp,196,472529196,1781219656000,1781219659308,1781219663001,13,25297442,1781219807,1267418,25297442,1781219807,0x332f8cc81f78f5b77c61e932f182a6a4da65a6a104e3d72eafcea05093dbd06e
cctp,197,472533969,1781220856000,1781220859132,1781220863067,14,25297534,1781220911,1267424,25297534,1781220911,0xcff8c86c3a99a85606c48b142229d91a1c5eb08c73cc24302fef0c597c72ef19
cctp,198,472549428,1781224733000,1781224739304,1781224743045,28,25297864,1781224883,1267450,25297864,1781224883,0x374bf94a131ffc41a6d5f2be7b51d78fc5e4197c21b53dc9805d02ffe5689c8d
cctp,199,472555313,1781226209000,1781226212045,1781226215012,9,25297982,1781226299,1267459,25297982,1781226299,0x37c24dcb111c94c6b5de48a3e7c88f1cfdc2fff72b91b4b3a426fe5f3bdbc632
cctp,200,472569738,1781229826000,1781229829512,1781229833005,11,25298284,1781229923,1267482,25298284,1781229923,0x4c74603910bae29318c7dc78a97075d344ac8dfa7085ac3f053e14ee5489133b
cctp,201,472576929,1781231631000,1781231637347,1781231642066,28,25298435,1781231747,1267495,25298435,1781231747,0x47e527fcae24e1ec80588b4a1206e227398f67779a3c9607197b8c0648f52002
cctp,202,472589739,1781234848000,1781234851085,1781234854024,11,25298695,1781234867,1267515,25298695,1781234867,0xd5234d48667e8731465cdc9fb3b1ab18f8e5198df4b4b1f0b67708c0f41913b3
cctp,203,472595342,1781236258000,1781236261335,1781236264050,9,25298810,1781236247,1267524,25298827,1781236451,0xeae5105c7ab240b127022c6705305138bb6fcaf673a086ce8f80fbd60e3067e1
cctp,204,472608671,1781239614000,1781239616859,1781239620040,12,25299101,1781239751,1267544,25299101,1781239751,0xd8278f41214966a8578072ec70e0a787ad4c6ac69dedb67289aae950ce76abc1
cctp,205,472616198,1781241507000,1781241515719,1781241517053,29,25299246,1781241503,1267556,25299260,1781241671,0xcce2b711a699d0f34232e0356f782b88c9cc01a2bcdca2db5fa5379bdbc9cdd6
cctp,206,472624222,1781243521000,1781243528341,1781243531038,27,25299425,1781243663,1267569,25299425,1781243663,0x9f1c5c645a806edcd8c025dbf6c7fc6c5b16a4b66968a5a14cd9cf1847f3ab54
cctp,207,472629066,1781244733000,1781244735881,1781244738030,9,25299521,1781244815,1267577,25299521,1781244815,0xf5fd12235cccbba2513c5fb851f24fd37d1b60b4071d27f34c7f99252b8a8d20
cctp,208,472638341,1781247053000,1781247060623,1781247063028,26,25299712,1781247107,1267596,25299712,1781247107,0xbaa7c1876c2dfd332c60817f0912e5a64fca58b01e14d4f13798436f430663cc
cctp,209,472652007,1781250475000,1781250479342,1781250482014,16,25300004,1781250623,1267620,25300004,1781250623,0x9753043610ca86b83037e611e0569df283de0a753d5e4dd6ecf1b1b90098447c
cctp,210,472656808,1781251677000,1781251681810,1781251684013,15,25300098,1781251751,1267629,25300098,1781251751,0xa457b30806c094acfa10a98ec555428aa7c52755859106b6c7977bae1256ef8f
native,1,404580282,1764226668000,,1764226680841,,23888414,1764226679,1081809,23888421,1764226763,0x7dcec4ab4bd97985f9bc52468b36f8326e3d4f94e68569387b2962518d9d01de
native,2,404991447,1764329337000,,1764329349178,,23896879,1764329339,1082950,23896888,1764329447,0x647205b98d7cdb3973270c62512766fb3dc3286297dfd27492029320631323c8
native,3,404991840,1764329435000,,1764329444937,,23896888,1764329447,1082951,23896894,1764329519,0x1f5f18c6976f0f01bb27e055debd8c0d013d8dd9e3daba9f57472ffa565333b0
native,4,404992013,1764329479000,,1764329485546,,23896894,1764329519,1082951,23896894,1764329519,0x1f5f18c6976f0f01bb27e055debd8c0d013d8dd9e3daba9f57472ffa565333b0
native,5,404992149,1764329513000,,1764329524119,,23896894,1764329519,1082952,23896901,1764329603,0x15398e128512ddd9369f595838c30819a87f40d43b7947be91f2ea9870cd2fb7
native,6,404992287,1764329547000,,1764329552620,,23896901,1764329603,1082952,23896901,1764329603,0x15398e128512ddd9369f595838c30819a87f40d43b7947be91f2ea9870cd2fb7
native,7,405017193,1764335760000,,1764335765048,,23897410,1764335783,1083023,23897410,1764335783,0xdf2bc6c3063789a922b58809b5e784d55cf351df6fbf7603d5cb6c18f7557aed
native,8,405017330,1764335794000,,1764335802982,,23897410,1764335783,1083024,23897419,1764335891,0x276022e8e4b99514675e89e673ae924ec4db3024628a1c9298699ab858f96ac3
native,9,405017456,1764335826000,,1764335829668,,23897419,1764335891,1083024,23897419,1764335891,0x276022e8e4b99514675e89e673ae924ec4db3024628a1c9298699ab858f96ac3
native,10,405338149,1764415967000,,1764415971834,,23904045,1764415979,1083865,23904056,1764416111,0x1743b17066378ed57706ad18371e0dff83956415927b1fa43d79699a3a9e9f55
native,11,405338277,1764415999000,,1764416009457,,23904056,1764416111,1083865,23904056,1764416111,0x1743b17066378ed57706ad18371e0dff83956415927b1fa43d79699a3a9e9f55
native,12,405338375,1764416023000,,1764416037405,,23904056,1764416111,1083865,23904056,1764416111,0x1743b17066378ed57706ad18371e0dff83956415927b1fa43d79699a3a9e9f55
native,13,405338519,1764416060000,,1764416066937,,23904056,1764416111,1083865,23904056,1764416111,0x1743b17066378ed57706ad18371e0dff83956415927b1fa43d79699a3a9e9f55
native,14,405338604,1764416081000,,1764416088588,,23904056,1764416111,1083865,23904056,1764416111,0x1743b17066378ed57706ad18371e0dff83956415927b1fa43d79699a3a9e9f55
native,15,405365282,1764422746000,,1764422755329,,23904607,1764422747,1083928,23904617,1764422867,0xe48a452a5867ea5c43e03f60be0449583ac29b3537e9ab3b4c5cdfce49901a4b
native,16,405365376,1764422770000,,1764422773859,,23904617,1764422867,1083928,23904617,1764422867,0xe48a452a5867ea5c43e03f60be0449583ac29b3537e9ab3b4c5cdfce49901a4b
native,17,405365445,1764422787000,,1764422800250,,23904617,1764422867,1083928,23904617,1764422867,0xe48a452a5867ea5c43e03f60be0449583ac29b3537e9ab3b4c5cdfce49901a4b
native,18,405365602,1764422826000,,1764422839027,,23904617,1764422867,1083928,23904617,1764422867,0xe48a452a5867ea5c43e03f60be0449583ac29b3537e9ab3b4c5cdfce49901a4b
native,19,405365975,1764422920000,,1764422925638,,23904627,1764422987,1083929,23904627,1764422987,0x6f7e3bb6a77e59360527c44fc8e06b776e1ad385657429291251b2101e3f5cce
native,20,405366038,1764422936000,,1764422946430,,23904627,1764422987,1083929,23904627,1764422987,0x6f7e3bb6a77e59360527c44fc8e06b776e1ad385657429291251b2101e3f5cce
native,21,405366156,1764422965000,,1764422971251,,23904627,1764422987,1083929,23904627,1764422987,0x6f7e3bb6a77e59360527c44fc8e06b776e1ad385657429291251b2101e3f5cce
native,22,405633192,1764489724000,,1764489727843,,23910153,1764489719,1084572,23910161,1764489815,0x6c0dbbc9f941e29dcfdaf1e7542d9912e078c7e1149e05e557dcad7089646248
native,23,405634169,1764489968000,,1764489980671,,23910177,1764490019,1084574,23910177,1764490019,0x89517eed3834ce0b2c805c81700baec2dfa15f77511494c75d753f8979cef2f0
native,24,405634999,1764490176000,,1764490188652,,23910195,1764490235,1084576,23910195,1764490235,0x16f3aa9dbae94cdb02e29fbc39d5086469f9ebd1ad9c837479af66bcb67e2299
native,25,405635137,1764490211000,,1764490216077,,23910195,1764490235,1084576,23910195,1764490235,0x16f3aa9dbae94cdb02e29fbc39d5086469f9ebd1ad9c837479af66bcb67e2299
native,26,405658247,1764495976000,,1764495980566,,23910673,1764495995,1084669,23910673,1764495995,0x2e2af23b5f05488fd98804dbf9cd00e55e432b239f8d57fbd438784192b44d29
native,27,405673337,1764499740000,,1764499747823,,23910990,1764499799,1084722,23910990,1764499799,0xd5bd4a27b94c7a4c6d83dfd64dec135734c9eb16f901e52ef626c099a4670a4b
native,28,405673414,1764499760000,,1764499765326,,23910990,1764499799,1084722,23910990,1764499799,0xd5bd4a27b94c7a4c6d83dfd64dec135734c9eb16f901e52ef626c099a4670a4b
native,29,405673474,1764499775000,,1764499784712,,23910990,1764499799,1084722,23910990,1764499799,0xd5bd4a27b94c7a4c6d83dfd64dec135734c9eb16f901e52ef626c099a4670a4b
native,30,405673548,1764499793000,,1764499800668,,23910990,1764499799,1084723,23910996,1764499883,0x388d55cc8e07865c0d1bd3470699ba5aeafe9ca1be21443495e5e8f6b3fe1692
native,31,406280493,1764651085000,,1764651090595,,23923514,1764651107,1087257,23923514,1764651107,0x4f32f3aa9d6b92f14ed6f9bfbaff28dd500fa3cbeb9e060cd2581cb321383954
native,32,406280554,1764651100000,,1764651111678,,23923514,1764651107,1087258,23923519,1764651167,0x2c270ede0a785cc148537413408404bdc493107dc83fa2d6dd10b685c84fb1b8
native,33,406280727,1764651142000,,1764651149458,,23923519,1764651167,1087258,23923519,1764651167,0x2c270ede0a785cc148537413408404bdc493107dc83fa2d6dd10b685c84fb1b8
native,34,406280787,1764651157000,,1764651168949,,23923519,1764651167,1087259,23923523,1764651215,0x00a372950031bd76ef7c35e2733aa16f491c93f380a3f3074f1bb52a3e578e81
native,35,406280865,1764651177000,,1764651184231,,23923519,1764651167,1087259,23923523,1764651215,0x00a372950031bd76ef7c35e2733aa16f491c93f380a3f3074f1bb52a3e578e81
native,36,406280927,1764651192000,,1764651196800,,23923523,1764651215,1087259,23923523,1764651215,0x00a372950031bd76ef7c35e2733aa16f491c93f380a3f3074f1bb52a3e578e81
native,37,406280974,1764651204000,,1764651216728,,23923523,1764651215,1087260,23923527,1764651263,0x93357dbd50b325012a763152f28a392421ba9979a5c057d3bb7597ec408d945f
native,38,406281056,1764651224000,,1764651233279,,23923523,1764651215,1087260,23923527,1764651263,0x93357dbd50b325012a763152f28a392421ba9979a5c057d3bb7597ec408d945f
native,39,406281164,1764651252000,,1764651258510,,23923527,1764651263,1087261,23923532,1764651323,0x4758a0faea96979b62fd165e0dda62b2e08281e4f6090df91b26a7139eb38585
native,40,406281232,1764651269000,,1764651275602,,23923527,1764651263,1087261,23923532,1764651323,0x4758a0faea96979b62fd165e0dda62b2e08281e4f6090df91b26a7139eb38585
native,41,406625172,1764736997000,,1764737002698,,23930612,1764737015,1088664,23930612,1764737015,0x35dad2a26077bbdc02041e3ee197f53909cdbaf672d8b074c960bc30006ca59f
native,42,406625229,1764737011000,,1764737015369,,23930612,1764737015,1088665,23930621,1764737123,0x9bae5e4f6db818532c83926d1be562d39a29c423313e73bbb10d010329b9c544
native,43,406625281,1764737024000,,1764737034293,,23930612,1764737015,1088665,23930621,1764737123,0x9bae5e4f6db818532c83926d1be562d39a29c423313e73bbb10d010329b9c544
native,44,406625353,1764737042000,,1764737048918,,23930621,1764737123,1088665,23930621,1764737123,0x9bae5e4f6db818532c83926d1be562d39a29c423313e73bbb10d010329b9c544
native,45,406625413,1764737057000,,1764737067905,,23930621,1764737123,1088665,23930621,1764737123,0x9bae5e4f6db818532c83926d1be562d39a29c423313e73bbb10d010329b9c544
native,46,406625486,1764737076000,,1764737085751,,23930621,1764737123,1088665,23930621,1764737123,0x9bae5e4f6db818532c83926d1be562d39a29c423313e73bbb10d010329b9c544
native,47,406625558,1764737094000,,1764737102774,,23930621,1764737123,1088665,23930621,1764737123,0x9bae5e4f6db818532c83926d1be562d39a29c423313e73bbb10d010329b9c544
native,48,406625628,1764737111000,,1764737114800,,23930621,1764737123,1088666,23930628,1764737207,0xcbe8af715a7bde46246b30e3101bb4703e72c11f9e7a6f36fc4bfbe2224e9424
native,49,406625682,1764737123000,,1764737131842,,23930621,1764737123,1088666,23930628,1764737207,0xcbe8af715a7bde46246b30e3101bb4703e72c11f9e7a6f36fc4bfbe2224e9424
native,50,406625752,1764737141000,,1764737154026,,23930628,1764737207,1088666,23930628,1764737207,0xcbe8af715a7bde46246b30e3101bb4703e72c11f9e7a6f36fc4bfbe2224e9424
native,51,406654064,1764744205000,,1764744219106,,23931207,1764744239,1088758,23931207,1764744239,0x4f8dc5fd19415b9cccca8d4a1f4d7a862c44ca1afd7f9d3ac9ffcdb347698483
native,52,406654151,1764744227000,,1764744238375,,23931207,1764744239,1088758,23931207,1764744239,0x4f8dc5fd19415b9cccca8d4a1f4d7a862c44ca1afd7f9d3ac9ffcdb347698483
native,53,406654225,1764744246000,,1764744257119,,23931207,1764744239,1088759,23931230,1764744515,0xfc2780867ead95b76e19a40559cd4b290197a53be19060d576d32e186dac632b
native,54,406654300,1764744264000,,1764744273475,,23931230,1764744515,1088759,23931230,1764744515,0xfc2780867ead95b76e19a40559cd4b290197a53be19060d576d32e186dac632b
native,55,406654368,1764744281000,,1764744289875,,23931230,1764744515,1088760,23931231,1764744527,0x212fd1b2f1ee90290c7e2da971f40350e592ecc5571da714a01e4f64ffcaa826
native,56,406661748,1764746123000,,1764746132617,,23931369,1764746183,1088784,23931369,1764746183,0x309383d9d42473a431b379d64ceab8cd8df99a3bf2385681f2993f1badf7fdc7
native,57,406661836,1764746145000,,1764746154606,,23931369,1764746183,1088784,23931369,1764746183,0x309383d9d42473a431b379d64ceab8cd8df99a3bf2385681f2993f1badf7fdc7
native,58,406661919,1764746166000,,1764746179159,,23931369,1764746183,1088785,23931377,1764746279,0x3f0820ff6e3863a8b2d08e9f14f8445c4d2c9d4a7218ac8da735a004de68d522
native,59,406662010,1764746189000,,1764746199841,,23931369,1764746183,1088785,23931377,1764746279,0x3f0820ff6e3863a8b2d08e9f14f8445c4d2c9d4a7218ac8da735a004de68d522
native,60,406662145,1764746222000,,1764746226197,,23931377,1764746279,1088785,23931377,1764746279,0x3f0820ff6e3863a8b2d08e9f14f8445c4d2c9d4a7218ac8da735a004de68d522
native,61,406662252,1764746249000,,1764746258450,,23931377,1764746279,1088786,23931381,1764746327,0x64eca560d5e7466542dab0be2c7f9327b55762fe8acc24951bfdc693c90f6afc
native,62,406662333,1764746269000,,1764746277415,,23931377,1764746279,1088786,23931381,1764746327,0x64eca560d5e7466542dab0be2c7f9327b55762fe8acc24951bfdc693c90f6afc
native,63,406929940,1764813026000,,1764813034217,,23936839,1764813095,1089669,23936862,1764813371,0xcea69c214bbf7a18f96385a0d1efa53f196fbb54a2e681a02ea2d71b6ac61485
native,64,406930006,1764813043000,,1764813049587,,23936839,1764813095,1089670,23936864,1764813395,0x9127df12b267ba1969d9c0cf7a8ed07ecc8c32fbdef8c3a644bbac951fdaa961
native,65,406930076,1764813060000,,1764813073497,,23936839,1764813095,1089670,23936864,1764813395,0x9127df12b267ba1969d9c0cf7a8ed07ecc8c32fbdef8c3a644bbac951fdaa961
native,66,406930160,1764813081000,,1764813086362,,23936839,1764813095,1089670,23936864,1764813395,0x9127df12b267ba1969d9c0cf7a8ed07ecc8c32fbdef8c3a644bbac951fdaa961
native,67,406930216,1764813095000,,1764813100971,,23936839,1764813095,1089671,23936871,1764813479,0x702e4070589765431e536e42397d0fd7c3fce49e5e394328e4458e089eda5791
native,68,406933527,1764813922000,,1764813929725,,23936925,1764814151,1089685,23936925,1764814151,0x070603fcef23e89ba22f4848f14fef7969bc0f3f360dd149e151e29d72a3dd26
native,69,406933605,1764813938000,,1764813949555,,23936925,1764814151,1089685,23936925,1764814151,0x070603fcef23e89ba22f4848f14fef7969bc0f3f360dd149e151e29d72a3dd26
native,70,406933682,1764813958000,,1764813968362,,23936925,1764814151,1089686,23936925,1764814151,0x900cbb24a8b71818bdb6047b99d95c18617b0251527dce19c74e298568c3ff12
native,71,406972717,1764823720000,,1764823733504,,23937557,1764823727,1089889,23937626,1764824807,0xf9330b97bb3ff74ad9796f1911e59141e0ecb47457220104e064b948b61a63a5
native,72,406972805,1764823742000,,1764823751123,,23937557,1764823727,1089890,23937626,1764824807,0xa2f2766ee8e474b04652484a4135a4e415bfe113469ac7bbd1feb0b2cb6efb4d
native,73,406972889,1764823763000,,1764823771732,,23937560,1764823787,1089890,23937626,1764824807,0xa2f2766ee8e474b04652484a4135a4e415bfe113469ac7bbd1feb0b2cb6efb4d
native,74,406972955,1764823779000,,1764823791919,,23937560,1764823787,1089890,23937626,1764824807,0xa2f2766ee8e474b04652484a4135a4e415bfe113469ac7bbd1feb0b2cb6efb4d
native,75,406973034,1764823799000,,1764823811450,,23937560,1764823787,1089891,23937626,1764824807,0xf161d4fe2a91fdb395be87c24bd0348c8d1b6e3a90992a5172711583fadd3ea9
native,76,406984072,1764826673000,,1764826684422,,23937764,1764826679,1089911,23937777,1764826859,0x23c76cd0ebcae3cbff0abbc659de8e3576128d9c69bb02ae7b35f22f0ddb55bc
native,77,407110315,1764858110000,,1764858159134,,23940252,1764858203,1090567,23940264,1764858347,0x3779a2180f218c2e5f9d64eff8aadbbc60ee4b9054373b83442ee9645c1b2ec9
native,78,407110744,1764858218000,,1764858223294,,23940258,1764858275,1090568,23940292,1764858707,0x4d6180af367614219171d543490b9d6c0a0d999ca5a57112443271d7720e7723
native,79,407110818,1764858236000,,1764858243474,,23940258,1764858275,1090568,23940292,1764858707,0x4d6180af367614219171d543490b9d6c0a0d999ca5a57112443271d7720e7723
native,80,407111236,1764858341000,,1764858346816,,23940264,1764858347,1090569,23940301,1764858815,0xc4a621c570daeee74352e397bddeb1a417801d14ab6e81f8c87947c0835e6daa
native,81,407111326,1764858364000,,1764858382083,,23940292,1764858707,1090569,23940301,1764858815,0xc4a621c570daeee74352e397bddeb1a417801d14ab6e81f8c87947c0835e6daa
native,82,407304661,1764906569000,,1764906574960,,23944201,1764906587,1091396,23944201,1764906587,0xf3318648fc91fa7d7c775d6710135b0c74160fe997249405483d45ab7a2e9898
native,83,407304723,1764906584000,,1764906592246,,23944201,1764906587,1091397,23944205,1764906635,0x79caff5e3b0b8b21690e65ef619fc996f53fd39f285a2439ca9290b957feb43c
native,84,407304811,1764906606000,,1764906614928,,23944205,1764906635,1091397,23944205,1764906635,0x79caff5e3b0b8b21690e65ef619fc996f53fd39f285a2439ca9290b957feb43c
native,85,407304885,1764906625000,,1764906633333,,23944205,1764906635,1091398,23944207,1764906659,0x9ec60c35d4415ca33f948aba492e154a205a3c24af9b5544ce1c1c41141929d6
native,86,407304964,1764906644000,,1764906649353,,23944205,1764906635,1091399,23944210,1764906695,0xb36562a183a333f5a21092be7032698b92ab61b8ef08c92bad53da1b834cfb6a
native,87,407305018,1764906658000,,1764906668470,,23944207,1764906659,1091399,23944210,1764906695,0xb36562a183a333f5a21092be7032698b92ab61b8ef08c92bad53da1b834cfb6a
native,88,407305092,1764906677000,,1764906687817,,23944210,1764906695,1091400,23944212,1764906719,0xeaede9753b285d56f739dcf4a7e4aa53df40497b07a64c1973eae7fcb34da500
native,89,407305188,1764906701000,,1764906712141,,23944210,1764906695,1091400,23944212,1764906719,0xeaede9753b285d56f739dcf4a7e4aa53df40497b07a64c1973eae7fcb34da500
native,90,407305269,1764906721000,,1764906726581,,23944212,1764906719,1091401,23944214,1764906743,0x8a7820ccbf0d72f1b9b9716f2e27597579721f5558045b0fd61189bd3dfe583a
native,91,407608084,1764982180000,,1764982193311,,23950387,1764982187,1092660,23950392,1764982247,0xb4114420c22bf3259671fc7e49702fc491f4a2253645fe8b2b8275c5f27372cb
native,92,407608174,1764982203000,,1764982207672,,23950392,1764982247,1092660,23950392,1764982247,0xb4114420c22bf3259671fc7e49702fc491f4a2253645fe8b2b8275c5f27372cb
native,93,407608227,1764982216000,,1764982229092,,23950392,1764982247,1092660,23950392,1764982247,0xb4114420c22bf3259671fc7e49702fc491f4a2253645fe8b2b8275c5f27372cb
native,94,407609390,1764982506000,,1764982513412,,23950417,1764982547,1092665,23950417,1764982547,0x4b342747e4a3dfa96c7d622d5e6399b1bc51214e53436a714ef4aa3459bdf47c
native,95,407609454,1764982522000,,1764982530601,,23950417,1764982547,1092665,23950417,1764982547,0x4b342747e4a3dfa96c7d622d5e6399b1bc51214e53436a714ef4aa3459bdf47c
native,96,408063079,1765095607000,,1765095613584,,23959725,1765095611,1094588,23959729,1765095659,0x10586ac857165456e9e4c1d7bd7bd3a685efcff62fa4c621e025437524ed7ffd
native,97,408063140,1765095622000,,1765095628846,,23959725,1765095611,1094588,23959729,1765095659,0x10586ac857165456e9e4c1d7bd7bd3a685efcff62fa4c621e025437524ed7ffd
native,98,408063224,1765095643000,,1765095657688,,23959729,1765095659,1094588,23959729,1765095659,0x10586ac857165456e9e4c1d7bd7bd3a685efcff62fa4c621e025437524ed7ffd
native,99,408063319,1765095667000,,1765095674893,,23959729,1765095659,1094589,23959733,1765095707,0x50a8ae8e7c3c53f7781961a28ebcc2833b06f90bf666ccc5ccc5f170a52dde04
native,100,408063410,1765095690000,,1765095700717,,23959733,1765095707,1094590,23959736,1765095743,0x1a219c4c872015b34860ba46ac3ab7b41333cd0f47444a2183d5129f8cdd819d
native,101,408354054,1765168165000,,1765168172872,,23965713,1765168163,1095831,23965723,1765168283,0x08f1dc9a8d252eac1664d137b9b1daa48028878953a914deae3dab6ec067e27b
native,102,408354125,1765168182000,,1765168198053,,23965723,1765168283,1095831,23965723,1765168283,0x08f1dc9a8d252eac1664d137b9b1daa48028878953a914deae3dab6ec067e27b
native,103,408354227,1765168208000,,1765168213289,,23965723,1765168283,1095831,23965723,1765168283,0x08f1dc9a8d252eac1664d137b9b1daa48028878953a914deae3dab6ec067e27b
native,104,408354305,1765168228000,,1765168235175,,23965723,1765168283,1095831,23965723,1765168283,0x08f1dc9a8d252eac1664d137b9b1daa48028878953a914deae3dab6ec067e27b
native,105,408354369,1765168244000,,1765168248367,,23965723,1765168283,1095832,23965728,1765168355,0x7fab449f22b13f9abf55fd7a54cb277d1676fb3c9900ea0e81ec1f8ec8509e6c
native,106,408354451,1765168264000,,1765168276431,,23965723,1765168283,1095832,23965728,1765168355,0x7fab449f22b13f9abf55fd7a54cb277d1676fb3c9900ea0e81ec1f8ec8509e6c
native,107,408354545,1765168288000,,1765168297269,,23965723,1765168283,1095832,23965728,1765168355,0x7fab449f22b13f9abf55fd7a54cb277d1676fb3c9900ea0e81ec1f8ec8509e6c
native,108,408359208,1765169452000,,1765169464337,,23965821,1765169471,1095853,23965821,1765169471,0x1740b16896a07ce21eb8cd252e7c70f33adfc0cb502b4e8d3b0c881e078de2ef
native,109,408359292,1765169473000,,1765169478407,,23965821,1765169471,1095854,23965825,1765169519,0x22e1308003c962f3500ebd5b311503965dde55968e799fbf2fa6a628d797fea5
native,110,408359350,1765169487000,,1765169496125,,23965825,1765169519,1095854,23965825,1765169519,0x22e1308003c962f3500ebd5b311503965dde55968e799fbf2fa6a628d797fea5
native,111,408359436,1765169507000,,1765169512156,,23965825,1765169519,1095855,23965829,1765169567,0xe127b59fd7452968663f6677820876b99f34aca6a9b29f274d846595912d0ff8
native,112,408359491,1765169521000,,1765169527492,,23965825,1765169519,1095855,23965829,1765169567,0xe127b59fd7452968663f6677820876b99f34aca6a9b29f274d846595912d0ff8
native,113,408359570,1765169540000,,1765169549103,,23965829,1765169567,1095855,23965829,1765169567,0xe127b59fd7452968663f6677820876b99f34aca6a9b29f274d846595912d0ff8
native,114,408359639,1765169558000,,1765169569311,,23965829,1765169567,1095856,23965834,1765169627,0x98fa94235db9e8e5a5ff5bacaa5c5b9955b87c6850deb18e5939379fc1ed8eb7
native,115,408359718,1765169577000,,1765169589710,,23965829,1765169567,1095856,23965834,1765169627,0x98fa94235db9e8e5a5ff5bacaa5c5b9955b87c6850deb18e5939379fc1ed8eb7
native,116,408359819,1765169603000,,1765169608689,,23965834,1765169627,1095856,23965834,1765169627,0x98fa94235db9e8e5a5ff5bacaa5c5b9955b87c6850deb18e5939379fc1ed8eb7
native,117,408392761,1765177823000,,1765177835205,,23966513,1765177823,1095977,23966518,1765177895,0xa90da9330bef6628defb1a70bc173336a12fa1933ab9eeb768761f48d906cab3
