bridge,experiment_id,t_safe_s,L_s,t1_to_safe_s,G_lb_s,G_std_s,G_seq_s,tauF_lb_s,tauF_std_s
cctp,1,1780377911.0,6.131756067276001,184.0,945.960000038147,1233.960000038147,177.96000003814697,952.091756105423,1240.091756105423
cctp,2,1780631843.0,6.416447877883911,83.0,844.9849998950958,1024.9849998950958,76.98499989509583,851.4014477729797,1031.4014477729797
cctp,3,1780634123.0,7.141085147857666,46.0,806.9579999446869,1010.9579999446869,38.95799994468689,814.0990850925446,1018.0990850925446
cctp,4,1780634999.0,8.846855640411377,98.0,856.930999994278,952.930999994278,88.93099999427795,865.7778556346893,961.7778556346893
cctp,5,1780635767.0,10.855926275253296,20.0,776.9630000591278,872.9630000591278,8.963000059127808,787.8189263343811,883.8189263343811
cctp,6,1780636571.0,6.014178991317749,71.0,832.9730000495911,892.9730000495911,64.97300004959106,838.9871790409088,898.9871790409088
cctp,7,1780638719.0,6.2557532787323,61.0,822.9909999370575,1038.9909999370575,54.990999937057495,829.2467532157898,1045.2467532157898
cctp,8,1780641095.0,10.25198221206665,262.0,1019.9159998893738,1163.9159998893738,251.91599988937378,1030.1679821014404,1174.1679821014404
cctp,9,1780642079.0,6.400789022445679,42.0,802.9809999465942,1114.9809999465942,34.98099994659424,809.3817889690399,1121.38178896904
cctp,10,1780643891.0,5.646036148071289,22.0,783.9769999980927,819.9769999980927,15.976999998092651,789.6230361461639,825.6230361461639
cctp,11,1780646003.0,10.912144660949707,79.0,835.9590001106262,1063.9590001106262,67.95900011062622,846.8711447715759,1074.871144771576
cctp,12,1780647623.0,7.969181537628174,25.0,784.9639999866486,928.9639999866486,16.96399998664856,792.9331815242767,936.9331815242767
cctp,13,1780649483.0,10.84588885307312,43.0,799.9830000400543,1003.9830000400543,31.98300004005432,810.8288888931274,1014.8288888931274
cctp,14,1780650143.0,10.915994644165039,19.0,775.9260001182556,1087.9260001182556,7.926000118255615,786.8419947624207,1098.8419947624207
cctp,15,1780656095.0,6.6891398429870605,82.0,842.9340000152588,962.9340000152588,74.93400001525879,849.6231398582458,969.6231398582458
cctp,16,1780658387.0,10.111489534378052,63.0,820.9690001010895,952.9690001010895,52.96900010108948,831.0804896354675,963.0804896354675
cctp,17,1780662719.0,6.5719335079193115,19.0,780.9619998931885,804.9619998931885,12.961999893188477,787.5339334011078,811.5339334011078
cctp,18,1780663523.0,11.556771755218506,27.0,783.970999956131,1155.970999956131,15.970999956130981,795.5277717113495,1167.5277717113495
cctp,19,1780668743.0,88.39746260643005,227.0,906.9100000858307,1050.9100000858307,138.9100000858307,995.3074626922607,1139.3074626922607
cctp,20,1780669763.0,6.603709697723389,50.0,810.9960000514984,1086.9960000514984,42.99600005149841,817.5997097492218,1093.5997097492218
cctp,21,1780675139.0,6.742636442184448,42.0,802.9749999046326,1078.9749999046326,34.97499990463257,809.717636346817,1085.717636346817
cctp,22,1780676759.0,7.2637012004852295,291.0,1051.9719998836517,1243.9719998836517,283.97199988365173,1059.235701084137,1251.235701084137
cctp,23,1780678751.0,6.465335369110107,38.0,799.9860000610352,919.9860000610352,31.986000061035156,806.4513354301453,926.4513354301453
cctp,24,1780682003.0,7.541995048522949,64.0,824.9660000801086,1148.9660000801086,56.96600008010864,832.5079951286316,1156.5079951286316
cctp,25,1780684091.0,7.476046323776245,84.0,844.9820001125336,1000.9820001125336,76.98200011253357,852.4580464363098,1008.4580464363098
cctp,26,1780685471.0,10.00769567489624,27.0,784.989000082016,1096.989000082016,16.98900008201599,794.9966957569122,1106.9966957569122
cctp,27,1780690535.0,11.96229887008667,47.0,803.944000005722,1043.944000005722,35.944000005722046,815.9062988758087,1055.9062988758087
cctp,28,1780691783.0,10.871853351593018,55.0,811.9660000801086,955.9660000801086,43.96600008010864,822.8378534317017,966.8378534317017
cctp,29,1780694783.0,6.222626686096191,25.0,786.9949998855591,1002.9949998855591,18.994999885559082,793.2176265716553,1009.2176265716553
cctp,30,1780698239.0,7.723548650741577,64.0,824.9969999790192,1040.9969999790192,56.996999979019165,832.7205486297607,1048.7205486297607
cctp,31,1780701371.0,7.905250787734985,32.0,792.9400000572205,948.9400000572205,24.94000005722046,800.8452508449554,956.8452508449554
cctp,32,1780705187.0,7.22321891784668,38.0,798.9340000152588,978.9340000152588,30.93400001525879,806.1572189331055,986.1572189331055
cctp,33,1780707383.0,10.365252494812012,37.0,794.9479999542236,1082.9479999542236,26.947999954223633,805.3132524490356,1093.3132524490356
cctp,34,1780709903.0,6.944173574447632,99.0,860.9839999675751,932.9839999675751,92.98399996757507,867.9281735420227,939.9281735420227
cctp,35,1780714559.0,7.606829404830933,154.0,914.9509999752045,938.9509999752045,146.95099997520447,922.5578293800354,946.5578293800354
cctp,36,1780717319.0,6.354457378387451,87.0,848.9769999980927,1184.9769999980927,80.97699999809265,855.3314573764801,1191.33145737648
cctp,37,1780719311.0,7.789539098739624,62.0,822.9830000400543,1086.9830000400543,54.98300004005432,830.772539138794,1094.772539138794
cctp,38,1780721339.0,12.133546829223633,74.0,829.941999912262,985.941999912262,61.94199991226196,842.0755467414856,998.0755467414856
cctp,39,1780724855.0,7.290049076080322,40.0,800.9189999103546,896.9189999103546,32.918999910354614,808.2090489864349,904.2090489864349
cctp,40,1780726247.0,7.069690465927124,17.0,777.989000082016,1017.989000082016,9.989000082015991,785.0586905479431,1025.0586905479431
cctp,41,1780730471.0,6.041373252868652,23.0,784.9409999847412,1024.9409999847412,16.94099998474121,790.9823732376099,1030.9823732376099
cctp,42,1780731731.0,5.959017276763916,80.0,841.9990000724792,973.9990000724792,73.99900007247925,847.9580173492432,979.9580173492432
cctp,43,1780734155.0,6.043555974960327,100.0,861.9909999370575,873.9909999370575,93.9909999370575,868.0345559120178,880.0345559120178
cctp,44,1780737311.0,5.994027614593506,75.0,837.930999994278,1149.930999994278,69.93099999427795,843.9250276088715,1155.9250276088715
cctp,45,1780739867.0,6.385946035385132,55.0,816.960000038147,876.960000038147,48.96000003814697,823.3459460735321,883.3459460735321
cctp,46,1780743287.0,7.4542059898376465,96.0,856.9639999866486,952.9639999866486,88.96399998664856,864.4182059764862,960.4182059764862
cctp,47,1780747907.0,10.319628238677979,43.0,800.9849998950958,884.9849998950958,32.984999895095825,811.3046281337738,895.3046281337738
cctp,48,1780751099.0,6.741008520126343,119.0,880.9920001029968,1228.9920001029968,112.99200010299683,887.7330086231232,1235.7330086231232
cctp,49,1780752251.0,6.438737392425537,71.0,832.9760000705719,1180.976000070572,64.9760000705719,839.4147374629974,1187.4147374629974
cctp,50,1780756859.0,6.0228118896484375,53.0,814.9979999065399,1162.99799990654,46.99799990653992,821.0208117961884,1169.0208117961884
cctp,51,1780758155.0,12.596763372421265,39.0,795.9909999370575,999.9909999370575,27.990999937057495,808.5877633094788,1012.5877633094788
cctp,52,1780761131.0,7.828090190887451,88.0,848.9730000495911,1148.973000049591,80.97300004959106,856.8010902404785,1156.8010902404785
cctp,53,1780765751.0,8.390095710754395,65.0,825.9909999370575,1113.9909999370575,57.990999937057495,834.3810956478119,1122.381095647812
cctp,54,1780767263.0,8.001845836639404,18.0,778.9990000724792,1090.9990000724792,10.999000072479248,787.0008459091187,1099.0008459091187
cctp,55,1780771595.0,6.8094072341918945,132.0,892.9969999790192,1096.9969999790192,124.99699997901917,899.8064072132111,1103.806407213211
cctp,56,1780772807.0,8.612694263458252,145.0,904.9500000476837,1048.9500000476837,136.95000004768372,913.562694311142,1057.562694311142
cctp,57,1780776011.0,11.38903284072876,101.0,857.9570000171661,869.9570000171661,89.95700001716614,869.3460328578949,881.3460328578949
cctp,58,1780778579.0,8.864611148834229,145.0,905.9639999866486,1037.9639999866486,137.96399998664856,914.8286111354828,1046.8286111354828
cctp,59,1780782323.0,7.674015998840332,88.0,848.9679999351501,1076.9679999351501,80.96799993515015,856.6420159339905,1084.6420159339905
cctp,60,1780783535.0,9.413008689880371,100.0,859.9869999885559,1027.986999988556,91.98699998855591,869.4000086784363,1037.4000086784363
cctp,61,1780787519.0,11.843331813812256,10.0,765.9900000095367,789.9900000095367,0.0,777.833331823349,801.833331823349
cctp,62,1780790603.0,7.082713842391968,26.0,787.9379999637604,799.9379999637604,19.937999963760376,795.0207138061523,807.0207138061523
cctp,63,1780794167.0,7.684733152389526,40.0,800.9349999427795,1088.9349999427795,32.93499994277954,808.6197330951691,1096.619733095169
cctp,64,1780797995.0,7.565747499465942,20.0,780.9670000076294,1080.9670000076294,12.967000007629395,788.5327475070953,1088.5327475070953
cctp,65,1780800983.0,6.542374134063721,21.0,782.9920001029968,782.9920001029968,14.992000102996826,789.5343742370605,789.5343742370605
cctp,66,1780802879.0,6.4105000495910645,88.0,849.9790000915527,873.9790000915527,81.97900009155273,856.3895001411438,880.3895001411438
cctp,67,1780805159.0,5.595600605010986,100.0,861.954999923706,909.954999923706,93.95499992370605,867.550600528717,915.550600528717
cctp,68,1780808039.0,12.442900657653809,93.0,849.9609999656677,1089.9609999656677,81.96099996566772,862.4039006233215,1102.4039006233215
cctp,69,1780811627.0,6.9826905727386475,44.0,804.9349999427795,912.9349999427795,36.93499994277954,811.9176905155182,919.9176905155182
cctp,70,1780812935.0,7.52536940574646,56.0,816.9409999847412,1152.9409999847412,48.94099998474121,824.4663693904877,1160.4663693904877
cctp,71,1780816271.0,7.195782899856567,61.0,821.9930000305176,893.9930000305176,53.99300003051758,829.1887829303741,901.1887829303741
cctp,72,1780819499.0,13.912740230560303,46.0,801.9849998950958,1101.9849998950958,33.984999895095825,815.8977401256561,1115.8977401256561
cctp,73,1780821539.0,11.679237604141235,129.0,885.9790000915527,1065.9790000915527,117.97900009155273,897.658237695694,1077.658237695694
cctp,74,1780824059.0,13.546165227890015,139.0,895.944000005722,1243.944000005722,127.94400000572205,909.4901652336121,1257.490165233612
cctp,75,1780827467.0,10.684566497802734,50.0,810.9930000305176,822.9930000305176,42.99300003051758,821.6775665283203,833.6775665283203
cctp,76,1780831619.0,8.718638181686401,51.0,810.989000082016,894.989000082016,42.98900008201599,819.7076382637024,903.7076382637024
cctp,77,1780833491.0,8.650978565216064,96.0,856.9590001106262,988.9590001106262,88.95900011062622,865.6099786758423,997.6099786758423
cctp,78,1780835255.0,12.5601167678833,35.0,791.954999923706,1079.954999923706,23.954999923706055,804.5151166915894,1092.5151166915894
cctp,79,1780840655.0,11.517298460006714,59.0,816.9639999866486,1080.9639999866486,48.96399998664856,828.4812984466553,1092.4812984466553
cctp,80,1780842875.0,12.23648476600647,18.0,773.9869999885559,1121.986999988556,5.986999988555908,786.2234847545624,1134.2234847545624
cctp,81,1780845323.0,7.060617208480835,65.0,826.9990000724792,1030.9990000724792,58.99900007247925,834.0596172809601,1038.05961728096
cctp,82,1780848995.0,8.477980613708496,50.0,810.970999956131,1182.970999956131,42.97099995613098,819.4489805698395,1191.4489805698395
cctp,83,1780851359.0,6.694550037384033,55.0,816.9660000801086,1128.9660000801086,48.96600008010864,823.6605501174927,1135.6605501174927
cctp,84,1780852739.0,12.461316585540771,85.0,842.920000076294,926.920000076294,74.92000007629395,855.3813166618347,939.3813166618347
cctp,85,1780856243.0,8.781113862991333,74.0,834.9519999027252,870.9519999027252,66.95199990272522,843.7331137657166,879.7331137657166
cctp,86,1780858451.0,7.96360445022583,75.0,837.9679999351501,969.9679999351501,69.96799993515015,845.931604385376,977.931604385376
cctp,87,1780861715.0,8.798674583435059,68.0,828.9800000190735,1152.9800000190735,60.980000019073486,837.7786746025085,1161.7786746025085
cctp,88,1780864319.0,7.818241834640503,163.0,924.9990000724792,948.9990000724792,156.99900007247925,932.8172419071198,956.8172419071198
cctp,89,1780868399.0,6.083280324935913,40.0,801.9809999465942,969.9809999465942,33.98099994659424,808.0642802715302,976.0642802715302
cctp,90,1780870283.0,7.381061792373657,79.0,839.9519999027252,1043.9519999027252,71.95199990272522,847.3330616950989,1051.3330616950989
cctp,91,1780873091.0,7.142461538314819,104.0,864.9700000286102,948.9700000286102,96.97000002861023,872.112461566925,956.112461566925
cctp,92,1780875731.0,7.174572467803955,58.0,818.9830000400543,950.9830000400543,50.98300004005432,826.1575725078583,958.1575725078583
cctp,93,1780881215.0,9.4293954372406,53.0,810.9979999065399,834.9979999065399,42.99799990653992,820.4273953437805,844.4273953437805
cctp,94,1780883435.0,6.08643651008606,115.0,876.9370000362396,984.9370000362396,108.93700003623962,883.0234365463257,991.0234365463257
cctp,95,1780885127.0,7.225756883621216,74.0,834.9779999256134,1170.9779999256134,66.9779999256134,842.2037568092346,1178.2037568092346
cctp,96,1780889567.0,6.767273664474487,66.0,826.9349999427795,946.9349999427795,58.93499994277954,833.702273607254,953.702273607254
cctp,97,1780892963.0,5.843370676040649,15.0,776.9869999885559,956.9869999885559,8.986999988555908,782.8303706645966,962.8303706645966
cctp,98,1780894271.0,6.328115224838257,83.0,844.960000038147,868.960000038147,76.96000003814697,851.2881152629852,875.2881152629852
cctp,99,1780896251.0,6.6482977867126465,58.0,818.9690001010895,1166.9690001010895,50.96900010108948,825.6172978878021,1173.6172978878021
cctp,100,1780899347.0,7.6040709018707275,127.0,887.9519999027252,1211.9519999027252,119.95199990272522,895.556070804596,1219.556070804596
cctp,101,1780903499.0,9.959553718566895,69.0,826.9609999656677,838.9609999656677,58.960999965667725,836.9205536842346,848.9205536842346
cctp,102,1780904699.0,7.28304123878479,46.0,806.9639999866486,1154.9639999866486,38.96399998664856,814.2470412254333,1162.2470412254333
cctp,103,1780908407.0,6.493225574493408,43.0,804.9719998836517,900.9719998836517,36.97199988365173,811.4652254581451,907.4652254581451
cctp,104,1780909583.0,11.108146905899048,65.0,821.989000082016,893.989000082016,53.98900008201599,833.097146987915,905.097146987915
cctp,105,1780913831.0,6.83633017539978,107.0,868.9489998817444,916.9489998817444,100.94899988174438,875.7853300571442,923.7853300571442
cctp,106,1780916723.0,6.224788665771484,115.0,876.9590001106262,1104.9590001106262,108.95900011062622,883.1837887763977,1111.1837887763977
cctp,107,1780920563.0,12.130732774734497,82.0,837.9560000896454,1065.9560000896454,69.95600008964539,850.0867328643799,1078.0867328643799
cctp,108,1780926323.0,12.216958284378052,30.0,785.9869999885559,1013.9869999885559,17.986999988555908,798.203958272934,1026.203958272934
cctp,109,1780927799.0,7.298142910003662,52.0,812.9779999256134,1100.9779999256134,44.9779999256134,820.2761428356171,1108.276142835617
cctp,110,1780931771.0,8.011280536651611,40.0,799.9470000267029,955.9470000267029,31.94700002670288,807.9582805633545,963.9582805633545
cctp,111,1780935323.0,10.049985408782959,29.0,786.9739999771118,846.9739999771118,18.973999977111816,797.0239853858948,857.0239853858948
cctp,112,1780937999.0,5.984298944473267,99.0,861.944000005722,933.944000005722,93.94400000572205,867.9282989501953,939.9282989501953
cctp,113,1780942715.0,6.007192850112915,59.0,820.9830000400543,1168.9830000400543,52.98300004005432,826.9901928901672,1174.9901928901672
cctp,114,1780944347.0,7.42496132850647,176.0,936.9909999370575,1188.9909999370575,168.9909999370575,944.415961265564,1196.415961265564
cctp,115,1780948019.0,6.442733526229858,178.0,939.944000005722,975.944000005722,171.94400000572205,946.3867335319519,982.3867335319519
cctp,116,1780951787.0,6.570070505142212,164.0,925.9969999790192,1033.9969999790192,157.99699997901917,932.5670704841614,1040.5670704841614
cctp,117,1780953011.0,6.860844850540161,97.0,858.9869999885559,894.9869999885559,90.98699998855591,865.8478448390961,901.8478448390961
cctp,118,1780957787.0,6.010313987731934,163.0,924.9500000476837,1176.9500000476837,156.95000004768372,930.9603140354156,1182.9603140354156
cctp,119,1780959587.0,11.806523561477661,193.0,949.9920001029968,1321.9920001029968,181.99200010299683,961.7985236644745,1333.7985236644745
cctp,120,1780961447.0,7.9756457805633545,51.0,810.9300000667572,858.9300000667572,42.9300000667572,818.9056458473206,866.9056458473206
cctp,121,1780963823.0,12.115066289901733,95.0,851.9210000038147,1211.9210000038147,83.9210000038147,864.0360662937164,1224.0360662937164
cctp,122,1780968119.0,6.263848304748535,43.0,804.9560000896454,1092.9560000896454,36.956000089645386,811.2198483943939,1099.219848394394
cctp,123,1780970723.0,8.291661262512207,62.0,822.9719998836517,1194.9719998836517,54.97199988365173,831.2636611461639,1203.263661146164
cctp,124,1780973519.0,48.94791626930237,125.0,843.9560000896454,1107.9560000896454,75.95600008964539,892.9039163589478,1156.9039163589478
cctp,125,1780976267.0,13.000531673431396,114.0,868.9849998950958,1072.9849998950958,100.98499989509583,881.9855315685272,1085.9855315685272
cctp,126,1780979879.0,11.361369609832764,80.0,836.933000087738,884.933000087738,68.93300008773804,848.2943696975708,896.2943696975708
cctp,127,1780981139.0,7.151115894317627,139.0,900.9719998836517,1224.9719998836517,132.97199988365173,908.1231157779694,1232.1231157779694
cctp,128,1780985927.0,6.280060052871704,99.0,861.9570000171661,1005.9570000171661,93.95700001716614,868.2370600700378,1012.2370600700378
cctp,129,1780988999.0,11.680694818496704,115.0,871.9660000801086,1015.9660000801086,103.96600008010864,883.6466948986053,1027.6466948986053
cctp,130,1780990943.0,12.236576795578003,87.0,843.9609999656677,963.9609999656677,75.96099996566772,856.1975767612457,976.1975767612457
cctp,131,1780992839.0,7.2169952392578125,24.0,785.9430000782013,929.9430000782013,17.943000078201294,793.1599953174591,937.1599953174591
cctp,132,1780996031.0,10.935442209243774,104.0,860.914999961853,884.914999961853,92.91499996185303,871.8504421710968,895.8504421710968
cctp,133,1781000255.0,12.209136247634888,167.0,923.9479999542236,947.9479999542236,155.94799995422363,936.1571362018585,960.1571362018585
cctp,134,1781003423.0,13.274827241897583,88.0,842.9400000572205,1154.9400000572205,74.94000005722046,856.214827299118,1168.214827299118
cctp,135,1781004767.0,7.671384811401367,82.0,842.9449999332428,962.9449999332428,74.9449999332428,850.6163847446442,970.6163847446442
cctp,136,1781007515.0,14.053016901016235,112.0,866.9879999160767,926.9879999160767,98.98799991607666,881.0410168170929,941.0410168170929
cctp,137,1781010851.0,7.960240125656128,124.0,884.9170000553131,1064.917000055313,116.91700005531311,892.8772401809692,1072.8772401809692
cctp,138,1781012951.0,12.219484806060791,59.0,815.9619998931885,815.9619998931885,47.96199989318848,828.1814846992493,828.1814846992493
cctp,139,1781016959.0,11.602537870407104,38.0,794.9240000247955,1010.9240000247955,26.924000024795532,806.5265378952026,1022.5265378952026
cctp,140,1781019539.0,7.8536248207092285,94.0,854.9700000286102,1178.9700000286102,86.97000002861023,862.8236248493195,1186.8236248493195
cctp,141,1781020691.0,8.060810804367065,44.0,804.954999923706,1128.954999923706,36.954999923706055,813.0158107280731,1137.0158107280731
cctp,142,1781025143.0,6.575655460357666,53.0,815.930999994278,911.930999994278,47.930999994277954,822.5066554546356,918.5066554546356
cctp,143,1781027999.0,8.49487018585205,117.0,876.9630000591278,1188.9630000591278,108.96300005912781,885.4578702449799,1197.4578702449799
cctp,144,1781032259.0,6.253506660461426,41.0,802.9660000801086,1078.9660000801086,34.96600008010864,809.2195067405701,1085.21950674057
cctp,145,1781035631.0,7.344999074935913,74.0,834.9360001087189,1194.9360001087189,66.93600010871887,842.2809991836548,1202.2809991836548
cctp,146,1781037563.0,6.983689546585083,54.0,814.9949998855591,1162.994999885559,46.99499988555908,821.9786894321442,1169.9786894321442
cctp,147,1781039867.0,7.410957098007202,178.0,938.9849998950958,1286.9849998950958,170.98499989509583,946.395956993103,1294.395956993103
cctp,148,1781042039.0,11.665547132492065,120.0,875.9719998836517,971.9719998836517,107.97199988365173,887.6375470161438,983.6375470161438
cctp,149,1781046191.0,7.325459957122803,146.0,906.9370000362396,1074.9370000362396,138.93700003623962,914.2624599933624,1082.2624599933624
cctp,150,1781048219.0,7.494811534881592,72.0,832.9340000152588,892.9340000152588,64.93400001525879,840.4288115501404,900.4288115501404
cctp,151,1781049911.0,6.443497896194458,28.0,789.9430000782013,1077.9430000782013,21.943000078201294,796.3864979743958,1084.3864979743958
cctp,152,1781053691.0,6.098101615905762,109.0,870.9779999256134,1218.9779999256134,102.9779999256134,877.0761015415192,1225.0761015415192
cctp,153,1781056235.0,16.319786310195923,84.0,835.9860000610352,943.9860000610352,67.98600006103516,852.3057863712311,960.3057863712311
cctp,154,1781058587.0,7.552868843078613,118.0,878.9509999752045,938.9509999752045,110.95099997520447,886.5038688182831,946.5038688182831
cctp,155,1781063567.0,11.759118556976318,180.0,935.9820001125336,1007.9820001125336,167.98200011253357,947.7411186695099,1019.7411186695099
cctp,156,1781065727.0,11.356690883636475,141.0,897.9909999370575,1113.9909999370575,129.9909999370575,909.347690820694,1125.347690820694
cctp,157,1781067215.0,10.7211012840271,91.0,848.9590001106262,1112.9590001106262,80.95900011062622,859.6801013946533,1123.6801013946533
cctp,158,1781070227.0,6.797288656234741,194.0,954.9649999141693,1278.9649999141693,186.9649999141693,961.762288570404,1285.762288570404
cctp,159,1781073491.0,11.039804458618164,135.0,891.9679999351501,1023.9679999351501,123.96799993515015,903.0078043937683,1035.0078043937683
cctp,160,1781078003.0,10.343837976455688,161.0,918.9879999160767,1146.9879999160767,150.98799991607666,929.3318378925323,1157.3318378925323
cctp,161,1781081783.0,7.509193420410156,159.0,918.9570000171661,1206.9570000171661,150.95700001716614,926.4661934375763,1214.4661934375763
cctp,162,1781083907.0,7.549153089523315,45.0,804.9690001010895,888.9690001010895,36.96900010108948,812.5181531906128,896.5181531906128
cctp,163,1781087207.0,5.891783952713013,101.0,862.960000038147,1102.960000038147,94.96000003814697,868.85178399086,1108.85178399086
cctp,164,1781089223.0,7.285205364227295,122.0,882.9340000152588,1026.9340000152588,114.93400001525879,890.2192053794861,1034.219205379486
cctp,165,1781090567.0,7.514389514923096,110.0,870.9560000896454,1206.9560000896454,102.95600008964539,878.4703896045685,1214.4703896045685
cctp,166,1781093867.0,7.4127819538116455,127.0,887.9590001106262,995.9590001106262,119.95900011062622,895.3717820644379,1003.3717820644379
cctp,167,1781098067.0,6.534908056259155,114.0,874.9579999446869,1006.9579999446869,106.95799994468689,881.492908000946,1013.492908000946
cctp,168,1781099531.0,11.24579668045044,31.0,787.9649999141693,991.9649999141693,19.96499991416931,799.2107965946198,1003.2107965946198
cctp,169,1781101043.0,7.170860767364502,65.0,825.920000076294,1053.920000076294,57.920000076293945,833.0908608436584,1061.0908608436584
cctp,170,1781106671.0,7.020856142044067,45.0,806.933000087738,1166.933000087738,38.93300008773804,813.9538562297821,1173.953856229782
cctp,171,1781109635.0,6.520627498626709,17.0,778.9509999752045,862.9509999752045,10.950999975204468,785.4716274738312,869.4716274738312
cctp,172,1781153939.0,7.12606143951416,134.0,894.9900000095367,1218.9900000095367,126.99000000953674,902.1160614490509,1226.116061449051
cctp,173,1781155991.0,5.798419713973999,166.0,927.9830000400543,1119.9830000400543,159.98300004005432,933.7814197540283,1125.7814197540283
cctp,174,1781159231.0,7.206888437271118,85.0,846.930999994278,870.930999994278,78.93099999427795,854.1378884315491,878.1378884315491
cctp,175,1781160515.0,7.816532373428345,163.0,923.9500000476837,1199.9500000476837,155.95000004768372,931.7665324211121,1207.766532421112
cctp,176,1781162495.0,10.966835021972656,101.0,857.9470000267029,1073.9470000267029,89.94700002670288,868.9138350486755,1084.9138350486755
cctp,177,1781164751.0,6.793301820755005,157.0,918.9500000476837,1182.9500000476837,150.95000004768372,925.7433018684387,1189.7433018684387
cctp,178,1781166035.0,6.01922607421875,93.0,854.9739999771118,986.9739999771118,86.97399997711182,860.9932260513306,992.9932260513306
cctp,179,1781167979.0,7.573894739151001,122.0,882.9260001182556,990.9260001182556,114.92600011825562,890.4998948574066,998.4998948574066
cctp,180,1781170931.0,11.153653860092163,172.0,928.9349999427795,1156.9349999427795,160.93499994277954,940.0886538028717,1168.0886538028717
cctp,181,1781173727.0,7.24877667427063,16.0,778.0,898.0,10.0,785.2487766742706,905.2487766742706
cctp,182,1781174963.0,7.003345251083374,41.0,802.9900000095367,838.9900000095367,34.99000000953674,809.9933452606201,845.9933452606201
cctp,183,1781177687.0,11.821897745132446,122.0,878.9990000724792,878.9990000724792,110.99900007247925,890.8208978176117,890.8208978176117
cctp,184,1781180711.0,7.27107048034668,85.0,846.9969999790192,894.9969999790192,78.99699997901917,854.2680704593658,902.2680704593658
cctp,185,1781184503.0,6.090111017227173,99.0,860.9660000801086,956.9660000801086,92.96600008010864,867.0561110973358,963.0561110973358
cctp,186,1781186807.0,6.932331323623657,61.0,821.9719998836517,917.9719998836517,53.97199988365173,828.9043312072754,924.9043312072754
cctp,187,1781188031.0,10.788605690002441,93.0,849.9670000076294,873.9670000076294,81.9670000076294,860.7556056976318,884.7556056976318
cctp,188,1781194079.0,7.54864764213562,90.0,850.9370000362396,970.9370000362396,82.93700003623962,858.4856476783752,978.4856476783752
cctp,189,1781199347.0,44.115103006362915,256.0,980.944000005722,1208.944000005722,212.94400000572205,1025.059103012085,1253.059103012085
cctp,190,1781200403.0,8.303434371948242,112.0,872.9670000076294,1196.9670000076294,104.9670000076294,881.2704343795776,1205.2704343795776
cctp,191,1781202695.0,13.019765377044678,73.0,829.9860000610352,1165.9860000610352,61.986000061035156,843.0057654380798,1179.0057654380798
cctp,192,1781207879.0,7.238893032073975,56.0,816.920000076294,960.920000076294,48.920000076293945,824.1588931083679,968.1588931083679
cctp,193,1781209187.0,6.219865560531616,21.0,782.9800000190735,1154.9800000190735,14.980000019073486,789.1998655796051,1161.199865579605
cctp,194,1781212103.0,7.569229364395142,45.0,806.9719998836517,950.9719998836517,38.97199988365173,814.5412292480469,958.5412292480469
cctp,195,1781215199.0,10.581528425216675,144.0,900.9979999065399,1020.9979999065399,132.99799990653992,911.5795283317566,1031.5795283317566
cctp,196,1781219807.0,7.7241857051849365,151.0,911.9990000724792,1031.9990000724792,143.99900007247925,919.7231857776642,1039.7231857776642
cctp,197,1781220911.0,8.030431270599365,55.0,815.933000087738,983.933000087738,47.93300008773804,823.9634313583374,991.9634313583374
cctp,198,1781224883.0,11.315367460250854,150.0,907.954999923706,943.954999923706,139.95499992370605,919.2703673839569,955.2703673839569
cctp,199,1781226299.0,6.13365912437439,90.0,851.9879999160767,1007.9879999160767,83.98799991607666,858.121659040451,1014.121659040451
cctp,200,1781229923.0,7.290396451950073,97.0,857.9949998855591,1229.994999885559,89.99499988555908,865.2853963375092,1237.2853963375092
cctp,201,1781231747.0,12.501200199127197,116.0,872.9340000152588,956.9340000152588,104.93400001525879,885.435200214386,969.435200214386
cctp,202,1781234867.0,6.655227422714233,19.0,780.9760000705719,816.9760000705719,12.9760000705719,787.6312274932861,823.6312274932861
cctp,203,1781236451.0,6.487634181976318,193.0,954.9500000476837,1326.9500000476837,186.95000004768372,961.43763422966,1333.43763422966
cctp,204,1781239751.0,7.6543869972229,137.0,898.960000038147,1042.960000038147,130.96000003814697,906.6143870353699,1050.6143870353699
cctp,205,1781241671.0,11.579036474227905,164.0,921.9470000267029,1065.9470000267029,153.94700002670288,933.5260365009308,1077.5260365009308
cctp,206,1781243663.0,10.147361516952515,142.0,899.9619998931885,971.9619998931885,131.96199989318848,910.109361410141,982.109361410141
cctp,207,1781244815.0,5.327615022659302,82.0,844.9700000286102,916.9700000286102,76.97000002861023,850.2976150512695,922.2976150512695
cctp,208,1781247107.0,9.806141138076782,54.0,811.9719998836517,895.9719998836517,43.97199988365173,821.7781410217285,905.7781410217285
cctp,209,1781250623.0,7.362720251083374,148.0,908.9860000610352,932.9860000610352,140.98600006103516,916.3487203121185,940.3487203121185
cctp,210,1781251751.0,6.7765281200408936,74.0,834.9869999885559,882.9869999885559,66.98699998855591,841.7635281085968,889.7635281085968
native,1,1764226763.0,13.409765005111694,95.0,850.1589999198914,862.1589999198914,82.15899991989136,863.568764925003,875.568764925003
native,2,1764329447.0,12.416715860366821,110.0,865.8220000267029,1105.8220000267029,97.82200002670288,878.2387158870697,1118.2387158870697
native,3,1764329519.0,9.486292123794556,84.0,842.0629999637604,1010.0629999637604,74.06299996376038,851.5492920875549,1019.5492920875549
native,4,1764329519.0,6.984022855758667,40.0,801.4539999961853,969.4539999961853,33.4539999961853,808.438022851944,976.438022851944
native,5,1764329603.0,11.25092077255249,90.0,846.8810000419617,930.8810000419617,78.88100004196167,858.1319208145142,942.1319208145142
native,6,1764329603.0,5.560200929641724,56.0,818.3800001144409,902.3800001144409,50.38000011444092,823.9402010440826,907.9402010440826
native,7,1764335783.0,4.890113115310669,23.0,785.9519999027252,833.9519999027252,17.95199990272522,790.8421130180359,838.8421130180359
native,8,1764335891.0,8.523216009140015,97.0,856.0179998874664,1180.0179998874664,88.01799988746643,864.5412158966064,1188.5412158966064
native,9,1764335891.0,3.7891619205474854,65.0,829.3320000171661,1153.3320000171661,61.33200001716614,833.1211619377136,1157.1211619377136
native,10,1764416111.0,4.924515962600708,144.0,907.1659998893738,1267.1659998893738,139.16599988937378,912.0905158519745,1272.0905158519745
native,11,1764416111.0,10.23080825805664,112.0,869.5429999828339,1229.5429999828339,101.54299998283386,879.7738082408905,1239.7738082408905
native,12,1764416111.0,13.857376098632812,88.0,841.5950000286102,1201.5950000286102,73.59500002861023,855.452376127243,1215.452376127243
native,13,1764416111.0,7.298938989639282,51.0,812.0629999637604,1172.0629999637604,44.062999963760376,819.3619389533997,1179.3619389533997
native,14,1764416111.0,6.824261903762817,30.0,790.4119999408722,1150.4119999408722,22.411999940872192,797.236261844635,1157.236261844635
native,15,1764422867.0,8.826534986495972,121.0,879.6710000038147,1011.6710000038147,111.6710000038147,888.4975349903107,1020.4975349903107
native,16,1764422867.0,2.6744308471679688,97.0,861.1410000324249,993.1410000324249,93.14100003242493,863.8154308795929,995.8154308795929
native,17,1764422867.0,12.379807949066162,80.0,834.75,966.75,66.75,847.1298079490662,979.1298079490662
native,18,1764422867.0,11.404130935668945,41.0,795.9730000495911,927.9730000495911,27.973000049591064,807.37713098526,939.37713098526
native,19,1764422987.0,4.592025995254517,67.0,829.3619999885559,841.3619999885559,61.36199998855591,833.9540259838104,845.9540259838104
native,20,1764422987.0,10.343106031417847,51.0,808.5699999332428,820.5699999332428,40.5699999332428,818.9131059646606,830.9131059646606
native,21,1764422987.0,5.49947190284729,22.0,783.7490000724792,795.7490000724792,15.749000072479248,789.2484719753265,801.2484719753265
native,22,1764489815.0,2.5858118534088135,91.0,855.1570000648499,855.1570000648499,87.15700006484985,857.7428119182587,857.7428119182587
native,23,1764490019.0,11.412899017333984,51.0,806.3289999961853,986.3289999961853,38.3289999961853,817.7418990135193,997.7418990135193
native,24,1764490235.0,11.240149021148682,59.0,814.3480000495911,1162.348000049591,46.348000049591064,825.5881490707397,1173.5881490707397
native,25,1764490235.0,4.192079782485962,24.0,786.9230000972748,1134.9230000972748,18.92300009727478,791.1150798797607,1139.1150798797607
native,26,1764495995.0,3.5334789752960205,19.0,782.4340000152588,1130.4340000152588,14.434000015258789,785.9674789905548,1133.9674789905548
native,27,1764499799.0,6.503083944320679,59.0,819.1770000457764,819.1770000457764,51.17700004577637,825.680083990097,825.680083990097
native,28,1764499799.0,5.5316009521484375,39.0,801.6740000247955,801.6740000247955,33.67400002479553,807.205600976944,807.205600976944
native,29,1764499799.0,8.597803831100464,24.0,782.2880001068115,782.2880001068115,14.288000106811523,790.885803937912,790.885803937912
native,30,1764499883.0,6.927881956100464,90.0,850.3320000171661,1150.3320000171661,82.33200001716614,857.2598819732666,1157.2598819732666
native,31,1764651107.0,5.552113056182861,22.0,784.4049999713898,1156.4049999713898,16.40499997138977,789.9571130275726,1161.9571130275726
native,32,1764651167.0,11.178673028945923,67.0,823.3220000267029,1135.3220000267029,55.32200002670288,834.5006730556488,1146.5006730556488
native,33,1764651167.0,7.445525884628296,25.0,785.5420000553131,1097.542000055313,17.54200005531311,792.9875259399414,1104.9875259399414
native,34,1764651215.0,11.782960891723633,58.0,814.0510001182556,1078.0510001182556,46.051000118255615,825.8339610099792,1089.8339610099792
native,35,1764651215.0,7.4928600788116455,38.0,798.7690000534058,1062.7690000534058,30.76900005340576,806.2618601322174,1070.2618601322174
native,36,1764651215.0,4.5977089405059814,23.0,786.2000000476837,1050.2000000476837,18.200000047683716,790.7977089881897,1054.7977089881897
native,37,1764651263.0,12.752994060516357,59.0,814.2720000743866,1030.2720000743866,46.2720000743866,827.024994134903,1043.024994134903
native,38,1764651263.0,8.78156590461731,39.0,797.720999956131,1013.720999956131,29.72099995613098,806.5025658607483,1022.5025658607483
native,39,1764651323.0,6.973881006240845,71.0,832.4900000095367,988.4900000095367,64.49000000953674,839.4638810157776,995.4638810157776
native,40,1764651323.0,7.026256084442139,54.0,815.3980000019073,971.3980000019073,47.39800000190735,822.4242560863495,978.4242560863495
native,41,1764737015.0,5.519562005996704,18.0,780.3020000457764,876.3020000457764,12.302000045776367,785.8215620517731,881.8215620517731
native,42,1764737123.0,3.4002580642700195,112.0,875.6310000419617,1247.6310000419617,107.63100004196167,879.0312581062317,1251.0312581062317
native,43,1764737123.0,9.896095037460327,99.0,856.7070000171661,1228.7070000171661,88.70700001716614,866.6030950546265,1238.6030950546265
native,44,1764737123.0,5.70104193687439,81.0,842.0820000171661,1214.0820000171661,74.08200001716614,847.7830419540405,1219.7830419540405
native,45,1764737123.0,10.474531888961792,66.0,823.0950000286102,1195.0950000286102,55.09500002861023,833.569531917572,1205.569531917572
native,46,1764737123.0,9.296210050582886,47.0,805.2490000724792,1177.2490000724792,37.24900007247925,814.5452101230621,1186.5452101230621
native,47,1764737123.0,8.687311887741089,29.0,788.2260000705719,1160.226000070572,20.2260000705719,796.913311958313,1168.913311958313
native,48,1764737207.0,2.7288129329681396,96.0,860.2000000476837,1148.2000000476837,92.20000004768372,862.9288129806519,1150.9288129806519
native,49,1764737207.0,8.662154197692871,84.0,843.1579999923706,1131.1579999923706,75.1579999923706,851.8201541900635,1139.8201541900635
native,50,1764737207.0,12.586076021194458,66.0,820.9739999771118,1108.9739999771118,52.973999977111816,833.5600759983063,1121.5600759983063
native,51,1764744239.0,12.429837942123413,34.0,787.8940000534058,955.8940000534058,19.89400005340576,800.3238379955292,968.3238379955292
native,52,1764744239.0,10.414520978927612,12.0,768.625,936.625,0.625,779.0395209789276,947.0395209789276
native,53,1764744515.0,11.23957896232605,269.0,1025.8810000419617,1301.8810000419617,257.88100004196167,1037.1205790042877,1313.1205790042877
native,54,1764744515.0,7.8450987339019775,251.0,1009.5250000953674,1285.5250000953674,241.52500009536743,1017.3700988292694,1293.3700988292694
native,55,1764744527.0,7.995890855789185,246.0,1005.125,1269.125,237.125,1013.1208908557892,1277.1208908557892
native,56,1764746183.0,8.899763107299805,60.0,818.3829998970032,962.3829998970032,50.382999897003174,827.282763004303,971.282763004303
native,57,1764746183.0,9.294572830200195,38.0,796.3940000534058,940.3940000534058,28.39400005340576,805.688572883606,949.688572883606
native,58,1764746279.0,12.240754842758179,113.0,867.8410000801086,915.8410000801086,99.84100008010864,880.0817549228668,928.0817549228668
native,59,1764746279.0,10.526731252670288,90.0,847.1589999198914,895.1589999198914,79.15899991989136,857.6857311725616,905.6857311725616
native,60,1764746279.0,2.7527849674224854,57.0,820.8029999732971,868.8029999732971,52.80299997329712,823.5557849407196,871.5557849407196
native,61,1764746327.0,8.650749206542969,78.0,836.5499999523163,836.5499999523163,68.54999995231628,845.2007491588593,845.2007491588593
native,62,1764746327.0,7.673288106918335,58.0,817.585000038147,817.585000038147,49.58500003814697,825.2582881450653,825.2582881450653
native,63,1764813371.0,7.837504148483276,345.0,1104.7829999923706,1260.7829999923706,336.7829999923706,1112.6205041408539,1268.6205041408539
native,64,1764813395.0,5.743484020233154,352.0,1113.4130001068115,1245.4130001068115,345.4130001068115,1119.1564841270447,1251.1564841270447
native,65,1764813395.0,12.91891598701477,335.0,1089.5030000209808,1221.5030000209808,321.50300002098083,1102.4219160079956,1234.4219160079956
native,66,1764813395.0,3.749479055404663,314.0,1076.638000011444,1208.638000011444,308.6380000114441,1080.3874790668488,1212.3874790668488
native,67,1764813479.0,5.042528867721558,384.0,1146.029000043869,1194.029000043869,378.029000043869,1151.0715289115906,1199.0715289115906
native,68,1764814151.0,7.550709009170532,229.0,989.2750000953674,1133.2750000953674,221.27500009536743,996.825709104538,1140.825709104538
native,69,1764814151.0,10.493498086929321,213.0,969.4449999332428,1113.4449999332428,201.4449999332428,979.9384980201721,1123.9384980201721
native,70,1764814151.0,10.646901845932007,193.0,950.6380000114441,1094.638000011444,182.6380000114441,961.2849018573761,1105.284901857376
native,71,1764824807.0,12.896888017654419,1087.0,1841.4960000514984,2081.4960000514984,1073.4960000514984,1854.3928880691528,2094.392888069153
native,72,1764824807.0,8.87802791595459,1065.0,1823.87700009346,2063.87700009346,1055.87700009346,1832.7550280094147,2072.7550280094147
native,73,1764824807.0,7.506564140319824,1044.0,1803.2679998874664,2043.2679998874664,1035.2679998874664,1810.7745640277863,2050.7745640277863
native,74,1764824807.0,11.978074073791504,1028.0,1783.0810000896454,2023.0810000896454,1015.0810000896454,1795.059074163437,2035.059074163437
native,75,1764824807.0,12.22150707244873,1008.0,1763.5499999523163,2003.5499999523163,995.5499999523163,1775.771507024765,2015.771507024765
native,76,1764826859.0,10.406425952911377,186.0,942.5780000686646,1050.5780000686646,174.57800006866455,952.9844260215759,1060.984426021576
native,77,1764858347.0,47.32102108001709,237.0,955.8659999370575,1063.8659999370575,187.8659999370575,1003.1870210170746,1111.1870210170746
native,78,1764858707.0,4.677177906036377,489.0,1251.7060000896454,1383.7060000896454,483.7060000896454,1256.3831779956818,1388.3831779956818
native,79,1764858707.0,5.364645004272461,471.0,1231.5260000228882,1363.5260000228882,463.5260000228882,1236.8906450271606,1368.8906450271606
native,80,1764858815.0,4.843109130859375,474.0,1236.1840000152588,1260.1840000152588,468.1840000152588,1241.0271091461182,1265.0271091461182
native,81,1764858815.0,18.253886938095093,451.0,1200.917000055313,1224.917000055313,432.9170000553131,1219.1708869934082,1243.1708869934082
native,82,1764906587.0,5.008883953094482,18.0,780.039999961853,1032.039999961853,12.039999961853027,785.0488839149475,1037.0488839149475
native,83,1764906635.0,7.880172967910767,51.0,810.7539999485016,1014.7539999485016,42.75399994850159,818.6341729164124,1022.6341729164124
native,84,1764906635.0,6.460364103317261,29.0,788.0720000267029,992.0720000267029,20.07200002670288,794.5323641300201,998.5323641300201
native,85,1764906659.0,7.5953590869903564,34.0,793.6670000553131,973.6670000553131,25.66700005531311,801.2623591423035,981.2623591423035
native,86,1764906695.0,4.583320140838623,51.0,813.6470000743866,957.6470000743866,45.6470000743866,818.2303202152252,962.2303202152252
native,87,1764906695.0,8.991345167160034,37.0,794.5299999713898,938.5299999713898,26.52999997138977,803.5213451385498,947.5213451385498
native,88,1764906719.0,10.665774822235107,42.0,799.183000087738,919.183000087738,31.183000087738037,809.8487749099731,929.8487749099731
native,89,1764906719.0,8.776730060577393,18.0,774.8589999675751,894.8589999675751,6.858999967575073,783.6357300281525,903.6357300281525
native,90,1764906743.0,3.7274551391601562,22.0,784.4189999103546,880.4189999103546,16.418999910354614,788.1464550495148,884.1464550495148
native,91,1764982247.0,12.735357284545898,67.0,821.6889998912811,1061.6889998912811,53.68899989128113,834.424357175827,1074.424357175827
native,92,1764982247.0,4.523943901062012,44.0,807.3280000686646,1047.3280000686646,39.32800006866455,811.8519439697266,1051.8519439697266
native,93,1764982247.0,12.705321073532104,31.0,785.9079999923706,1025.9079999923706,17.907999992370605,798.6133210659027,1038.6133210659027
native,94,1764982547.0,7.5198469161987305,41.0,801.5880000591278,1125.5880000591278,33.58800005912781,809.1078469753265,1133.1078469753265
native,95,1764982547.0,8.526763200759888,25.0,784.3989999294281,1108.398999929428,16.3989999294281,792.925763130188,1116.925763130188
native,96,1765095659.0,5.715943098068237,52.0,813.4159998893738,921.4159998893738,45.41599988937378,819.131942987442,927.131942987442
native,97,1765095659.0,6.2083899974823,37.0,798.154000043869,906.154000043869,30.15400004386902,804.3623900413513,912.3623900413513
native,98,1765095659.0,14.49187707901001,16.0,769.3120000362396,877.3120000362396,1.312000036239624,783.8038771152496,891.8038771152496
native,99,1765095707.0,6.9920220375061035,40.0,800.1070001125336,860.1070001125336,32.10700011253357,807.0990221500397,867.0990221500397
native,100,1765095743.0,10.221978902816772,53.0,810.2829999923706,834.2829999923706,42.282999992370605,820.5049788951874,844.5049788951874
native,101,1765168283.0,7.912791967391968,118.0,878.1280000209808,938.1280000209808,110.12800002098083,886.0407919883728,946.0407919883728
native,102,1765168283.0,15.439320802688599,101.0,852.9470000267029,912.9470000267029,84.94700002670288,868.3863208293915,928.3863208293915
native,103,1765168283.0,4.78122091293335,75.0,837.7109999656677,897.7109999656677,69.71099996566772,842.4922208786011,902.4922208786011
native,104,1765168283.0,7.241261959075928,55.0,815.8250000476837,875.8250000476837,47.825000047683716,823.0662620067596,883.0662620067596
native,105,1765168355.0,4.474938154220581,111.0,874.6329998970032,1246.6329998970032,106.63299989700317,879.1079380512238,1251.1079380512238
native,106,1765168355.0,11.924744129180908,91.0,846.569000005722,1218.569000005722,78.56900000572205,858.493744134903,1230.493744134903
native,107,1765168355.0,9.26955509185791,67.0,825.7309999465942,1197.7309999465942,57.73099994659424,835.0005550384521,1207.0005550384521
native,108,1765169471.0,12.370670795440674,19.0,774.6630001068115,798.6630001068115,6.663000106811523,787.0336709022522,811.0336709022522
native,109,1765169519.0,5.366157054901123,46.0,808.5929999351501,1168.5929999351501,40.59299993515015,813.9591569900513,1173.9591569900513
native,110,1765169519.0,8.602116823196411,32.0,790.875,1150.875,22.875,799.4771168231964,1159.4771168231964
native,111,1765169567.0,5.064604759216309,60.0,822.8440001010895,1134.8440001010895,54.84400010108948,827.9086048603058,1139.9086048603058
native,112,1765169567.0,6.71080207824707,46.0,807.5079998970032,1119.5079998970032,39.507999897003174,814.2188019752502,1126.2188019752502
native,113,1765169567.0,8.554045915603638,27.0,785.8970000743866,1097.8970000743866,17.897000074386597,794.4510459899902,1106.4510459899902
native,114,1765169627.0,11.500360250473022,69.0,825.6889998912811,1077.6889998912811,57.68899989128113,837.1893601417542,1089.1893601417542
native,115,1765169627.0,11.849050998687744,50.0,805.289999961853,1057.289999961853,37.28999996185303,817.1390509605408,1069.1390509605408
native,116,1765169627.0,5.615509033203125,24.0,786.3110001087189,1038.3110001087189,18.311000108718872,791.926509141922,1043.926509141922
native,117,1765177895.0,11.855172395706177,72.0,827.795000076294,875.795000076294,59.795000076293945,839.6501724720001,887.6501724720001
