experiment_id,arb_tx_hash,arb_block_number,batch_l1_block,batch_l1_ts,t_safe_iso,t_hard_ts,hl_ledger_time_ms,G_seconds,L_wallclock_seconds,anchor_l1_block,arb_block_timestamp_ts,t1_to_safe_seconds,err
1,0x863bf4306897c2b46ea4e46149348d01c92bdb96eeb85d81653d06df96043eb5,404580282,23888414,1764226679,2025-11-27T06:57:59Z,1764227447,1764226680841.0,766.159,13.41,23888413,1764226668,11,
2,0xa8e8a2af7be31e1918b8af22df37bac70882d35333af9d1804b77069e9149cbb,404991447,23896879,1764329339,2025-11-28T11:28:59Z,1764330107,1764329349178.0,757.822,12.417,23896878,1764329337,2,
3,0x182c60a3814efef3f65c35f39a932186865d3757d8ed96e635746c17abb387aa,404991840,23896888,1764329447,2025-11-28T11:30:47Z,1764330215,1764329444937.0,770.063,9.486,23896887,1764329435,12,
4,0xf7cd28b785793af79ae6cce5cf87aa0b95a9f3455c6a748fe43bedba948420c7,404992013,23896894,1764329519,2025-11-28T11:31:59Z,1764330287,1764329485546.0,801.454,6.984,23896890,1764329479,40,
5,0xa07003cbf7b5ee5f601264e5d58b6d2507f6ff91f2fec9451abdad2dac96f447,404992149,23896894,1764329519,2025-11-28T11:31:59Z,1764330287,1764329524119.0,762.881,11.251,23896893,1764329513,6,
6,0xdbc1fe6267d248aa2ab4b78a9f750dadad3a0fcf1434f99c9a669701a362999e,404992287,23896901,1764329603,2025-11-28T11:33:23Z,1764330371,1764329552620.0,818.38,5.56,23896896,1764329547,56,
7,0x1b3bd2a3027e71e0e542ed67262f2aaed2a283703f2e3e8b66d8accc998c935e,405017193,23897410,1764335783,2025-11-28T13:16:23Z,1764336551,1764335765048.0,785.952,4.89,23897408,1764335760,23,
8,0x85d47c5fbd160f38ee0c408b258150b18b1b04f8d6a2b36d77cbb83aee2fa5d5,405017330,23897410,1764335783,2025-11-28T13:16:23Z,1764336551,1764335802982.0,748.018,8.523,23897410,1764335794,-11,
9,0xfcce38da511a6267c59dc75713e10c637e183951260d3c82dc54b4b675acceb3,405017456,23897419,1764335891,2025-11-28T13:18:11Z,1764336659,1764335829668.0,829.332,3.789,23897413,1764335826,65,
10,0x1b860850e3fc88e718e249738982bfee556f2df6b318c0e6e84b335af61cc9fa,405338149,23904045,1764415979,2025-11-29T11:32:59Z,1764416747,1764415971834.0,775.166,4.925,23904044,1764415967,12,
11,0xcb9bb3910e8ca09e9062ddd592465ee985b97033f45eb018220a9e78cea40b1b,405338277,23904056,1764416111,2025-11-29T11:35:11Z,1764416879,1764416009457.0,869.543,10.231,23904046,1764415999,112,
12,0xda6030ed462554772ff2f9ff5e20f4f0611d573ea5fa82c51a0d472b80eb360b,405338375,23904056,1764416111,2025-11-29T11:35:11Z,1764416879,1764416037405.0,841.595,13.857,23904048,1764416023,88,
13,0x1673e85cba4cdf0a1f291262b552208dcb0fb5e6825809c8964bc604191fe21c,405338519,23904056,1764416111,2025-11-29T11:35:11Z,1764416879,1764416066937.0,812.063,7.299,23904051,1764416060,51,
14,0x13369edfb24eab99094ab52fd36ef1d1253a8fa89b1bdf7e71cc3a9a913c59a6,405338604,23904056,1764416111,2025-11-29T11:35:11Z,1764416879,1764416088588.0,790.412,6.824,23904053,1764416081,30,
15,0x63a3722d5fc2b750a191e0c6edd14baf4d34e230cd370ebeb36be32a9abd59ab,405365282,23904607,1764422747,2025-11-29T13:25:47Z,1764423515,1764422755329.0,759.671,8.827,23904606,1764422746,1,
16,0x9cd03c2694ebbadab6e5d52f98c03f1799e17f9f27a6bd80b4482a449016201f,405365376,23904617,1764422867,2025-11-29T13:27:47Z,1764423635,1764422773859.0,861.141,2.674,23904608,1764422770,97,
17,0xb3d1ea4ba2aed89c13c0e1bd238f15cc12a6a7b4e27b7e24873fc90708a4e90d,405365445,23904617,1764422867,2025-11-29T13:27:47Z,1764423635,1764422800250.0,834.75,12.38,23904610,1764422787,80,
18,0xd8a60b7b629fe8e3de17f79ed8c9747d392145acbddec1f4737de118a0be406f,405365602,23904617,1764422867,2025-11-29T13:27:47Z,1764423635,1764422839027.0,795.973,11.404,23904613,1764422826,41,
19,0xa04303bca1ca650aa09d868c93ae598d21bfdf11d1511360eaf32a1c9950c312,405365975,23904627,1764422987,2025-11-29T13:29:47Z,1764423755,1764422925638.0,829.362,4.592,23904621,1764422920,67,
20,0x1f6e7116975511f4a26d83cc68ea1087d515d00b5604f3ff8e2fd61ba0ff8df1,405366038,23904627,1764422987,2025-11-29T13:29:47Z,1764423755,1764422946430.0,808.57,10.343,23904622,1764422936,51,
21,0x1e7cdbdb8d45dee90a352218120479172c1a83c1cd62706623cb3f1b36825aad,405366156,23904627,1764422987,2025-11-29T13:29:47Z,1764423755,1764422971251.0,783.749,5.499,23904625,1764422965,22,
22,0x4a6b668950c65532d43001bc655b77254ea7ef7717c9e7946f4b066b8df49172,405633192,23910153,1764489719,2025-11-30T08:01:59Z,1764490487,1764489727843.0,759.157,2.586,23910153,1764489724,-5,
23,0x19f6f59d9d3a10eeb7c0573ace93f94cf943e4a7fa80ab06d521ac1e4135d48d,405634169,23910177,1764490019,2025-11-30T08:06:59Z,1764490787,1764489980671.0,806.329,11.413,23910172,1764489968,51,
24,0x9e9a07c1e311df9bde1530c6860dd73cf48e5c817aa16edebf9f55988e92be1f,405634999,23910195,1764490235,2025-11-30T08:10:35Z,1764491003,1764490188652.0,814.348,11.24,23910190,1764490176,59,
25,0xd775720ff550c9cd190ef81a3715c6322424a7802076bbf9eed6ed0f8812e78c,405635137,23910195,1764490235,2025-11-30T08:10:35Z,1764491003,1764490216077.0,786.923,4.192,23910193,1764490211,24,
26,0x3d3ab2287cf21c251bb10b6e0d2cc392060da8c88f158120f65c76e8f897039c,405658247,23910673,1764495995,2025-11-30T09:46:35Z,1764496763,1764495980566.0,782.434,3.533,23910671,1764495976,19,
27,0xf383bf2ee0e6e5930e4bd1c25b57120ef1fb6a7f70987853d76adea74d08dc76,405673337,23910990,1764499799,2025-11-30T10:49:59Z,1764500567,1764499747823.0,819.177,6.503,23910985,1764499740,59,
28,0x2ed530666ca8fb49412afdb5ea0e244192b49a1df98b99a984253abc8cfbb2e4,405673414,23910990,1764499799,2025-11-30T10:49:59Z,1764500567,1764499765326.0,801.674,5.532,23910986,1764499760,39,
29,0x232beca261194f091234c256603c3413199ee151608649743560db31867b3c03,405673474,23910990,1764499799,2025-11-30T10:49:59Z,1764500567,1764499784712.0,782.288,8.598,23910988,1764499775,24,
30,0x2abe4cf5ddd61d70aaf0bb09745df53b1a2d6f50e7335b1023c420f596e5cdd4,405673548,23910990,1764499799,2025-11-30T10:49:59Z,1764500567,1764499800668.0,766.332,6.928,23910989,1764499793,6,
31,0x75d1805d856df38a139b10ae2cecb6a27bf20e67054df66fbf680482997e20bc,406280493,23923514,1764651107,2025-12-02T04:51:47Z,1764651875,1764651090595.0,784.405,5.552,23923512,1764651085,22,
32,0x0be000d939bbb8e60c4515b0f24c0e3b387afad7d71101cc838dce197ca5873d,406280554,23923514,1764651107,2025-12-02T04:51:47Z,1764651875,1764651111678.0,763.322,11.179,23923513,1764651100,7,
33,0x7e0542243ddbbba3bdf3eb06e6b546bb0355930afb384b2bb9fd003367cda099,406280727,23923519,1764651167,2025-12-02T04:52:47Z,1764651935,1764651149458.0,785.542,7.446,23923516,1764651142,25,
34,0xc756d9407c2225e4ee6784eeabb1474c73edd366e8d3ae56ab35e885b5a41d6a,406280787,23923519,1764651167,2025-12-02T04:52:47Z,1764651935,1764651168949.0,766.051,11.783,23923518,1764651157,10,
35,0xcb0e5985e0e848e3ecc94fdf8fab03f33e4c4b76021c8db6f1db39178fc78389,406280865,23923519,1764651167,2025-12-02T04:52:47Z,1764651935,1764651184231.0,750.769,7.493,23923519,1764651177,-10,
36,0x26abf298c2526a30f3b472c8fa7052ecb415f39a4185effe8d0842243721cf01,406280927,23923523,1764651215,2025-12-02T04:53:35Z,1764651983,1764651196800.0,786.2,4.598,23923521,1764651192,23,
37,0x81dc38e6556307c4632a357e21c30b24fea0afd89a21179e3ec286dae167e3ec,406280974,23923523,1764651215,2025-12-02T04:53:35Z,1764651983,1764651216728.0,766.272,12.753,23923522,1764651204,11,
38,0xe6549f3b968325150fe63203b525730ca30880d140e65a1981ed1e96d69d32e6,406281056,23923523,1764651215,2025-12-02T04:53:35Z,1764651983,1764651233279.0,749.721,8.782,23923523,1764651224,-9,
39,0xd9698756e62beedceb7d51c6c4f5a5ce0cc8ebdb928b768ff5db1adb056b2afa,406281164,23923527,1764651263,2025-12-02T04:54:23Z,1764652031,1764651258510.0,772.49,6.974,23923526,1764651252,11,
40,0x731fd4c6b148ecfe5c4f0f6038b2be89b672f28bbc79a0dc40dca0ccbb760931,406281232,23923527,1764651263,2025-12-02T04:54:23Z,1764652031,1764651275602.0,755.398,7.026,23923527,1764651269,-6,
41,0x627d3a4d604b08ca5b3effa0b33df343d085ded1047166de98f92e04acfd8610,406625172,23930612,1764737015,2025-12-03T04:43:35Z,1764737783,1764737002698.0,780.302,5.52,23930610,1764736997,18,
42,0xb9e7444e3e9d82ee14f71167978b54e3febd0dfd5b5d84fa1b6dd5d374d8d1ab,406625229,23930612,1764737015,2025-12-03T04:43:35Z,1764737783,1764737015369.0,767.631,3.4,23930611,1764737011,4,
43,0xc7dbf0803a84638d72bff89b70b7075b8c2a2c12f2b8963221058ef134f8a776,406625281,23930612,1764737015,2025-12-03T04:43:35Z,1764737783,1764737034293.0,748.707,9.896,23930612,1764737024,-9,
44,0xc02621af6140bf0a30b71400145fdb40021a9124d269f1f224ae9520ff55c4ca,406625353,23930621,1764737123,2025-12-03T04:45:23Z,1764737891,1764737048918.0,842.082,5.701,23930614,1764737042,81,
45,0x6e47f79eabea52bc4ba32fe056c390202ccddbf42686d4938f870e57a4d83342,406625413,23930621,1764737123,2025-12-03T04:45:23Z,1764737891,1764737067905.0,823.095,10.475,23930615,1764737057,66,
46,0xdf873103f08ba8261cceb06eb9d90e0240deed22515f0c17298176fcaf16801f,406625486,23930621,1764737123,2025-12-03T04:45:23Z,1764737891,1764737085751.0,805.249,9.296,23930617,1764737076,47,
47,0xbd17fe1fd3d2f1f3c3ea307b9ad5614b2f855db3ed5ad6b3237cfae771fab7d1,406625558,23930621,1764737123,2025-12-03T04:45:23Z,1764737891,1764737102774.0,788.226,8.687,23930618,1764737094,29,
48,0x9386d73ea39cb7276180f8a34ad2db7033bc667708cabcce38579163ae159aa9,406625628,23930621,1764737123,2025-12-03T04:45:23Z,1764737891,1764737114800.0,776.2,2.729,23930620,1764737111,12,
49,0x2d80d357d256dc20a89a8d5afc00b9324080eb4cfa5dfc9665040530bf57302e,406625682,23930621,1764737123,2025-12-03T04:45:23Z,1764737891,1764737131842.0,759.158,8.662,23930621,1764737123,0,
50,0x80f36c42c505e2f6dc0e794672d9f9a7b9b812dc9fbcb1e720badaf8ba545a3a,406625752,23930628,1764737207,2025-12-03T04:46:47Z,1764737975,1764737154026.0,820.974,12.586,23930622,1764737141,66,
51,0xf541b66946b5de9aa93421bdbdc502f966ff2b0797e9bdddc013bc444c8ced83,406654064,23931207,1764744239,2025-12-03T06:43:59Z,1764745007,1764744219106.0,787.894,12.43,23931204,1764744205,34,
52,0xadfef3de40e862a1e52970bb3fa837f51092754ab7806391a4415cdf79299e37,406654151,23931207,1764744239,2025-12-03T06:43:59Z,1764745007,1764744238375.0,768.625,10.415,23931206,1764744227,12,
53,0x5f5ab0379740a8334cb63e0a6979c899d2775fd3e72545a286ef29dfdd58e7dc,406654225,23931207,1764744239,2025-12-03T06:43:59Z,1764745007,1764744257119.0,749.881,11.24,23931207,1764744246,-7,
54,0xf0524bfe0f187bd5178654728f7e1dc9558b98ccf8ae469b3ce6bc6a35febdf3,406654300,23931230,1764744515,2025-12-03T06:48:35Z,1764745283,1764744273475.0,1009.525,7.845,23931209,1764744264,251,
55,0x1ea94d109c5a0d57c515f2d16da108ca46d8834e81481620e7a7e69917c5a481,406654368,23931230,1764744515,2025-12-03T06:48:35Z,1764745283,1764744289875.0,993.125,7.996,23931210,1764744281,234,
56,0xa434239a5a842c1e6a3d8a58963a099a9db77e86decf591d534ac2d31df238ca,406661748,23931369,1764746183,2025-12-03T07:16:23Z,1764746951,1764746132617.0,818.383,8.9,23931364,1764746123,60,
57,0x5adad6699bad1688a3933e659ad7f7fa6a197893a46581bf94b03f6a6330ae59,406661836,23931369,1764746183,2025-12-03T07:16:23Z,1764746951,1764746154606.0,796.394,9.295,23931365,1764746145,38,
58,0x0bdd4e8964239fee7e71f07e6d28dd2a288605c335eed4c60e692fd2c4e4e538,406661919,23931369,1764746183,2025-12-03T07:16:23Z,1764746951,1764746179159.0,771.841,12.241,23931367,1764746166,17,
59,0x78303e63dc0ac44cce5f2b01b51c60556405ca18771651220798578984e6fe60,406662010,23931369,1764746183,2025-12-03T07:16:23Z,1764746951,1764746199841.0,751.159,10.527,23931369,1764746189,-6,
60,0xdd4aea240e2fb06294e400abd04aef7c0b0269e00c135ca354310d71c03f04d4,406662145,23931377,1764746279,2025-12-03T07:17:59Z,1764747047,1764746226197.0,820.803,2.753,23931372,1764746222,57,
61,0x992afffec820feaf99a84c9edc7b962a0962e4a21b3c264e57b96d074ffcf5f3,406662252,23931377,1764746279,2025-12-03T07:17:59Z,1764747047,1764746258450.0,788.55,8.651,23931374,1764746249,30,
62,0x3ca3dfa4a12767b5fbe37f107f94445c91f6c6f41532f5f2a1ee22df36c589ff,406662333,23931377,1764746279,2025-12-03T07:17:59Z,1764747047,1764746277415.0,769.585,7.673,23931376,1764746269,10,
63,0x8d0a8ed4534a08795e5ad7fa89c223c1558f720fcb348a45d211aebb5b508c73,406929940,23936839,1764813095,2025-12-04T01:51:35Z,1764813863,1764813034217.0,828.783,7.838,23936833,1764813026,69,
64,0x4c14954589edd241649fe59bc0471112709f689749074f4129e25ba56b132d06,406930006,23936839,1764813095,2025-12-04T01:51:35Z,1764813863,1764813049587.0,813.413,5.743,23936834,1764813043,52,
65,0xaea191fc4f773bb275ec11cdd74b8422fa391430cabb4757fabc424cc65c8f6c,406930076,23936839,1764813095,2025-12-04T01:51:35Z,1764813863,1764813073497.0,789.503,12.919,23936836,1764813060,35,
66,0xb79e0e78ba598231bc98d8cef6d210bd6f7a0c8bd8b5c73a534f8f2712625d47,406930160,23936839,1764813095,2025-12-04T01:51:35Z,1764813863,1764813086362.0,776.638,3.749,23936837,1764813081,14,
67,0x229a34a3df28f6a18d564f7a0533a0f3afba83e23b18e078386719f7cfb88841,406930216,23936839,1764813095,2025-12-04T01:51:35Z,1764813863,1764813100971.0,762.029,5.043,23936839,1764813095,0,
68,0x4289cba5dc4696a61ad768e9b4872da75b9e8400cacf0d2416d4d019eb7285e6,406933527,23936925,1764814151,2025-12-04T02:09:11Z,1764814919,1764813929725.0,989.275,7.551,23936906,1764813922,229,
69,0xd57d8d0e283af7d6bd737c3b37a156a4479a3c7734b9003eb992882746473303,406933605,23936925,1764814151,2025-12-04T02:09:11Z,1764814919,1764813949555.0,969.445,10.493,23936908,1764813938,213,
70,0x34322a0fb9ac0ed3fbba151804daa39d40d49042c890fd2c9ea97e15d5decfcc,406933682,23936925,1764814151,2025-12-04T02:09:11Z,1764814919,1764813968362.0,950.638,10.647,23936909,1764813958,193,
71,0x7b059adc38c9f2629d9ea9523be5601d945def74fbfdfbbe1adeccdf1a635336,406972717,23937557,1764823727,2025-12-04T04:48:47Z,1764824495,1764823733504.0,761.496,12.897,23937556,1764823720,7,
72,0xb7ff61abe4215e339552847b3ccf47d7f80fd6875c57c108b0033c5eae097e42,406972805,23937557,1764823727,2025-12-04T04:48:47Z,1764824495,1764823751123.0,743.877,8.878,23937557,1764823742,-15,
73,0x2696849e171e00abe883fe46714922357c3cd50d199883d6f7e41e5f9072ea4e,406972889,23937560,1764823787,2025-12-04T04:49:47Z,1764824555,1764823771732.0,783.268,7.507,23937558,1764823763,24,
74,0x4b57100bff136021da3cc6a7f810d17f026a3648feb0dc6a4b177b1b6da51b13,406972955,23937560,1764823787,2025-12-04T04:49:47Z,1764824555,1764823791919.0,763.081,11.978,23937559,1764823779,8,
75,0x74a1e64f7c35dd26bb6f57559cb14e6a311778251a6947775e2b33c07da87872,406973034,23937560,1764823787,2025-12-04T04:49:47Z,1764824555,1764823811450.0,743.55,12.222,23937560,1764823799,-12,
76,0x41b6e54863e7fb59ce8f11dc4111cb5e4123d68112596017a7522010ffa79477,406984072,23937764,1764826679,2025-12-04T05:37:59Z,1764827447,1764826684422.0,762.578,10.406,23937763,1764826673,6,
77,0x49cb489b6fec9572144b1fe3ae0d83a84f89a23ab1d628fc93d0dd4b33c9c345,407110315,23940252,1764858203,2025-12-04T14:23:23Z,1764858971,1764858159134.0,811.866,47.321,23940245,1764858110,93,
78,0x9cf677d64ca280ecaf061a7b8449016d94b9459e8bd9b19cc111d1526c223d7c,407110744,23940258,1764858275,2025-12-04T14:24:35Z,1764859043,1764858223294.0,819.706,4.677,23940253,1764858218,57,
79,0xf755686ccf6898fff72a32132e714c228b594ab79ff26cf704f564a2fbfeffaf,407110818,23940258,1764858275,2025-12-04T14:24:35Z,1764859043,1764858243474.0,799.526,5.365,23940254,1764858236,39,
80,0x28ba3128aca946b973ea3e06ecff560870c070dcfa8e2931d63974cc9221e9f2,407111236,23940264,1764858347,2025-12-04T14:25:47Z,1764859115,1764858346816.0,768.184,4.843,23940263,1764858341,6,
81,0x1b0918010acbeac4cd519cc3c10242a3d9f7f253a0459e3fe918e9476d4554d0,407111326,23940292,1764858707,2025-12-04T14:31:47Z,1764859475,1764858382083.0,1092.917,18.254,23940265,1764858364,343,
82,0x8fbab735670d40df4b814010a5a1bc73ddc50f903f9f33a9d7b455ceeddb8fb2,407304661,23944201,1764906587,2025-12-05T03:49:47Z,1764907355,1764906574960.0,780.04,5.009,23944199,1764906569,18,
83,0x89463fa91d92ec778f7f3b8d689ffbe2f870ddd7976a518a7500120c9ca79262,407304723,23944201,1764906587,2025-12-05T03:49:47Z,1764907355,1764906592246.0,762.754,7.88,23944200,1764906584,3,
84,0x518958efffac913715188d600167577443e571b54321f5f49060d844e0f9ff65,407304811,23944205,1764906635,2025-12-05T03:50:35Z,1764907403,1764906614928.0,788.072,6.46,23944202,1764906606,29,
85,0xa1cfc0889227a3d26c01056cc866f61b79da35336f54c0d535537585b425e194,407304885,23944205,1764906635,2025-12-05T03:50:35Z,1764907403,1764906633333.0,769.667,7.595,23944204,1764906625,10,
86,0x46e8256ed75763e321974598ce2cd521fcfadd4bd96bb8174840fa7cede6aa49,407304964,23944205,1764906635,2025-12-05T03:50:35Z,1764907403,1764906649353.0,753.647,4.583,23944205,1764906644,-9,
87,0xba7da399ac471c8b3cf12449d2051cbde80d9e556419a1f7d906384b7826678f,407305018,23944207,1764906659,2025-12-05T03:50:59Z,1764907427,1764906668470.0,758.53,8.991,23944206,1764906658,1,
88,0x1c1ba7411b9687e8dbd4cfd8d9d4e596995e7522c5acc69cd9a41a5f6a05be55,407305092,23944210,1764906695,2025-12-05T03:51:35Z,1764907463,1764906687817.0,775.183,10.666,23944208,1764906677,18,
89,0xf7899539dcc8d909da398744fbc076c1c475b7cb52aa6cbf7e1623c0b9de0043,407305188,23944210,1764906695,2025-12-05T03:51:35Z,1764907463,1764906712141.0,750.859,8.777,23944210,1764906701,-6,
90,0xa3b0e81f8dde55291c4fbd30887cdcd93b62a6d25494008387a5a502c0c92073,407305269,23944212,1764906719,2025-12-05T03:51:59Z,1764907487,1764906726581.0,760.419,3.727,23944212,1764906721,-2,
91,0xf36e827e60d9a7b3f1ea48a0430df09d15ec2dd934abd837ea4143b911c0aa99,407608084,23950387,1764982187,2025-12-06T00:49:47Z,1764982955,1764982193311,761.689,12.735,23950386,1764982180,7,
92,0x0186f48ea76d7a65b7b94ece09026a6e34276884c6bd6119ed44938fd4c64d2b,407608174,23950392,1764982247,2025-12-06T00:50:47Z,1764983015,1764982207672,807.328,4.524,23950388,1764982203,44,
93,0x6262341246e39a7b2f159146d9e9cb6ab38d2ad2579369f1109bd8f01804c606,407608227,23950392,1764982247,2025-12-06T00:50:47Z,1764983015,1764982229092,785.908,12.705,23950389,1764982216,31,
94,0x094dcf18badd6f190550198582db7d101f60a9a8bad0d74e736c3aef00a0933c,407609390,23950417,1764982547,2025-12-06T00:55:47Z,1764983315,1764982513412,801.588,7.52,23950413,1764982506,41,
95,0xaadbe65457c4af407e0143d1553a9908cb1a154efbebedb16afc277eacd3f1f3,407609454,23950417,1764982547,2025-12-06T00:55:47Z,1764983315,1764982530601,784.399,8.527,23950414,1764982522,25,
96,0x210d6e0ce34b750c5c93543b125b06c0acd143ddc8880f22a513c55b3691fb98,408063079,23959725,1765095611,2025-12-07T08:20:11Z,1765096379,1765095613584,765.416,5.716,23959724,1765095607,4,
97,0x24e0ea6ae2e4ca872a6ab94aeef7415b288d08e2c847c7394f0b02b3194ddedb,408063140,23959725,1765095611,2025-12-07T08:20:11Z,1765096379,1765095628846,750.154,6.208,23959725,1765095622,-11,
98,0x89d18972767443548ca3d90d365a1fc72562632b1f5379573c588de2b54f1541,408063224,23959729,1765095659,2025-12-07T08:20:59Z,1765096427,1765095657688,769.312,14.492,23959727,1765095643,16,
99,0xce66d59d7beb70224290208598b250552bd0c7778ab40ef901bcd2f868658d21,408063319,23959729,1765095659,2025-12-07T08:20:59Z,1765096427,1765095674893,752.107,6.992,23959729,1765095667,-8,
100,0x16c6e0f94efd9da32c3293780705f4581f4b3ccfb13f752c94a32e8b77d74be7,408063410,23959733,1765095707,2025-12-07T08:21:47Z,1765096475,1765095700717,774.283,10.222,23959731,1765095690,17,
101,0xe7c9b12bd37d16cb0b762501d3d701ae8e84aa1864d18742edf00d23683291b7,408354054,23965713,1765168163,2025-12-08T04:29:23Z,1765168931,1765168172872,758.128,7.913,23965713,1765168165,-2,
102,0xecc8cb315799434a98613eb08333031c9ffaf5577e799fff594b008b9a73911d,408354125,23965723,1765168283,2025-12-08T04:31:23Z,1765169051,1765168198053,852.947,15.439,23965714,1765168182,101,
103,0x441f3a71e89e30da626d2abafc8c951d5e96649d30fd83949020fcaacb885312,408354227,23965723,1765168283,2025-12-08T04:31:23Z,1765169051,1765168213289,837.711,4.781,23965716,1765168208,75,
104,0x58e51e2c3c7661872568ce44789f7279ed9f60cab0296bef5677db51f93d78af,408354305,23965723,1765168283,2025-12-08T04:31:23Z,1765169051,1765168235175,815.825,7.241,23965718,1765168228,55,
105,0x9f91409898f42f85964049b9338d9d21063261ddc33d06d7cb5fa45641ba0b78,408354369,23965723,1765168283,2025-12-08T04:31:23Z,1765169051,1765168248367,802.633,4.475,23965719,1765168244,39,
106,0xf48055a8a5e5ac9d1e2e3e3b65a482202f43cdca8e633320cb24e360ae248669,408354451,23965723,1765168283,2025-12-08T04:31:23Z,1765169051,1765168276431,774.569,11.925,23965721,1765168264,19,
107,0x2f29e8cbe48f7159b70aba8a0bcb19ca8948e7fdb9620d41c7f82e461308bf0f,408354545,23965723,1765168283,2025-12-08T04:31:23Z,1765169051,1765168297269,753.731,9.27,23965723,1765168288,-5,
108,0xe0a2c102942bda88dc1e9e910ca4afab6fc6829048a039d87f729f47e5d809f9,408359208,23965821,1765169471,2025-12-08T04:51:11Z,1765170239,1765169464337,774.663,12.371,23965819,1765169452,19,
109,0x88c0aed20f5766a2c8a155b5709159957963486aa7f5dda54c5e55be7c4daa5e,408359292,23965821,1765169471,2025-12-08T04:51:11Z,1765170239,1765169478407,760.593,5.366,23965821,1765169473,-2,
110,0x827cd1774fc157f9d49e0bb03e10f7de427eaa510f2057c496af90f6405b7e0f,408359350,23965825,1765169519,2025-12-08T04:51:59Z,1765170287,1765169496125,790.875,8.602,23965822,1765169487,32,
111,0x253813ee4b19a590bb20ec78f153d61faac955b1fa09617ddc38aba3f2b31e14,408359436,23965825,1765169519,2025-12-08T04:51:59Z,1765170287,1765169512156,774.844,5.065,23965824,1765169507,12,
112,0xeb962d81fabdfe1da18a357ef29535f4740cf1da227dcf69617839aad1257a38,408359491,23965825,1765169519,2025-12-08T04:51:59Z,1765170287,1765169527492,759.508,6.711,23965825,1765169521,-2,
113,0x891390f92a331c1b02171e8eb212f4c5c9a6224a165386717c10951e8d2ef937,408359570,23965829,1765169567,2025-12-08T04:52:47Z,1765170335,1765169549103,785.897,8.554,23965826,1765169540,27,
114,0x469fc539c60b591eb8481302339f4f79bc1c0b141c44fd9e31086453642432ac,408359639,23965829,1765169567,2025-12-08T04:52:47Z,1765170335,1765169569311,765.689,11.5,23965828,1765169558,9,
115,0xc6e34e359a03f9e8e82e3ce226e38fe03eee73a7a0d73d939d37f3e18baaf214,408359718,23965829,1765169567,2025-12-08T04:52:47Z,1765170335,1765169589710,745.29,11.849,23965829,1765169577,-10,
116,0x92c7754471f02814190797073543fb5100b865d2f16f21b278cad9c9d1fce2c9,408359819,23965834,1765169627,2025-12-08T04:53:47Z,1765170395,1765169608689,786.311,5.616,23965832,1765169603,24,
117,0x223650084e1726f3614c850297e7db6b57ba836f32c48266b7970c8344f7a070,408392761,23966513,1765177823,2025-12-08T07:10:23Z,1765178591,1765177835205,755.795,11.855,23966513,1765177823,0,
