tx_id,timestamp,t_soft_finality,t_poll_delay,t_consensus,t_total_latency,status
1,5.0000,0.1724,14.7716,1.0000,15.9440,Finalized
2,5.2000,0.2414,14.4796,1.0000,15.7210,Finalized
3,5.4000,0.2404,14.3050,1.0000,15.5454,Finalized
4,5.6000,0.2766,14.0608,1.0000,15.3374,Finalized
5,5.8000,0.2531,14.3723,1.0000,15.6255,Finalized
6,6.0000,0.2587,14.1693,1.0000,15.4281,Finalized
7,6.2000,0.2015,14.0194,1.0000,15.2209,Finalized
8,6.4000,0.2819,13.7685,1.0000,15.0504,Finalized
9,6.6000,0.2677,13.6062,1.0000,14.8739,Finalized
10,6.8000,0.1853,13.4601,1.0000,14.6454,Finalized
11,7.0000,0.2651,13.6572,1.0000,14.9223,Finalized
12,7.2000,0.2331,13.4715,1.0000,14.7045,Finalized
13,7.4000,0.2473,13.5174,1.0000,14.7647,Finalized
14,7.6000,0.2180,13.3422,1.0000,14.5603,Finalized
15,7.8000,0.1807,13.1728,1.0000,14.3535,Finalized
16,8.0000,0.2339,13.0594,1.0000,14.2933,Finalized
17,8.2000,0.2672,13.5163,1.0000,14.7835,Finalized
18,8.4000,0.2114,13.8930,1.0000,15.1044,Finalized
19,8.6000,0.2267,13.6566,1.0000,14.8833,Finalized
20,8.8000,0.2370,13.6775,1.0000,14.9146,Finalized
21,9.0000,0.3439,13.4768,1.0000,14.8208,Finalized
22,9.2000,0.3000,13.3422,1.0000,14.6422,Finalized
23,9.4000,0.2158,13.3583,1.0000,14.5742,Finalized
24,9.6000,0.1686,13.2041,1.0000,14.3727,Finalized
25,9.8000,0.2638,12.8880,1.0000,14.1519,Finalized
26,10.0000,0.2276,12.7272,1.0000,13.9548,Finalized
27,10.2000,0.2909,12.4660,1.0000,13.7569,Finalized
28,10.4000,0.2446,12.4832,1.0000,13.7278,Finalized
29,10.6000,0.2091,12.3055,1.0000,13.5147,Finalized
30,10.8000,0.1610,12.1438,1.0000,13.3049,Finalized
31,11.0000,0.3082,11.8821,1.0000,13.1903,Finalized
32,11.2000,0.2838,11.7368,1.0000,13.0206,Finalized
33,11.4000,0.3025,11.6400,1.0000,12.9425,Finalized
34,11.6000,0.1778,11.5760,1.0000,12.7538,Finalized
35,11.8000,0.2271,11.6152,1.0000,12.8423,Finalized
36,12.0000,0.2679,11.6419,1.0000,12.9098,Finalized
37,12.2000,0.2230,11.4993,1.0000,12.7224,Finalized
38,12.4000,0.3902,11.2656,1.0000,12.6558,Finalized
39,12.6000,0.1870,11.2754,1.0000,12.4624,Finalized
40,12.8000,0.2509,11.0957,1.0000,12.3466,Finalized
41,13.0000,0.3041,11.1341,1.0000,12.4382,Finalized
42,13.2000,0.2093,11.0223,1.0000,12.2315,Finalized
43,13.4000,0.3407,10.6700,1.0000,12.0107,Finalized
44,13.6000,0.2055,10.6347,1.0000,11.8401,Finalized
45,13.8000,0.1685,10.5408,1.0000,11.7093,Finalized
46,14.0000,0.2165,10.3603,1.0000,11.5769,Finalized
47,14.2000,0.2652,10.2692,1.0000,11.5344,Finalized
48,14.4000,0.3062,10.0158,1.0000,11.3220,Finalized
49,14.6000,0.2622,10.2344,1.0000,11.4965,Finalized
50,14.8000,0.2101,10.0668,1.0000,11.2770,Finalized
51,15.0000,0.2975,10.2381,1.0000,11.5356,Finalized
52,15.2000,0.1915,10.1222,1.0000,11.3138,Finalized
53,15.4000,0.2538,10.1868,1.0000,11.4406,Finalized
54,15.6000,0.2108,10.2371,1.0000,11.4479,Finalized
55,15.8000,0.1609,10.1599,1.0000,11.3208,Finalized
56,16.0000,0.1790,9.9498,1.0000,11.1288,Finalized
57,16.2000,0.2688,10.4250,1.0000,11.6938,Finalized
58,16.4000,0.1977,10.6655,1.0000,11.8632,Finalized
59,16.6000,0.3385,10.8996,1.0000,12.2381,Finalized
60,16.8000,0.2148,11.0858,1.0000,12.3006,Finalized
61,17.0000,0.2374,10.8583,1.0000,12.0958,Finalized
62,17.2000,0.1974,11.2234,1.0000,12.4208,Finalized
63,17.4000,0.3107,11.0366,1.0000,12.3473,Finalized
64,17.6000,0.2008,10.9257,1.0000,12.1265,Finalized
65,17.8000,0.2765,10.9200,1.0000,12.1965,Finalized
66,18.0000,0.2533,10.7636,1.0000,12.0169,Finalized
67,18.2000,0.3466,10.8219,1.0000,12.1685,Finalized
68,18.4000,0.2786,10.6922,1.0000,11.9708,Finalized
69,18.6000,0.2225,10.5460,1.0000,11.7685,Finalized
70,18.8000,0.2466,10.4053,1.0000,11.6519,Finalized
71,19.0000,0.2945,10.2144,1.0000,11.5089,Finalized
72,19.2000,0.2468,10.1810,1.0000,11.4278,Finalized
73,19.4000,0.2467,9.9760,1.0000,11.2227,Finalized
74,19.6000,0.3417,9.6861,1.0000,11.0278,Finalized
75,19.8000,0.2861,9.7644,1.0000,11.0506,Finalized
76,20.0000,0.2107,9.6166,1.0000,10.8274,Finalized
77,20.2000,0.1724,9.4500,1.0000,10.6224,Finalized
78,20.4000,0.2690,9.5701,1.0000,10.8391,Finalized
79,20.6000,0.1824,9.5128,1.0000,10.6952,Finalized
80,20.8000,0.1790,9.3544,1.0000,10.5334,Finalized
81,21.0000,0.2583,9.0766,1.0000,10.3348,Finalized
82,21.2000,0.2903,9.1049,1.0000,10.3952,Finalized
83,21.4000,0.2431,8.9592,1.0000,10.2023,Finalized
84,21.6000,0.2055,8.8850,1.0000,10.0905,Finalized
85,21.8000,0.2869,8.8449,1.0000,10.1318,Finalized
86,22.0000,0.2415,8.8772,1.0000,10.1187,Finalized
87,22.2000,0.1487,9.0566,1.0000,10.2053,Finalized
88,22.4000,0.3193,8.7096,1.0000,10.0290,Finalized
89,22.6000,0.2622,8.5475,1.0000,9.8096,Finalized
90,22.8000,0.2544,8.4627,1.0000,9.7171,Finalized
91,23.0000,0.2352,8.2936,1.0000,9.5288,Finalized
92,23.2000,0.2707,8.0623,1.0000,9.3329,Finalized
93,23.4000,0.2318,8.0616,1.0000,9.2934,Finalized
94,23.6000,0.1500,7.9962,1.0000,9.1462,Finalized
95,23.8000,0.2659,8.5343,1.0000,9.8002,Finalized
96,24.0000,0.2636,8.5230,1.0000,9.7866,Finalized
97,24.2000,0.2223,8.7768,1.0000,9.9991,Finalized
98,24.4000,0.3347,9.4129,1.0000,10.7476,Finalized
99,24.6000,0.2364,9.3192,1.0000,10.5556,Finalized
100,24.8000,0.1976,9.1647,1.0000,10.3623,Finalized
101,25.0000,0.2089,9.1798,1.0000,10.3887,Finalized
102,25.2000,0.2580,9.1645,1.0000,10.4225,Finalized
103,25.4000,0.2684,9.2184,1.0000,10.4868,Finalized
104,25.6000,0.2774,9.6146,1.0000,10.8920,Finalized
105,25.8000,0.2285,9.6156,1.0000,10.8441,Finalized
106,26.0000,0.2659,9.3771,1.0000,10.6430,Finalized
107,26.2000,0.2632,9.2053,1.0000,10.4686,Finalized
108,26.4000,0.1742,9.5389,1.0000,10.7131,Finalized
109,26.6000,0.2584,9.9952,1.0000,11.2536,Finalized
110,26.8000,0.2758,9.7625,1.0000,11.0384,Finalized
111,27.0000,0.2912,10.1097,1.0000,11.4009,Finalized
112,27.2000,0.2833,9.8958,1.0000,11.1792,Finalized
113,27.4000,0.2659,9.7276,1.0000,10.9935,Finalized
114,27.6000,0.1877,9.6434,1.0000,10.8311,Finalized
115,27.8000,0.2121,9.7120,1.0000,10.9241,Finalized
116,28.0000,0.3495,9.3956,1.0000,10.7451,Finalized
117,28.2000,0.2423,9.3501,1.0000,10.5924,Finalized
118,28.4000,0.2495,9.4505,1.0000,10.6999,Finalized
119,28.6000,0.2851,9.4674,1.0000,10.7526,Finalized
120,28.8000,0.2527,9.3195,1.0000,10.5722,Finalized
121,29.0000,0.2357,9.8709,1.0000,11.1066,Finalized
122,29.2000,0.3055,9.5666,1.0000,10.8721,Finalized
123,29.4000,0.2770,9.6384,1.0000,10.9153,Finalized
124,29.6000,0.2441,9.8106,1.0000,11.0547,Finalized
125,29.8000,0.2703,9.7255,1.0000,10.9958,Finalized
126,30.0000,0.2629,9.5696,1.0000,10.8325,Finalized
127,30.2000,0.2524,9.4432,1.0000,10.6956,Finalized
128,30.4000,0.4089,9.5716,1.0000,10.9804,Finalized
129,30.6000,0.1853,9.4862,1.0000,10.6715,Finalized
130,30.8000,0.2642,9.4251,1.0000,10.6893,Finalized
131,31.0000,0.2700,9.8312,1.0000,11.1013,Finalized
132,31.2000,0.2433,10.0506,1.0000,11.2940,Finalized
133,31.4000,0.2725,11.0565,1.0000,12.3290,Finalized
134,31.6000,0.2321,10.9488,1.0000,12.1808,Finalized
135,31.8000,0.1648,10.8337,1.0000,11.9985,Finalized
136,32.0000,0.2461,10.7071,1.0000,11.9532,Finalized
137,32.2000,0.2147,10.6285,1.0000,11.8432,Finalized
138,32.4000,0.1932,10.7189,1.0000,11.9121,Finalized
139,32.6000,0.1973,11.1327,1.0000,12.3300,Finalized
140,32.8000,0.2447,10.8792,1.0000,12.1239,Finalized
141,33.0000,0.2116,10.8785,1.0000,12.0901,Finalized
142,33.2000,0.1985,11.0855,1.0000,12.2841,Finalized
143,33.4000,0.1573,10.9312,1.0000,12.0886,Finalized
144,33.6000,0.2671,11.5371,1.0000,12.8042,Finalized
145,33.8000,0.2494,11.3577,1.0000,12.6071,Finalized
146,34.0000,0.3080,11.2073,1.0000,12.5153,Finalized
147,34.2000,0.1628,11.1486,1.0000,12.3114,Finalized
148,34.4000,0.2674,10.8471,1.0000,12.1145,Finalized
149,34.6000,0.2027,10.7106,1.0000,11.9133,Finalized
150,34.8000,0.2259,10.5165,1.0000,11.7424,Finalized
151,35.0000,0.2566,10.4692,1.0000,11.7258,Finalized
152,35.2000,0.2073,10.3614,1.0000,11.5687,Finalized
153,35.4000,0.2618,10.2434,1.0000,11.5052,Finalized
154,35.6000,0.2740,10.4062,1.0000,11.6802,Finalized
155,35.8000,0.1240,10.3407,1.0000,11.4647,Finalized
156,36.0000,0.2988,9.9557,1.0000,11.2545,Finalized
157,36.2000,0.3161,9.8152,1.0000,11.1312,Finalized
158,36.4000,0.2188,9.7449,1.0000,10.9637,Finalized
159,36.6000,0.2473,9.8141,1.0000,11.0614,Finalized
160,36.8000,0.2367,9.6214,1.0000,10.8581,Finalized
161,37.0000,0.1979,9.5756,1.0000,10.7735,Finalized
162,37.2000,0.1689,9.4085,1.0000,10.5774,Finalized
163,37.4000,0.3654,9.1306,1.0000,10.4959,Finalized
164,37.6000,0.2473,9.4432,1.0000,10.6905,Finalized
165,37.8000,0.2828,9.1702,1.0000,10.4530,Finalized
166,38.0000,0.2161,9.0845,1.0000,10.3006,Finalized
167,38.2000,0.2981,9.2281,1.0000,10.5262,Finalized
168,38.4000,0.2270,9.1007,1.0000,10.3277,Finalized
169,38.6000,0.2390,9.1574,1.0000,10.3964,Finalized
170,38.8000,0.3203,8.9323,1.0000,10.2526,Finalized
171,39.0000,0.2341,8.7937,1.0000,10.0278,Finalized
172,39.2000,0.2460,9.0078,1.0000,10.2538,Finalized
173,39.4000,0.1928,8.8681,1.0000,10.0609,Finalized
174,39.6000,0.2307,8.7665,1.0000,9.9973,Finalized
175,39.8000,0.2000,8.6073,1.0000,9.8073,Finalized
176,40.0000,0.3107,8.3339,1.0000,9.6446,Finalized
177,40.2000,0.2014,8.2098,1.0000,9.4112,Finalized
178,40.4000,0.2189,8.0823,1.0000,9.3012,Finalized
179,40.6000,0.2486,8.5177,1.0000,9.7663,Finalized
180,40.8000,0.3326,9.6618,1.0000,10.9944,Finalized
181,41.0000,0.2195,9.5889,1.0000,10.8085,Finalized
182,41.2000,0.1507,9.4939,1.0000,10.6446,Finalized
183,41.4000,0.2733,9.6435,1.0000,10.9168,Finalized
184,41.6000,0.2750,9.4046,1.0000,10.6796,Finalized
185,41.8000,0.2980,9.7943,1.0000,11.0923,Finalized
186,42.0000,0.1661,9.7256,1.0000,10.8917,Finalized
187,42.2000,0.2143,9.4909,1.0000,10.7052,Finalized
188,42.4000,0.1753,9.4878,1.0000,10.6631,Finalized
189,42.6000,0.2071,9.2460,1.0000,10.4531,Finalized
190,42.8000,0.1774,9.4291,1.0000,10.6065,Finalized
191,43.0000,0.2220,9.1598,1.0000,10.3818,Finalized
192,43.2000,0.2316,8.9672,1.0000,10.1988,Finalized
193,43.4000,0.3102,9.0866,1.0000,10.3968,Finalized
194,43.6000,0.1892,9.2154,1.0000,10.4045,Finalized
195,43.8000,0.2078,9.5926,1.0000,10.8004,Finalized
196,44.0000,0.2663,9.4340,1.0000,10.7002,Finalized
197,44.2000,0.3026,9.4465,1.0000,10.7491,Finalized
198,44.4000,0.1622,9.3727,1.0000,10.5349,Finalized
199,44.6000,0.2918,9.4161,1.0000,10.7080,Finalized
200,44.8000,0.2876,9.3238,1.0000,10.6115,Finalized
201,45.0000,0.2267,9.1892,1.0000,10.4159,Finalized
202,45.2000,0.1979,9.0293,1.0000,10.2272,Finalized
203,45.4000,0.1813,10.1123,1.0000,11.2937,Finalized
204,45.6000,0.1725,9.9274,1.0000,11.0999,Finalized
205,45.8000,0.2613,9.6363,1.0000,10.8976,Finalized
206,46.0000,0.2490,9.4395,1.0000,10.6885,Finalized
207,46.2000,0.2617,9.3313,1.0000,10.5930,Finalized
208,46.4000,0.2509,9.7157,1.0000,10.9666,Finalized
209,46.6000,0.2850,10.1426,1.0000,11.4276,Finalized
210,46.8000,0.2585,10.0414,1.0000,11.2999,Finalized
211,47.0000,0.2811,10.1139,1.0000,11.3949,Finalized
212,47.2000,0.3449,9.9194,1.0000,11.2644,Finalized
213,47.4000,0.2119,9.8475,1.0000,11.0594,Finalized
214,47.6000,0.2068,10.2708,1.0000,11.4775,Finalized
215,47.8000,0.2162,10.2863,1.0000,11.5025,Finalized
216,48.0000,0.2725,10.4921,1.0000,11.7646,Finalized
217,48.2000,0.2619,10.5250,1.0000,11.7869,Finalized
218,48.4000,0.2774,10.2841,1.0000,11.5616,Finalized
219,48.6000,0.2479,10.4416,1.0000,11.6895,Finalized
220,48.8000,0.2814,10.4157,1.0000,11.6970,Finalized
221,49.0000,0.4276,10.8355,1.0000,12.2631,Finalized
222,49.2000,0.2038,10.2175,1.0000,11.4213,Finalized
223,49.4000,0.2622,10.8847,1.0000,12.1469,Finalized
224,49.6000,0.2598,10.8423,1.0000,12.1020,Finalized
225,49.8000,0.1865,10.6888,1.0000,11.8754,Finalized
226,50.0000,0.1810,10.6686,1.0000,11.8495,Finalized
227,50.2000,0.2753,10.8900,1.0000,12.1654,Finalized
228,50.4000,0.2125,10.7702,1.0000,11.9828,Finalized
229,50.6000,0.2660,10.5186,1.0000,11.7846,Finalized
230,50.8000,0.2600,10.3077,1.0000,11.5677,Finalized
231,51.0000,0.2505,10.1343,1.0000,11.3848,Finalized
232,51.2000,0.2204,10.0074,1.0000,11.2278,Finalized
233,51.4000,0.2215,10.2441,1.0000,11.4655,Finalized
234,51.6000,0.1956,10.1364,1.0000,11.3320,Finalized
235,51.8000,0.1978,10.1989,1.0000,11.3967,Finalized
236,52.0000,0.2039,10.3400,1.0000,11.5439,Finalized
237,52.2000,0.2978,10.1405,1.0000,11.4383,Finalized
238,52.4000,0.1708,10.0839,1.0000,11.2547,Finalized
239,52.6000,0.3359,9.7835,1.0000,11.1193,Finalized
240,52.8000,0.2507,9.7823,1.0000,11.0329,Finalized
241,53.0000,0.1607,9.6552,1.0000,10.8159,Finalized
242,53.2000,0.2829,9.5689,1.0000,10.8518,Finalized
243,53.4000,0.2749,9.4999,1.0000,10.7748,Finalized
244,53.6000,0.2980,9.4751,1.0000,10.7731,Finalized
245,53.8000,0.3636,9.2349,1.0000,10.5986,Finalized
246,54.0000,0.2371,9.1608,1.0000,10.3979,Finalized
247,54.2000,0.2865,9.2194,1.0000,10.5059,Finalized
248,54.4000,0.1919,9.4569,1.0000,10.6488,Finalized
249,54.6000,0.2635,9.3248,1.0000,10.5882,Finalized
250,54.8000,0.1731,9.2476,1.0000,10.4207,Finalized
251,55.0000,0.2844,9.1823,1.0000,10.4667,Finalized
252,55.2000,0.3358,9.0156,1.0000,10.3513,Finalized
253,55.4000,0.2871,8.8633,1.0000,10.1504,Finalized
254,55.6000,0.2896,8.6920,1.0000,9.9816,Finalized
255,55.8000,0.3257,8.6114,1.0000,9.9372,Finalized
256,56.0000,0.2455,8.4807,1.0000,9.7263,Finalized
257,56.2000,0.3006,8.4827,1.0000,9.7833,Finalized
258,56.4000,0.1911,8.3844,1.0000,9.5756,Finalized
259,56.6000,0.1708,8.7345,1.0000,9.9053,Finalized
260,56.8000,0.2000,8.8888,1.0000,10.0888,Finalized
261,57.0000,0.3394,9.1386,1.0000,10.4780,Finalized
262,57.2000,0.3325,8.9268,1.0000,10.2593,Finalized
263,57.4000,0.2459,9.0759,1.0000,10.3217,Finalized
264,57.6000,0.2792,9.4127,1.0000,10.6919,Finalized
265,57.8000,0.2569,9.2725,1.0000,10.5295,Finalized
266,58.0000,0.2352,9.2198,1.0000,10.4551,Finalized
267,58.2000,0.2998,9.4774,1.0000,10.7772,Finalized
268,58.4000,0.3165,9.3399,1.0000,10.6564,Finalized
269,58.6000,0.2968,9.1380,1.0000,10.4348,Finalized
270,58.8000,0.2040,9.0425,1.0000,10.2465,Finalized
271,59.0000,0.2211,9.5266,1.0000,10.7477,Finalized
272,59.2000,0.2480,9.3705,1.0000,10.6185,Finalized
273,59.4000,0.3110,9.1845,1.0000,10.4955,Finalized
274,59.6000,0.2957,9.0597,1.0000,10.3554,Finalized
275,59.8000,0.2199,9.7181,1.0000,10.9380,Finalized
276,60.0000,0.2347,9.5007,1.0000,10.7354,Finalized
277,60.2000,0.1130,9.4249,1.0000,10.5379,Finalized
278,60.4000,0.2262,10.1536,1.0000,11.3797,Finalized
279,60.6000,0.2711,9.9382,1.0000,11.2093,Finalized
280,60.8000,0.2997,9.6827,1.0000,10.9824,Finalized
281,61.0000,0.1884,9.6004,1.0000,10.7888,Finalized
282,61.2000,0.2112,9.8393,1.0000,11.0505,Finalized
283,61.4000,0.1673,9.7317,1.0000,10.8990,Finalized
284,61.6000,0.2412,10.2131,1.0000,11.4543,Finalized
285,61.8000,0.2494,10.0141,1.0000,11.2635,Finalized
286,62.0000,0.2226,9.8075,1.0000,11.0301,Finalized
287,62.2000,0.3333,10.0499,1.0000,11.3832,Finalized
288,62.4000,0.2244,10.0268,1.0000,11.2511,Finalized
289,62.6000,0.2175,9.8277,1.0000,11.0453,Finalized
290,62.8000,0.3161,10.1817,1.0000,11.4979,Finalized
291,63.0000,0.2634,10.2478,1.0000,11.5113,Finalized
292,63.2000,0.2275,10.0696,1.0000,11.2970,Finalized
293,63.4000,0.2546,10.3078,1.0000,11.5624,Finalized
294,63.6000,0.2195,10.3029,1.0000,11.5225,Finalized
295,63.8000,0.2933,10.2978,1.0000,11.5911,Finalized
296,64.0000,0.2694,10.3456,1.0000,11.6150,Finalized
297,64.2000,0.2377,10.3305,1.0000,11.5682,Finalized
298,64.4000,0.2552,10.1370,1.0000,11.3922,Finalized
299,64.6000,0.3109,9.9235,1.0000,11.2344,Finalized
300,64.8000,0.3683,9.7860,1.0000,11.1543,Finalized
301,65.0000,0.2212,9.8702,1.0000,11.0914,Finalized
302,65.2000,0.3720,10.2388,1.0000,11.6108,Finalized
303,65.4000,0.1937,10.2236,1.0000,11.4173,Finalized
304,65.6000,0.3438,9.9411,1.0000,11.2849,Finalized
305,65.8000,0.2110,10.1151,1.0000,11.3261,Finalized
306,66.0000,0.2054,10.1814,1.0000,11.3869,Finalized
307,66.2000,0.2676,10.8822,1.0000,12.1498,Finalized
308,66.4000,0.3001,10.7358,1.0000,12.0359,Finalized
309,66.6000,0.2451,10.6068,1.0000,11.8519,Finalized
310,66.8000,0.2181,10.5216,1.0000,11.7397,Finalized
311,67.0000,0.2836,10.2595,1.0000,11.5431,Finalized
312,67.2000,0.2350,10.3584,1.0000,11.5934,Finalized
313,67.4000,0.2317,10.1567,1.0000,11.3884,Finalized
314,67.6000,0.3182,9.9596,1.0000,11.2777,Finalized
315,67.8000,0.2349,9.8182,1.0000,11.0531,Finalized
316,68.0000,0.2269,9.6390,1.0000,10.8659,Finalized
317,68.2000,0.2035,9.7345,1.0000,10.9380,Finalized
318,68.4000,0.1892,9.8105,1.0000,10.9997,Finalized
319,68.6000,0.1889,9.9116,1.0000,11.1005,Finalized
320,68.8000,0.2563,9.7268,1.0000,10.9831,Finalized
321,69.0000,0.2376,9.5429,1.0000,10.7805,Finalized
322,69.2000,0.1732,9.4012,1.0000,10.5744,Finalized
323,69.4000,0.3670,9.0879,1.0000,10.4548,Finalized
324,69.6000,0.2926,9.0529,1.0000,10.3454,Finalized
325,69.8000,0.1976,9.2198,1.0000,10.4174,Finalized
326,70.0000,0.2742,8.9391,1.0000,10.2133,Finalized
327,70.2000,0.2488,8.7859,1.0000,10.0347,Finalized
328,70.4000,0.1524,8.6853,1.0000,9.8377,Finalized
329,70.6000,0.1923,8.9875,1.0000,10.1798,Finalized
330,70.8000,0.2639,9.1944,1.0000,10.4583,Finalized
331,71.0000,0.2732,8.9673,1.0000,10.2405,Finalized
332,71.2000,0.2705,8.7685,1.0000,10.0390,Finalized
333,71.4000,0.3051,8.6553,1.0000,9.9604,Finalized
334,71.6000,0.2076,8.6030,1.0000,9.8106,Finalized
335,71.8000,0.2717,8.5188,1.0000,9.7905,Finalized
336,72.0000,0.1920,8.3961,1.0000,9.5881,Finalized
337,72.2000,0.2344,8.8418,1.0000,10.0762,Finalized
338,72.4000,0.2137,8.7985,1.0000,10.0122,Finalized
339,72.6000,0.2638,8.5204,1.0000,9.7842,Finalized
340,72.8000,0.3011,8.3584,1.0000,9.6595,Finalized
341,73.0000,0.2541,8.4210,1.0000,9.6751,Finalized
342,73.2000,0.2471,8.2094,1.0000,9.4565,Finalized
343,73.4000,0.2871,8.3811,1.0000,9.6682,Finalized
344,73.6000,0.2338,8.2505,1.0000,9.4843,Finalized
345,73.8000,0.2815,8.6560,1.0000,9.9375,Finalized
346,74.0000,0.2075,8.5381,1.0000,9.7455,Finalized
347,74.2000,0.2737,9.2670,1.0000,10.5407,Finalized
348,74.4000,0.1611,9.1801,1.0000,10.3412,Finalized
349,74.6000,0.1323,9.0906,1.0000,10.2229,Finalized
350,74.8000,0.2438,9.1258,1.0000,10.3696,Finalized
351,75.0000,0.1951,9.0811,1.0000,10.2763,Finalized
352,75.2000,0.1633,9.4172,1.0000,10.5804,Finalized
353,75.4000,0.2390,9.6681,1.0000,10.9072,Finalized
354,75.6000,0.2233,9.7046,1.0000,10.9279,Finalized
355,75.8000,0.2763,9.8611,1.0000,11.1374,Finalized
356,76.0000,0.1845,9.8527,1.0000,11.0373,Finalized
357,76.2000,0.2264,9.6172,1.0000,10.8437,Finalized
358,76.4000,0.2987,9.7199,1.0000,11.0185,Finalized
359,76.6000,0.2079,9.8391,1.0000,11.0471,Finalized
360,76.8000,0.2543,9.6459,1.0000,10.9003,Finalized
361,77.0000,0.2517,9.8869,1.0000,11.1386,Finalized
362,77.2000,0.2487,9.7202,1.0000,10.9689,Finalized
363,77.4000,0.2419,9.5308,1.0000,10.7727,Finalized
364,77.6000,0.3210,9.3410,1.0000,10.6621,Finalized
365,77.8000,0.2730,9.2089,1.0000,10.4818,Finalized
366,78.0000,0.1981,9.0899,1.0000,10.2879,Finalized
367,78.2000,0.2914,9.3165,1.0000,10.6079,Finalized
368,78.4000,0.2455,9.8364,1.0000,11.0819,Finalized
369,78.6000,0.2220,9.8098,1.0000,11.0318,Finalized
370,78.8000,0.2838,9.8502,1.0000,11.1339,Finalized
371,79.0000,0.2543,9.7131,1.0000,10.9674,Finalized
372,79.2000,0.3449,9.4499,1.0000,10.7948,Finalized
373,79.4000,0.2204,9.4373,1.0000,10.6577,Finalized
374,79.6000,0.1207,9.4902,1.0000,10.6108,Finalized
375,79.8000,0.1608,9.9056,1.0000,11.0664,Finalized
376,80.0000,0.3123,10.0025,1.0000,11.3148,Finalized
377,80.2000,0.2364,9.8722,1.0000,11.1086,Finalized
378,80.4000,0.2611,9.7080,1.0000,10.9690,Finalized
379,80.6000,0.2131,9.9526,1.0000,11.1657,Finalized
380,80.8000,0.2408,9.7256,1.0000,10.9664,Finalized
381,81.0000,0.2133,9.5326,1.0000,10.7459,Finalized
382,81.2000,0.2191,10.2189,1.0000,11.4380,Finalized
383,81.4000,0.1979,10.2664,1.0000,11.4643,Finalized
384,81.6000,0.2923,9.9819,1.0000,11.2742,Finalized
385,81.8000,0.1357,9.9497,1.0000,11.0855,Finalized
386,82.0000,0.2734,10.3529,1.0000,11.6263,Finalized
387,82.2000,0.2704,10.3885,1.0000,11.6589,Finalized
388,82.4000,0.2971,10.5270,1.0000,11.8241,Finalized
389,82.6000,0.2343,10.3921,1.0000,11.6264,Finalized
390,82.8000,0.3509,10.2871,1.0000,11.6380,Finalized
391,83.0000,0.2341,10.2187,1.0000,11.4528,Finalized
392,83.2000,0.3114,9.9147,1.0000,11.2262,Finalized
393,83.4000,0.1929,9.8530,1.0000,11.0458,Finalized
394,83.6000,0.2875,9.7876,1.0000,11.0751,Finalized
395,83.8000,0.3195,9.5398,1.0000,10.8593,Finalized
396,84.0000,0.2607,9.3814,1.0000,10.6421,Finalized
397,84.2000,0.1712,9.3010,1.0000,10.4722,Finalized
398,84.4000,0.2196,9.3346,1.0000,10.5542,Finalized
399,84.6000,0.2805,9.3608,1.0000,10.6413,Finalized
400,84.8000,0.1837,9.2467,1.0000,10.4303,Finalized
401,85.0000,0.2857,9.2565,1.0000,10.5423,Finalized
402,85.2000,0.2159,9.1743,1.0000,10.3902,Finalized
403,85.4000,0.2586,8.9512,1.0000,10.2098,Finalized
404,85.6000,0.2562,9.0113,1.0000,10.2675,Finalized
405,85.8000,0.2382,8.8137,1.0000,10.0519,Finalized
406,86.0000,0.2845,8.5606,1.0000,9.8451,Finalized
407,86.2000,0.2671,9.0205,1.0000,10.2876,Finalized
408,86.4000,0.2002,8.9245,1.0000,10.1248,Finalized
409,86.6000,0.2134,8.7166,1.0000,9.9301,Finalized
410,86.8000,0.2736,8.7312,1.0000,10.0048,Finalized
411,87.0000,0.1857,8.6039,1.0000,9.7896,Finalized
412,87.2000,0.2989,8.7315,1.0000,10.0304,Finalized
413,87.4000,0.2647,8.6272,1.0000,9.8919,Finalized
414,87.6000,0.2232,8.4537,1.0000,9.6769,Finalized
415,87.8000,0.1966,8.2735,1.0000,9.4701,Finalized
416,88.0000,0.1414,8.3292,1.0000,9.4705,Finalized
417,88.2000,0.2241,8.0406,1.0000,9.2648,Finalized
418,88.4000,0.2269,8.1305,1.0000,9.3574,Finalized
419,88.6000,0.2420,8.2402,1.0000,9.4822,Finalized
420,88.8000,0.2603,8.0045,1.0000,9.2647,Finalized
421,89.0000,0.2663,8.3429,1.0000,9.6091,Finalized
422,89.2000,0.2616,8.6566,1.0000,9.9182,Finalized
423,89.4000,0.2242,9.4843,1.0000,10.7085,Finalized
424,89.6000,0.2120,9.3257,1.0000,10.5377,Finalized
425,89.8000,0.1902,9.9720,1.0000,11.1622,Finalized
426,90.0000,0.2737,10.1926,1.0000,11.4662,Finalized
427,90.2000,0.2577,10.0018,1.0000,11.2595,Finalized
428,90.4000,0.2791,9.7985,1.0000,11.0776,Finalized
429,90.6000,0.3213,10.3984,1.0000,11.7197,Finalized
430,90.8000,0.2549,10.2365,1.0000,11.4914,Finalized
431,91.0000,0.2241,10.1159,1.0000,11.3400,Finalized
432,91.2000,0.2687,10.3888,1.0000,11.6574,Finalized
433,91.4000,0.2722,10.1762,1.0000,11.4484,Finalized
434,91.6000,0.2915,10.2942,1.0000,11.5858,Finalized
435,91.8000,0.0697,10.3207,1.0000,11.3904,Finalized
436,92.0000,0.2211,9.9665,1.0000,11.1876,Finalized
437,92.2000,0.2295,9.8732,1.0000,11.1027,Finalized
438,92.4000,0.3641,9.7527,1.0000,11.1168,Finalized
439,92.6000,0.2503,9.6522,1.0000,10.9026,Finalized
440,92.8000,0.2452,9.5730,1.0000,10.8182,Finalized
441,93.0000,0.2191,9.6051,1.0000,10.8242,Finalized
442,93.2000,0.2464,9.8358,1.0000,11.0821,Finalized
443,93.4000,0.2677,9.7960,1.0000,11.0637,Finalized
444,93.6000,0.2789,9.8977,1.0000,11.1766,Finalized
445,93.8000,0.2772,10.0005,1.0000,11.2777,Finalized
446,94.0000,0.2988,10.1231,1.0000,11.4219,Finalized
447,94.2000,0.1813,10.0663,1.0000,11.2476,Finalized
448,94.4000,0.2188,9.8564,1.0000,11.0752,Finalized
449,94.6000,0.3016,9.6376,1.0000,10.9391,Finalized
450,94.8000,0.2045,9.9895,1.0000,11.1940,Finalized
451,95.0000,0.3296,10.0368,1.0000,11.3665,Finalized
452,95.2000,0.2605,9.9912,1.0000,11.2517,Finalized
453,95.4000,0.1600,9.9256,1.0000,11.0856,Finalized
454,95.6000,0.2821,9.8469,1.0000,11.1290,Finalized
455,95.8000,0.2578,9.6779,1.0000,10.9357,Finalized
456,96.0000,0.2090,9.5291,1.0000,10.7381,Finalized
457,96.2000,0.1875,9.4935,1.0000,10.6810,Finalized
458,96.4000,0.1853,10.1333,1.0000,11.3186,Finalized
459,96.6000,0.2294,10.7356,1.0000,11.9650,Finalized
460,96.8000,0.2203,10.5368,1.0000,11.7571,Finalized
461,97.0000,0.3263,10.9315,1.0000,12.2578,Finalized
462,97.2000,0.3538,11.1647,1.0000,12.5185,Finalized
463,97.4000,0.2639,11.0354,1.0000,12.2993,Finalized
464,97.6000,0.2630,11.1623,1.0000,12.4253,Finalized
465,97.8000,0.2118,11.1689,1.0000,12.3807,Finalized
466,98.0000,0.2190,10.9749,1.0000,12.1939,Finalized
467,98.2000,0.2655,10.7290,1.0000,11.9945,Finalized
468,98.4000,0.2187,10.6447,1.0000,11.8634,Finalized
469,98.6000,0.2172,10.4661,1.0000,11.6833,Finalized
470,98.8000,0.2524,10.2112,1.0000,11.4635,Finalized
471,99.0000,0.1687,10.1701,1.0000,11.3388,Finalized
472,99.2000,0.1780,9.9813,1.0000,11.1593,Finalized
473,99.4000,0.2059,9.7285,1.0000,10.9344,Finalized
474,99.6000,0.2635,9.4664,1.0000,10.7299,Finalized
475,99.8000,0.2546,9.3010,1.0000,10.5556,Finalized
476,100.0000,0.3261,9.2457,1.0000,10.5718,Finalized
477,100.2000,0.3302,9.0446,1.0000,10.3749,Finalized
478,100.4000,0.3284,9.1308,1.0000,10.4591,Finalized
479,100.6000,0.3409,8.9758,1.0000,10.3167,Finalized
480,100.8000,0.2370,8.9081,1.0000,10.1451,Finalized
481,101.0000,0.2519,8.7333,1.0000,9.9851,Finalized
482,101.2000,0.2501,8.8426,1.0000,10.0927,Finalized
483,101.4000,0.3689,8.6271,1.0000,9.9960,Finalized
484,101.6000,0.2501,8.5478,1.0000,9.7979,Finalized
485,101.8000,0.1895,8.4121,1.0000,9.6016,Finalized
486,102.0000,0.1924,8.3789,1.0000,9.5714,Finalized
487,102.2000,0.3383,8.6385,1.0000,9.9768,Finalized
488,102.4000,0.1844,8.5985,1.0000,9.7829,Finalized
489,102.6000,0.1842,8.4136,1.0000,9.5978,Finalized
490,102.8000,0.2728,8.4747,1.0000,9.7475,Finalized
491,103.0000,0.2332,8.5973,1.0000,9.8305,Finalized
492,103.2000,0.1894,8.6875,1.0000,9.8769,Finalized
493,103.4000,0.2036,8.6124,1.0000,9.8161,Finalized
494,103.6000,0.3460,8.4799,1.0000,9.8259,Finalized
495,103.8000,0.3165,8.3069,1.0000,9.6234,Finalized
496,104.0000,0.2244,8.1911,1.0000,9.4155,Finalized
497,104.2000,0.2608,8.4254,1.0000,9.6862,Finalized
498,104.4000,0.3302,8.1652,1.0000,9.4954,Finalized
499,104.6000,0.1939,8.4341,1.0000,9.6280,Finalized
500,104.8000,0.2271,8.2161,1.0000,9.4432,Finalized
501,105.0000,0.2545,8.0952,1.0000,9.3498,Finalized
502,105.2000,0.2479,9.9404,1.0000,11.1883,Finalized
503,105.4000,0.1539,9.9940,1.0000,11.1478,Finalized
504,105.6000,0.2463,9.7130,1.0000,10.9593,Finalized
505,105.8000,0.2566,9.8698,1.0000,11.1264,Finalized
506,106.0000,0.2292,10.1793,1.0000,11.4085,Finalized
507,106.2000,0.1797,10.4095,1.0000,11.5891,Finalized
508,106.4000,0.1339,10.8634,1.0000,11.9973,Finalized
509,106.6000,0.2388,10.9111,1.0000,12.1499,Finalized
510,106.8000,0.2338,10.7421,1.0000,11.9759,Finalized
511,107.0000,0.2168,10.7603,1.0000,11.9771,Finalized
512,107.2000,0.2338,10.5659,1.0000,11.7997,Finalized
513,107.4000,0.2355,10.3754,1.0000,11.6109,Finalized
514,107.6000,0.2506,10.3003,1.0000,11.5509,Finalized
515,107.8000,0.3465,9.9775,1.0000,11.3240,Finalized
516,108.0000,0.2219,9.9231,1.0000,11.1450,Finalized
517,108.2000,0.3397,9.7197,1.0000,11.0594,Finalized
518,108.4000,0.2202,9.6775,1.0000,10.8977,Finalized
519,108.6000,0.1928,9.6008,1.0000,10.7936,Finalized
520,108.8000,0.3208,9.3892,1.0000,10.7100,Finalized
521,109.0000,0.3471,9.3928,1.0000,10.7399,Finalized
522,109.2000,0.2414,9.3688,1.0000,10.6102,Finalized
523,109.4000,0.3013,9.5628,1.0000,10.8641,Finalized
524,109.6000,0.2387,9.4420,1.0000,10.6807,Finalized
525,109.8000,0.2636,9.6380,1.0000,10.9016,Finalized
526,110.0000,0.3106,9.8370,1.0000,11.1475,Finalized
527,110.2000,0.2841,9.6649,1.0000,10.9490,Finalized
528,110.4000,0.2245,9.7938,1.0000,11.0183,Finalized
529,110.6000,0.2150,9.6206,1.0000,10.8356,Finalized
530,110.8000,0.2552,10.4319,1.0000,11.6872,Finalized
531,111.0000,0.2219,10.3220,1.0000,11.5439,Finalized
532,111.2000,0.2575,10.3610,1.0000,11.6185,Finalized
533,111.4000,0.2280,10.5116,1.0000,11.7396,Finalized
534,111.6000,0.1990,10.3376,1.0000,11.5366,Finalized
535,111.8000,0.3424,10.3732,1.0000,11.7156,Finalized
536,112.0000,0.2911,10.4724,1.0000,11.7635,Finalized
537,112.2000,0.3021,10.7085,1.0000,12.0106,Finalized
538,112.4000,0.2798,10.6786,1.0000,11.9584,Finalized
539,112.6000,0.2526,10.7511,1.0000,12.0037,Finalized
540,112.8000,0.2206,10.7396,1.0000,11.9601,Finalized
541,113.0000,0.1997,10.6434,1.0000,11.8431,Finalized
542,113.2000,0.2254,10.5834,1.0000,11.8088,Finalized
543,113.4000,0.2899,10.3835,1.0000,11.6734,Finalized
544,113.6000,0.2394,10.2316,1.0000,11.4709,Finalized
545,113.8000,0.3086,10.0974,1.0000,11.4059,Finalized
546,114.0000,0.3120,10.3202,1.0000,11.6323,Finalized
547,114.2000,0.3106,10.1449,1.0000,11.4555,Finalized
548,114.4000,0.3609,9.8745,1.0000,11.2355,Finalized
549,114.6000,0.2100,9.8310,1.0000,11.0409,Finalized
550,114.8000,0.1914,9.6628,1.0000,10.8542,Finalized
551,115.0000,0.2252,9.4254,1.0000,10.6505,Finalized
552,115.2000,0.1874,9.2663,1.0000,10.4537,Finalized
553,115.4000,0.2941,8.9649,1.0000,10.2590,Finalized
554,115.6000,0.2222,8.8194,1.0000,10.0416,Finalized
555,115.8000,0.2309,9.0838,1.0000,10.3147,Finalized
556,116.0000,0.3614,9.0950,1.0000,10.4564,Finalized
557,116.2000,0.3087,9.1741,1.0000,10.4828,Finalized
558,116.4000,0.2199,9.1497,1.0000,10.3696,Finalized
559,116.6000,0.2752,8.9006,1.0000,10.1758,Finalized
560,116.8000,0.3201,8.6818,1.0000,10.0019,Finalized
561,117.0000,0.2902,8.4953,1.0000,9.7855,Finalized
562,117.2000,0.2445,8.4813,1.0000,9.7258,Finalized
563,117.4000,0.2159,8.3304,1.0000,9.5464,Finalized
564,117.6000,0.2364,8.4681,1.0000,9.7045,Finalized
565,117.8000,0.2491,8.4000,1.0000,9.6491,Finalized
566,118.0000,0.1992,8.2262,1.0000,9.4253,Finalized
567,118.2000,0.2447,8.0421,1.0000,9.2869,Finalized
568,118.4000,0.3190,8.3512,1.0000,9.6701,Finalized
569,118.6000,0.3153,8.5185,1.0000,9.8338,Finalized
570,118.8000,0.2682,8.5403,1.0000,9.8085,Finalized
571,119.0000,0.2329,8.4019,1.0000,9.6348,Finalized
572,119.2000,0.3255,8.6337,1.0000,9.9591,Finalized
573,119.4000,0.2742,8.4734,1.0000,9.7475,Finalized
574,119.6000,0.2521,8.3786,1.0000,9.6307,Finalized
575,119.8000,0.2322,8.2014,1.0000,9.4336,Finalized
576,120.0000,0.3058,7.9602,1.0000,9.2661,Finalized
577,120.2000,0.2263,7.8437,1.0000,9.0700,Finalized
578,120.4000,0.2543,7.6289,1.0000,8.8832,Finalized
579,120.6000,0.2715,8.6739,1.0000,9.9454,Finalized
580,120.8000,0.2682,9.3412,1.0000,10.6095,Finalized
581,121.0000,0.2882,9.9410,1.0000,11.2292,Finalized
582,121.2000,0.3204,9.9647,1.0000,11.2851,Finalized
583,121.4000,0.2347,9.8407,1.0000,11.0754,Finalized
584,121.6000,0.1436,9.7559,1.0000,10.8995,Finalized
585,121.8000,0.1521,9.7912,1.0000,10.9433,Finalized
586,122.0000,0.2175,9.9334,1.0000,11.1509,Finalized
587,122.2000,0.2560,10.0170,1.0000,11.2731,Finalized
588,122.4000,0.2096,10.1386,1.0000,11.3481,Finalized
589,122.6000,0.1522,10.0530,1.0000,11.2052,Finalized
590,122.8000,0.2747,9.9221,1.0000,11.1968,Finalized
591,123.0000,0.1840,9.8371,1.0000,11.0211,Finalized
592,123.2000,0.1815,9.8885,1.0000,11.0700,Finalized
593,123.4000,0.2300,9.8586,1.0000,11.0885,Finalized
594,123.6000,0.3330,10.0633,1.0000,11.3963,Finalized
595,123.8000,0.2793,9.9224,1.0000,11.2016,Finalized
596,124.0000,0.2137,9.8310,1.0000,11.0447,Finalized
597,124.2000,0.2255,9.6774,1.0000,10.9029,Finalized
598,124.4000,0.2997,9.6288,1.0000,10.9286,Finalized
599,124.6000,0.2258,9.9762,1.0000,11.2020,Finalized
600,124.8000,0.3376,10.2034,1.0000,11.5411,Finalized
601,125.0000,0.1503,10.1998,1.0000,11.3500,Finalized
602,125.2000,0.2202,10.3588,1.0000,11.5790,Finalized
603,125.4000,0.1609,10.2256,1.0000,11.3865,Finalized
604,125.6000,0.2366,10.0076,1.0000,11.2442,Finalized
605,125.8000,0.2418,9.7767,1.0000,11.0185,Finalized
606,126.0000,0.2313,9.8727,1.0000,11.1040,Finalized
607,126.2000,0.2730,9.6272,1.0000,10.9002,Finalized
608,126.4000,0.2007,9.4837,1.0000,10.6844,Finalized
609,126.6000,0.2059,10.5380,1.0000,11.7439,Finalized
610,126.8000,0.1964,10.4403,1.0000,11.6367,Finalized
611,127.0000,0.2520,10.2900,1.0000,11.5420,Finalized
612,127.2000,0.2534,10.3987,1.0000,11.6521,Finalized
613,127.4000,0.3032,10.3784,1.0000,11.6816,Finalized
614,127.6000,0.2253,10.2839,1.0000,11.5092,Finalized
615,127.8000,0.1488,10.1546,1.0000,11.3034,Finalized
616,128.0000,0.2100,10.2587,1.0000,11.4687,Finalized
617,128.2000,0.2243,10.0899,1.0000,11.3142,Finalized
618,128.4000,0.3135,10.4731,1.0000,11.7866,Finalized
619,128.6000,0.1996,10.4244,1.0000,11.6240,Finalized
620,128.8000,0.2644,10.4747,1.0000,11.7391,Finalized
621,129.0000,0.3223,10.8514,1.0000,12.1737,Finalized
622,129.2000,0.2395,10.7192,1.0000,11.9587,Finalized
623,129.4000,0.2505,10.5112,1.0000,11.7617,Finalized
624,129.6000,0.2062,10.3843,1.0000,11.5906,Finalized
625,129.8000,0.2294,10.1656,1.0000,11.3950,Finalized
626,130.0000,0.1762,10.0110,1.0000,11.1872,Finalized
627,130.2000,0.3106,9.6738,1.0000,10.9844,Finalized
628,130.4000,0.2230,9.7303,1.0000,10.9533,Finalized
629,130.6000,0.2413,9.5093,1.0000,10.7505,Finalized
630,130.8000,0.2043,9.3749,1.0000,10.5792,Finalized
631,131.0000,0.3279,9.0507,1.0000,10.3786,Finalized
632,131.2000,0.2691,8.9688,1.0000,10.2379,Finalized
633,131.4000,0.2969,9.3831,1.0000,10.6801,Finalized
634,131.6000,0.2350,9.2861,1.0000,10.5211,Finalized
635,131.8000,0.1731,9.1195,1.0000,10.2927,Finalized
636,132.0000,0.2597,9.1261,1.0000,10.3858,Finalized
637,132.2000,0.2269,8.9669,1.0000,10.1939,Finalized
638,132.4000,0.2499,9.2364,1.0000,10.4863,Finalized
639,132.6000,0.2546,9.0651,1.0000,10.3197,Finalized
640,132.8000,0.2663,8.8534,1.0000,10.1196,Finalized
641,133.0000,0.3166,8.6633,1.0000,9.9799,Finalized
642,133.2000,0.2708,8.9365,1.0000,10.2073,Finalized
643,133.4000,0.2455,8.7610,1.0000,10.0064,Finalized
644,133.6000,0.2065,8.6716,1.0000,9.8781,Finalized
645,133.8000,0.2384,8.7779,1.0000,10.0163,Finalized
646,134.0000,0.1805,8.6268,1.0000,9.8072,Finalized
647,134.2000,0.1648,8.6077,1.0000,9.7725,Finalized
648,134.4000,0.2754,8.3905,1.0000,9.6659,Finalized
649,134.6000,0.1484,8.3069,1.0000,9.4553,Finalized
650,134.8000,0.3304,8.4726,1.0000,9.8031,Finalized
651,135.0000,0.2612,8.3535,1.0000,9.6147,Finalized
652,135.2000,0.2236,8.8168,1.0000,10.0404,Finalized
653,135.4000,0.1848,8.7807,1.0000,9.9655,Finalized
654,135.6000,0.2488,8.8840,1.0000,10.1328,Finalized
655,135.8000,0.2584,8.6581,1.0000,9.9165,Finalized
656,136.0000,0.2780,8.8902,1.0000,10.1681,Finalized
657,136.2000,0.3746,8.6641,1.0000,10.0387,Finalized
658,136.4000,0.2815,8.5913,1.0000,9.8728,Finalized
659,136.6000,0.2317,9.2730,1.0000,10.5047,Finalized
660,136.8000,0.2501,9.0620,1.0000,10.3121,Finalized
661,137.0000,0.2990,10.3213,1.0000,11.6203,Finalized
662,137.2000,0.1397,10.2656,1.0000,11.4053,Finalized
663,137.4000,0.3083,10.3908,1.0000,11.6991,Finalized
664,137.6000,0.3345,10.1600,1.0000,11.4944,Finalized
665,137.8000,0.2386,10.0433,1.0000,11.2819,Finalized
666,138.0000,0.2397,9.8820,1.0000,11.1217,Finalized
667,138.2000,0.2702,9.7254,1.0000,10.9956,Finalized
668,138.4000,0.2616,9.7118,1.0000,10.9734,Finalized
669,138.6000,0.2606,9.5319,1.0000,10.7925,Finalized
670,138.8000,0.1753,9.4078,1.0000,10.5831,Finalized
671,139.0000,0.3165,10.0917,1.0000,11.4082,Finalized
672,139.2000,0.2959,9.9762,1.0000,11.2721,Finalized
673,139.4000,0.2314,9.9144,1.0000,11.1458,Finalized
674,139.6000,0.3297,9.9883,1.0000,11.3180,Finalized
675,139.8000,0.2865,10.1160,1.0000,11.4025,Finalized
676,140.0000,0.2838,10.1721,1.0000,11.4560,Finalized
677,140.2000,0.2679,10.0941,1.0000,11.3620,Finalized
678,140.4000,0.2383,10.1421,1.0000,11.3804,Finalized
679,140.6000,0.2519,9.9671,1.0000,11.2191,Finalized
680,140.8000,0.2612,9.9430,1.0000,11.2042,Finalized
681,141.0000,0.2780,9.7483,1.0000,11.0263,Finalized
682,141.2000,0.2953,10.6744,1.0000,11.9697,Finalized
683,141.4000,0.2936,10.4423,1.0000,11.7359,Finalized
684,141.6000,0.2641,10.2738,1.0000,11.5379,Finalized
685,141.8000,0.1902,10.1557,1.0000,11.3459,Finalized
686,142.0000,0.2824,10.2250,1.0000,11.5074,Finalized
687,142.2000,0.2776,10.1211,1.0000,11.3987,Finalized
688,142.4000,0.2417,10.1206,1.0000,11.3623,Finalized
689,142.6000,0.2566,10.1679,1.0000,11.4245,Finalized
690,142.8000,0.3018,10.4983,1.0000,11.8001,Finalized
691,143.0000,0.2298,10.3562,1.0000,11.5860,Finalized
692,143.2000,0.2308,10.2394,1.0000,11.4703,Finalized
693,143.4000,0.2378,10.2364,1.0000,11.4742,Finalized
694,143.6000,0.2681,10.5802,1.0000,11.8483,Finalized
695,143.8000,0.1968,10.6837,1.0000,11.8805,Finalized
696,144.0000,0.2935,10.5026,1.0000,11.7960,Finalized
697,144.2000,0.3227,10.4493,1.0000,11.7721,Finalized
698,144.4000,0.3213,10.4705,1.0000,11.7918,Finalized
699,144.6000,0.1109,10.4806,1.0000,11.5915,Finalized
700,144.8000,0.1966,10.2181,1.0000,11.4147,Finalized
701,145.0000,0.2321,10.0271,1.0000,11.2593,Finalized
702,145.2000,0.2257,9.8769,1.0000,11.1026,Finalized
703,145.4000,0.2898,10.0332,1.0000,11.3230,Finalized
704,145.6000,0.2377,9.9169,1.0000,11.1546,Finalized
705,145.8000,0.1885,9.7913,1.0000,10.9798,Finalized
706,146.0000,0.2203,10.3288,1.0000,11.5491,Finalized
707,146.2000,0.3331,10.3277,1.0000,11.6608,Finalized
708,146.4000,0.2314,10.2192,1.0000,11.4505,Finalized
709,146.6000,0.3090,9.9381,1.0000,11.2471,Finalized
710,146.8000,0.2564,9.7890,1.0000,11.0454,Finalized
711,147.0000,0.2227,9.7078,1.0000,10.9305,Finalized
712,147.2000,0.2200,9.5067,1.0000,10.7267,Finalized
713,147.4000,0.2375,9.3045,1.0000,10.5420,Finalized
714,147.6000,0.2392,9.0943,1.0000,10.3335,Finalized
715,147.8000,0.1828,8.9560,1.0000,10.1389,Finalized
716,148.0000,0.2835,8.6627,1.0000,9.9462,Finalized
717,148.2000,0.1995,8.5915,1.0000,9.7910,Finalized
718,148.4000,0.2070,8.5867,1.0000,9.7936,Finalized
719,148.6000,0.1490,8.4304,1.0000,9.5794,Finalized
720,148.8000,0.2519,8.3028,1.0000,9.5547,Finalized
721,149.0000,0.2944,8.4669,1.0000,9.7614,Finalized
722,149.2000,0.2675,9.2489,1.0000,10.5165,Finalized
723,149.4000,0.3007,9.0103,1.0000,10.3111,Finalized
724,149.6000,0.2669,8.8533,1.0000,10.1202,Finalized
725,149.8000,0.1959,8.7190,1.0000,9.9149,Finalized
726,150.0000,0.2982,8.5880,1.0000,9.8862,Finalized
727,150.2000,0.2717,8.6516,1.0000,9.9233,Finalized
728,150.4000,0.2098,8.5350,1.0000,9.7448,Finalized
729,150.6000,0.2433,8.3341,1.0000,9.5774,Finalized
730,150.8000,0.1616,8.4946,1.0000,9.6562,Finalized
731,151.0000,0.2691,8.2498,1.0000,9.5189,Finalized
732,151.2000,0.2801,8.0936,1.0000,9.3737,Finalized
733,151.4000,0.3147,8.1905,1.0000,9.5052,Finalized
734,151.6000,0.2557,8.8618,1.0000,10.1175,Finalized
735,151.8000,0.1926,9.1971,1.0000,10.3897,Finalized
736,152.0000,0.2287,9.0772,1.0000,10.3059,Finalized
737,152.2000,0.2448,9.0243,1.0000,10.2691,Finalized
738,152.4000,0.1910,8.8749,1.0000,10.0659,Finalized
739,152.6000,0.2243,8.7744,1.0000,9.9987,Finalized
740,152.8000,0.2890,9.7589,1.0000,11.0479,Finalized
741,153.0000,0.3332,9.8418,1.0000,11.1750,Finalized
742,153.2000,0.3055,9.8270,1.0000,11.1325,Finalized
743,153.4000,0.2494,9.9290,1.0000,11.1784,Finalized
744,153.6000,0.2385,9.8680,1.0000,11.1064,Finalized
745,153.8000,0.2563,9.7912,1.0000,11.0474,Finalized
746,154.0000,0.1857,9.8921,1.0000,11.0777,Finalized
747,154.2000,0.2558,9.8306,1.0000,11.0864,Finalized
748,154.4000,0.2289,9.8472,1.0000,11.0761,Finalized
749,154.6000,0.2080,9.7160,1.0000,10.9240,Finalized
750,154.8000,0.0938,9.6240,1.0000,10.7179,Finalized
751,155.0000,0.2640,9.3504,1.0000,10.6144,Finalized
752,155.2000,0.2153,9.1941,1.0000,10.4094,Finalized
753,155.4000,0.2620,9.5919,1.0000,10.8539,Finalized
754,155.6000,0.3094,9.7069,1.0000,11.0162,Finalized
755,155.8000,0.2366,9.6531,1.0000,10.8897,Finalized
756,156.0000,0.2414,9.8529,1.0000,11.0942,Finalized
757,156.2000,0.2381,10.1596,1.0000,11.3977,Finalized
758,156.4000,0.2706,9.9224,1.0000,11.1930,Finalized
759,156.6000,0.2275,10.1494,1.0000,11.3768,Finalized
760,156.8000,0.1856,9.9675,1.0000,11.1531,Finalized
761,157.0000,0.1888,10.0656,1.0000,11.2544,Finalized
762,157.2000,0.2903,9.8205,1.0000,11.1108,Finalized
763,157.4000,0.2394,10.0806,1.0000,11.3200,Finalized
764,157.6000,0.2567,10.2918,1.0000,11.5485,Finalized
765,157.8000,0.2553,10.3325,1.0000,11.5878,Finalized
766,158.0000,0.2880,10.2876,1.0000,11.5756,Finalized
767,158.2000,0.3266,10.6406,1.0000,11.9672,Finalized
768,158.4000,0.2459,10.4958,1.0000,11.7416,Finalized
769,158.6000,0.2936,10.4283,1.0000,11.7219,Finalized
770,158.8000,0.1953,10.3929,1.0000,11.5882,Finalized
771,159.0000,0.2403,10.2366,1.0000,11.4769,Finalized
772,159.2000,0.2346,10.0414,1.0000,11.2760,Finalized
773,159.4000,0.2136,9.9629,1.0000,11.1766,Finalized
774,159.6000,0.2260,9.8019,1.0000,11.0279,Finalized
775,159.8000,0.2426,10.2366,1.0000,11.4791,Finalized
776,160.0000,0.2613,10.8672,1.0000,12.1286,Finalized
777,160.2000,0.3226,10.8900,1.0000,12.2126,Finalized
778,160.4000,0.2850,10.7767,1.0000,12.0618,Finalized
779,160.6000,0.2001,10.6571,1.0000,11.8573,Finalized
780,160.8000,0.2021,10.6542,1.0000,11.8563,Finalized
781,161.0000,0.2805,10.3771,1.0000,11.6576,Finalized
782,161.2000,0.2382,10.3330,1.0000,11.5711,Finalized
783,161.4000,0.2894,10.4859,1.0000,11.7754,Finalized
784,161.6000,0.2334,10.3208,1.0000,11.5542,Finalized
785,161.8000,0.3156,10.0339,1.0000,11.3495,Finalized
786,162.0000,0.2787,10.0994,1.0000,11.3781,Finalized
787,162.2000,0.2316,10.6293,1.0000,11.8610,Finalized
788,162.4000,0.1443,10.5345,1.0000,11.6788,Finalized
789,162.6000,0.1841,10.3602,1.0000,11.5442,Finalized
790,162.8000,0.2435,10.1049,1.0000,11.3484,Finalized
791,163.0000,0.1942,9.9643,1.0000,11.1584,Finalized
792,163.2000,0.3422,9.6130,1.0000,10.9552,Finalized
793,163.4000,0.2587,9.4920,1.0000,10.7506,Finalized
794,163.6000,0.2048,9.3587,1.0000,10.5636,Finalized
795,163.8000,0.1538,9.5317,1.0000,10.6855,Finalized
796,164.0000,0.2029,9.4674,1.0000,10.6703,Finalized
797,164.2000,0.2419,9.2907,1.0000,10.5326,Finalized
798,164.4000,0.2264,9.1997,1.0000,10.4260,Finalized
799,164.6000,0.2303,9.5730,1.0000,10.8033,Finalized
800,164.8000,0.2289,9.4076,1.0000,10.6364,Finalized
801,165.0000,0.3172,9.3882,1.0000,10.7054,Finalized
802,165.2000,0.2484,9.2827,1.0000,10.5311,Finalized
803,165.4000,0.1612,9.4565,1.0000,10.6176,Finalized
804,165.6000,0.2390,9.4316,1.0000,10.6706,Finalized
805,165.8000,0.2686,9.1909,1.0000,10.4595,Finalized
806,166.0000,0.3071,8.9998,1.0000,10.3069,Finalized
807,166.2000,0.2006,8.9980,1.0000,10.1986,Finalized
808,166.4000,0.1953,8.8667,1.0000,10.0620,Finalized
809,166.6000,0.2318,9.0307,1.0000,10.2625,Finalized
810,166.8000,0.1627,8.8925,1.0000,10.0552,Finalized
811,167.0000,0.2787,8.7039,1.0000,9.9826,Finalized
812,167.2000,0.2837,8.5216,1.0000,9.8053,Finalized
813,167.4000,0.3128,8.6321,1.0000,9.9449,Finalized
814,167.6000,0.1641,8.7361,1.0000,9.9002,Finalized
815,167.8000,0.1531,8.7264,1.0000,9.8795,Finalized
816,168.0000,0.3138,8.9370,1.0000,10.2509,Finalized
817,168.2000,0.2957,8.9114,1.0000,10.2071,Finalized
818,168.4000,0.2829,8.7225,1.0000,10.0054,Finalized
819,168.6000,0.2394,8.6373,1.0000,9.8767,Finalized
820,168.8000,0.3195,8.4506,1.0000,9.7701,Finalized
821,169.0000,0.2185,9.0433,1.0000,10.2618,Finalized
822,169.2000,0.2893,9.6344,1.0000,10.9238,Finalized
823,169.4000,0.2391,9.7360,1.0000,10.9751,Finalized
824,169.6000,0.3233,9.6036,1.0000,10.9269,Finalized
825,169.8000,0.2410,9.4631,1.0000,10.7041,Finalized
826,170.0000,0.3628,9.7506,1.0000,11.1134,Finalized
827,170.2000,0.2292,9.6829,1.0000,10.9121,Finalized
828,170.4000,0.2717,10.6386,1.0000,11.9103,Finalized
829,170.6000,0.3110,10.3680,1.0000,11.6791,Finalized
830,170.8000,0.2168,10.2754,1.0000,11.4922,Finalized
831,171.0000,0.2684,10.0768,1.0000,11.3452,Finalized
832,171.2000,0.3024,10.1313,1.0000,11.4337,Finalized
833,171.4000,0.2678,9.9671,1.0000,11.2350,Finalized
834,171.6000,0.2834,10.0853,1.0000,11.3687,Finalized
835,171.8000,0.2151,9.9686,1.0000,11.1836,Finalized
836,172.0000,0.2252,10.0776,1.0000,11.3028,Finalized
837,172.2000,0.2259,9.8779,1.0000,11.1038,Finalized
838,172.4000,0.2636,10.1411,1.0000,11.4047,Finalized
839,172.6000,0.2176,10.1061,1.0000,11.3237,Finalized
840,172.8000,0.2428,9.8953,1.0000,11.1381,Finalized
841,173.0000,0.2737,9.7276,1.0000,11.0013,Finalized
842,173.2000,0.3076,9.5864,1.0000,10.8940,Finalized
843,173.4000,0.2309,9.4438,1.0000,10.6747,Finalized
844,173.6000,0.1821,9.6131,1.0000,10.7953,Finalized
845,173.8000,0.3253,9.8019,1.0000,11.1271,Finalized
846,174.0000,0.2571,9.6601,1.0000,10.9172,Finalized
847,174.2000,0.2561,9.4660,1.0000,10.7221,Finalized
848,174.4000,0.2836,9.8341,1.0000,11.1177,Finalized
849,174.6000,0.3277,9.9910,1.0000,11.3187,Finalized
850,174.8000,0.3105,9.9587,1.0000,11.2691,Finalized
851,175.0000,0.3305,9.7335,1.0000,11.0639,Finalized
852,175.2000,0.1981,9.6955,1.0000,10.8936,Finalized
853,175.4000,0.2375,9.7324,1.0000,10.9699,Finalized
854,175.6000,0.2200,9.5958,1.0000,10.8158,Finalized
855,175.8000,0.2956,10.4409,1.0000,11.7365,Finalized
856,176.0000,0.2254,10.3182,1.0000,11.5435,Finalized
857,176.2000,0.2766,10.4144,1.0000,11.6910,Finalized
858,176.4000,0.2585,10.3255,1.0000,11.5840,Finalized
859,176.6000,0.3132,10.6645,1.0000,11.9777,Finalized
860,176.8000,0.2665,10.9748,1.0000,12.2412,Finalized
861,177.0000,0.2686,10.7815,1.0000,12.0501,Finalized
862,177.2000,0.2260,10.8881,1.0000,12.1141,Finalized
863,177.4000,0.3104,10.7847,1.0000,12.0951,Finalized
864,177.6000,0.2349,10.6864,1.0000,11.9214,Finalized
865,177.8000,0.2885,10.4209,1.0000,11.7094,Finalized
866,178.0000,0.3065,10.5148,1.0000,11.8212,Finalized
867,178.2000,0.1803,10.4348,1.0000,11.6151,Finalized
868,178.4000,0.2396,10.8769,1.0000,12.1165,Finalized
869,178.6000,0.2561,10.6450,1.0000,11.9011,Finalized
870,178.8000,0.2489,10.4739,1.0000,11.7228,Finalized
871,179.0000,0.1689,10.3451,1.0000,11.5140,Finalized
872,179.2000,0.3543,10.0570,1.0000,11.4114,Finalized
873,179.4000,0.2454,9.9626,1.0000,11.2081,Finalized
874,179.6000,0.2884,9.7329,1.0000,11.0213,Finalized
875,179.8000,0.2322,9.5694,1.0000,10.8015,Finalized
876,180.0000,0.2450,9.4026,1.0000,10.6475,Finalized
877,180.2000,0.2686,9.4378,1.0000,10.7064,Finalized
878,180.4000,0.2581,9.5437,1.0000,10.8018,Finalized
879,180.6000,0.3076,9.3457,1.0000,10.6534,Finalized
880,180.8000,0.0992,9.3281,1.0000,10.4273,Finalized
881,181.0000,0.2298,9.3046,1.0000,10.5344,Finalized
882,181.2000,0.2479,9.2027,1.0000,10.4506,Finalized
883,181.4000,0.2690,9.1846,1.0000,10.4536,Finalized
884,181.6000,0.2040,9.0613,1.0000,10.2654,Finalized
885,181.8000,0.2539,8.8292,1.0000,10.0831,Finalized
886,182.0000,0.2695,8.7369,1.0000,10.0063,Finalized
887,182.2000,0.2365,8.6066,1.0000,9.8431,Finalized
888,182.4000,0.2623,8.5581,1.0000,9.8205,Finalized
889,182.6000,0.2420,8.3408,1.0000,9.5828,Finalized
890,182.8000,0.2041,8.4363,1.0000,9.6404,Finalized
891,183.0000,0.2131,8.3720,1.0000,9.5850,Finalized
892,183.2000,0.2610,8.9994,1.0000,10.2604,Finalized
893,183.4000,0.3608,8.7663,1.0000,10.1271,Finalized
894,183.6000,0.3047,8.6794,1.0000,9.9842,Finalized
895,183.8000,0.2617,8.9666,1.0000,10.2284,Finalized
896,184.0000,0.2952,8.7375,1.0000,10.0326,Finalized
897,184.2000,0.2855,9.1836,1.0000,10.4691,Finalized
898,184.4000,0.2924,9.2667,1.0000,10.5591,Finalized
899,184.6000,0.3338,9.3569,1.0000,10.6907,Finalized
900,184.8000,0.2750,9.2495,1.0000,10.5245,Finalized
901,185.0000,0.1920,9.1649,1.0000,10.3569,Finalized
902,185.2000,0.2740,9.0362,1.0000,10.3102,Finalized
903,185.4000,0.2470,8.9128,1.0000,10.1598,Finalized
904,185.6000,0.2296,8.7348,1.0000,9.9644,Finalized
905,185.8000,0.2597,9.7258,1.0000,10.9855,Finalized
906,186.0000,0.2821,9.5328,1.0000,10.8148,Finalized
907,186.2000,0.2171,10.0068,1.0000,11.2239,Finalized
908,186.4000,0.2070,9.8382,1.0000,11.0452,Finalized
909,186.6000,0.2522,9.6346,1.0000,10.8868,Finalized
910,186.8000,0.2494,9.4623,1.0000,10.7117,Finalized
911,187.0000,0.1628,10.0245,1.0000,11.1872,Finalized
912,187.2000,0.2384,9.9057,1.0000,11.1440,Finalized
913,187.4000,0.2730,9.8757,1.0000,11.1487,Finalized
914,187.6000,0.2134,9.8410,1.0000,11.0545,Finalized
915,187.8000,0.3032,9.9201,1.0000,11.2234,Finalized
916,188.0000,0.2260,9.7766,1.0000,11.0026,Finalized
917,188.2000,0.2468,9.7573,1.0000,11.0041,Finalized
918,188.4000,0.2223,9.7466,1.0000,10.9689,Finalized
919,188.6000,0.3207,9.4636,1.0000,10.7843,Finalized
920,188.8000,0.1674,9.4166,1.0000,10.5840,Finalized
921,189.0000,0.2363,9.3527,1.0000,10.5891,Finalized
922,189.2000,0.1284,9.3131,1.0000,10.4415,Finalized
923,189.4000,0.2809,9.5442,1.0000,10.8251,Finalized
924,189.6000,0.2310,9.7557,1.0000,10.9867,Finalized
925,189.8000,0.2756,9.5315,1.0000,10.8071,Finalized
926,190.0000,0.2297,9.4146,1.0000,10.6443,Finalized
927,190.2000,0.2247,9.3655,1.0000,10.5901,Finalized
928,190.4000,0.2294,9.8351,1.0000,11.0646,Finalized
929,190.6000,0.3492,9.8366,1.0000,11.1858,Finalized
930,190.8000,0.2345,9.7359,1.0000,10.9704,Finalized
931,191.0000,0.3543,9.7525,1.0000,11.1068,Finalized
932,191.2000,0.2665,9.6178,1.0000,10.8844,Finalized
933,191.4000,0.2837,9.5315,1.0000,10.8152,Finalized
934,191.6000,0.2534,9.6302,1.0000,10.8836,Finalized
935,191.8000,0.1679,9.5353,1.0000,10.7032,Finalized
936,192.0000,0.2292,10.7696,1.0000,11.9988,Finalized
937,192.2000,0.2101,10.7146,1.0000,11.9247,Finalized
938,192.4000,0.2834,10.5972,1.0000,11.8805,Finalized
939,192.6000,0.2537,10.7631,1.0000,12.0167,Finalized
940,192.8000,0.1948,10.6223,1.0000,11.8171,Finalized
941,193.0000,0.3215,10.3260,1.0000,11.6475,Finalized
942,193.2000,0.1987,10.2283,1.0000,11.4269,Finalized
943,193.4000,0.2182,10.5192,1.0000,11.7374,Finalized
944,193.6000,0.2669,10.5459,1.0000,11.8128,Finalized
945,193.8000,0.2204,10.6381,1.0000,11.8585,Finalized
946,194.0000,0.3033,10.3361,1.0000,11.6394,Finalized
947,194.2000,0.2809,10.1488,1.0000,11.4297,Finalized
948,194.4000,0.3197,10.4308,1.0000,11.7505,Finalized
949,194.6000,0.2687,10.2660,1.0000,11.5347,Finalized
950,194.8000,0.2991,10.0955,1.0000,11.3946,Finalized
951,195.0000,0.2742,9.9456,1.0000,11.2198,Finalized
952,195.2000,0.1719,10.0089,1.0000,11.1808,Finalized
953,195.4000,0.2568,10.0607,1.0000,11.3175,Finalized
954,195.6000,0.2366,9.9009,1.0000,11.1375,Finalized
955,195.8000,0.3018,9.6278,1.0000,10.9297,Finalized
956,196.0000,0.2367,9.5207,1.0000,10.7574,Finalized
957,196.2000,0.2179,9.4764,1.0000,10.6944,Finalized
958,196.4000,0.1861,9.2783,1.0000,10.4644,Finalized
959,196.6000,0.2494,9.1465,1.0000,10.3959,Finalized
960,196.8000,0.2281,9.0880,1.0000,10.3161,Finalized
961,197.0000,0.2597,8.8919,1.0000,10.1516,Finalized
962,197.2000,0.2207,8.9202,1.0000,10.1409,Finalized
963,197.4000,0.2711,8.7530,1.0000,10.0240,Finalized
964,197.6000,0.2911,8.5453,1.0000,9.8364,Finalized
965,197.8000,0.2847,8.3644,1.0000,9.6492,Finalized
966,198.0000,0.2063,8.3017,1.0000,9.5079,Finalized
967,198.2000,0.2266,8.0955,1.0000,9.3220,Finalized
968,198.4000,0.2108,8.2765,1.0000,9.4873,Finalized
969,198.6000,0.3212,8.3455,1.0000,9.6667,Finalized
970,198.8000,0.2815,8.4154,1.0000,9.6969,Finalized
971,199.0000,0.2977,8.4378,1.0000,9.7354,Finalized
972,199.2000,0.2475,8.9094,1.0000,10.1569,Finalized
973,199.4000,0.2420,8.9863,1.0000,10.2284,Finalized
974,199.6000,0.3100,8.7377,1.0000,10.0477,Finalized
975,199.8000,0.3165,8.6034,1.0000,9.9198,Finalized
976,200.0000,0.3067,8.8171,1.0000,10.1238,Finalized
977,200.2000,0.1894,8.7155,1.0000,9.9049,Finalized
978,200.4000,0.1821,8.9056,1.0000,10.0877,Finalized
979,200.6000,0.2313,9.5067,1.0000,10.7379,Finalized
980,200.8000,0.2173,9.3400,1.0000,10.5573,Finalized
981,201.0000,0.2106,9.5024,1.0000,10.7130,Finalized
982,201.2000,0.2180,9.3402,1.0000,10.5582,Finalized
983,201.4000,0.2565,10.1492,1.0000,11.4058,Finalized
984,201.6000,0.2351,10.1289,1.0000,11.3639,Finalized
985,201.8000,0.2616,10.0046,1.0000,11.2662,Finalized
986,202.0000,0.2751,10.1260,1.0000,11.4010,Finalized
987,202.2000,0.1694,10.2934,1.0000,11.4628,Finalized
988,202.4000,0.2406,10.1187,1.0000,11.3594,Finalized
989,202.6000,0.2719,9.8865,1.0000,11.1584,Finalized
990,202.8000,0.2206,9.7454,1.0000,10.9660,Finalized
991,203.0000,0.2271,9.5304,1.0000,10.7574,Finalized
992,203.2000,0.2481,9.3146,1.0000,10.5627,Finalized
993,203.4000,0.2934,9.0754,1.0000,10.3688,Finalized
994,203.6000,0.3484,9.3597,1.0000,10.7081,Finalized
995,203.8000,0.3126,9.6368,1.0000,10.9494,Finalized
996,204.0000,0.3261,9.5664,1.0000,10.8925,Finalized
997,204.2000,0.1923,9.4896,1.0000,10.6819,Finalized
998,204.4000,0.1949,9.7425,1.0000,10.9375,Finalized
999,204.6000,0.2908,9.7173,1.0000,11.0081,Finalized
1000,204.8000,0.2737,9.5269,1.0000,10.8006,Finalized
