tx_id,timestamp,dispute_period,l1_batch_delay,l1_relay_time,t_total_latency
1,5.0000,200.0000,23.8741,1.0010,224.8850
2,5.2000,200.0000,40.0887,0.9992,241.0979
3,5.4000,200.0000,30.3658,1.0211,231.3970
4,5.6000,200.0000,17.6445,1.0167,218.6713
5,5.8000,200.0000,20.5882,1.0278,221.6260
6,6.0000,200.0000,18.5533,0.9245,219.4878
7,6.2000,200.0000,33.0658,1.0921,234.1679
8,6.4000,200.0000,38.9699,1.0556,240.0355
9,6.6000,200.0000,46.5013,1.1206,247.6318
10,6.8000,200.0000,10.2073,1.0182,211.2355
11,7.0000,200.0000,36.1670,1.0818,237.2588
12,7.2000,200.0000,29.2160,1.0518,230.2779
13,7.4000,200.0000,36.3765,0.8391,237.2256
14,7.6000,200.0000,43.8897,1.2884,245.1880
15,7.8000,200.0000,8.0774,1.0929,209.1803
16,8.0000,200.0000,15.5045,1.0347,216.5491
17,8.2000,200.0000,11.3435,1.1840,212.5375
18,8.4000,200.0000,11.4166,1.1327,212.5593
19,8.6000,200.0000,19.7005,0.9636,220.6741
20,8.8000,200.0000,40.6466,0.9391,241.5957
21,9.0000,200.0000,9.2245,1.1395,210.3740
22,9.2000,200.0000,10.7273,0.9997,211.7370
23,9.4000,200.0000,30.5372,0.9557,231.5029
24,9.6000,200.0000,4.6170,1.0046,205.6317
25,9.8000,200.0000,55.8633,1.0229,256.8962
26,10.0000,200.0000,1.1466,1.0738,202.2304
27,10.2000,200.0000,8.8033,1.0276,209.8409
28,10.4000,200.0000,21.7562,1.0493,222.8155
29,10.6000,200.0000,10.6093,0.9388,211.5581
30,10.8000,200.0000,13.0997,1.1032,214.2128
31,11.0000,200.0000,14.8353,1.1217,215.9670
32,11.2000,200.0000,29.4913,1.0761,230.5774
33,11.4000,200.0000,8.0752,1.1252,209.2104
34,11.6000,200.0000,57.2983,0.8642,258.1725
35,11.8000,200.0000,34.0304,0.8718,234.9122
36,12.0000,200.0000,17.9709,1.1301,219.1110
37,12.2000,200.0000,22.7741,1.1256,223.9097
38,12.4000,200.0000,25.8618,0.8633,226.7351
39,12.6000,200.0000,46.3285,1.1681,247.5066
40,12.8000,200.0000,38.9686,1.0043,239.9830
41,13.0000,200.0000,18.3765,0.9659,219.3523
42,13.2000,200.0000,26.5278,0.8299,227.3678
43,13.4000,200.0000,5.5721,1.0440,206.6261
44,13.6000,200.0000,47.6674,0.8856,248.5630
45,13.8000,200.0000,15.1615,0.8772,216.0487
46,14.0000,200.0000,3.9218,1.0105,204.9423
47,14.2000,200.0000,30.4394,1.0256,231.4750
48,14.4000,200.0000,46.1953,0.8945,247.0998
49,14.6000,200.0000,32.9948,1.0596,234.0644
50,14.8000,200.0000,2.1218,0.9073,203.0392
51,15.0000,200.0000,41.1886,1.0134,242.2120
52,15.2000,200.0000,12.3049,0.7961,213.1110
53,15.4000,200.0000,15.5652,0.9876,216.5628
54,15.6000,200.0000,54.8921,1.0050,255.9071
55,15.8000,200.0000,42.7951,1.0318,243.8369
56,16.0000,200.0000,55.0924,1.0306,256.1330
57,16.2000,200.0000,32.9829,0.9170,233.9099
58,16.4000,200.0000,55.3548,0.9232,256.2880
59,16.6000,200.0000,45.9339,0.9811,246.9250
60,16.8000,200.0000,44.4219,0.7699,245.2017
61,17.0000,200.0000,13.7743,0.9850,214.7692
62,17.2000,200.0000,7.7960,1.0730,208.8790
63,17.4000,200.0000,56.5389,1.0597,257.6086
64,17.6000,200.0000,40.7669,1.0071,241.7839
65,17.8000,200.0000,5.9420,0.9877,206.9397
66,18.0000,200.0000,18.2569,1.0677,219.3346
67,18.2000,200.0000,47.9118,1.0234,248.9452
68,18.4000,200.0000,4.3132,1.0903,205.4134
69,18.6000,200.0000,32.2862,1.0087,233.3049
70,18.8000,200.0000,36.5306,0.8773,237.4179
71,19.0000,200.0000,55.0388,1.0266,256.0753
72,19.2000,200.0000,4.3570,0.8242,205.1913
73,19.4000,200.0000,18.7729,0.8550,219.6378
74,19.6000,200.0000,5.5618,1.0275,206.5994
75,19.8000,200.0000,25.0273,1.1849,226.2222
76,20.0000,200.0000,18.4157,1.0482,219.4739
77,20.2000,200.0000,17.2614,1.0557,218.3271
78,20.4000,200.0000,28.1189,1.0478,229.1768
79,20.6000,200.0000,58.0564,1.1585,259.2249
80,20.8000,200.0000,24.6619,0.9818,225.6537
81,21.0000,200.0000,36.5412,0.7827,237.3340
82,21.2000,200.0000,56.9289,0.9597,257.8986
83,21.4000,200.0000,58.9354,0.8340,259.7795
84,21.6000,200.0000,56.3072,1.0444,257.3615
85,21.8000,200.0000,0.2472,0.8887,201.1459
86,22.0000,200.0000,27.9980,0.7822,228.7902
87,22.2000,200.0000,38.0249,1.0602,239.0951
88,22.4000,200.0000,15.3287,1.0207,216.3595
89,22.6000,200.0000,2.1530,0.9782,203.1412
90,22.8000,200.0000,59.5471,0.9616,260.5187
91,23.0000,200.0000,32.3826,0.9734,233.3660
92,23.2000,200.0000,33.0161,0.9947,234.0208
93,23.4000,200.0000,32.2551,1.0533,233.3183
94,23.6000,200.0000,26.5931,1.0416,227.6447
95,23.8000,200.0000,32.1407,0.7951,232.9458
96,24.0000,200.0000,13.7300,1.0036,214.7436
97,24.2000,200.0000,32.1507,1.0826,233.2432
98,24.4000,200.0000,21.7510,1.0101,222.7710
99,24.6000,200.0000,27.4852,1.0115,228.5067
100,24.8000,200.0000,6.8636,0.9355,207.8091
101,25.0000,200.0000,19.4087,1.0213,220.4400
102,25.2000,200.0000,2.2675,0.9111,203.1886
103,25.4000,200.0000,35.7289,1.0400,236.7789
104,25.6000,200.0000,30.2987,0.9703,231.2790
105,25.8000,200.0000,31.2880,0.9988,232.2968
106,26.0000,200.0000,15.7669,1.1066,216.8835
107,26.2000,200.0000,8.8828,1.0477,209.9405
108,26.4000,200.0000,16.6352,0.9964,217.6415
109,26.6000,200.0000,54.7776,0.9093,255.6970
110,26.8000,200.0000,7.1960,1.0358,208.2418
111,27.0000,200.0000,9.1114,0.9880,210.1093
112,27.2000,200.0000,50.7618,0.9733,251.7451
113,27.4000,200.0000,53.1724,0.8338,254.0162
114,27.6000,200.0000,54.4465,1.1622,255.6187
115,27.8000,200.0000,11.8278,1.0033,212.8411
116,28.0000,200.0000,56.2958,1.0055,257.3113
117,28.2000,200.0000,22.4988,0.8393,223.3480
118,28.4000,200.0000,1.7770,0.9084,202.6954
119,28.6000,200.0000,11.3393,0.9189,212.2682
120,28.8000,200.0000,2.6065,1.1129,203.7294
121,29.0000,200.0000,54.8300,0.7912,255.6313
122,29.2000,200.0000,47.7627,0.9751,248.7478
123,29.4000,200.0000,45.9836,0.9722,246.9658
124,29.6000,200.0000,18.0207,0.7821,218.8129
125,29.8000,200.0000,19.6248,0.9110,220.5458
126,30.0000,200.0000,59.5229,0.8911,260.4241
127,30.2000,200.0000,47.9985,0.9063,248.9148
128,30.4000,200.0000,13.8732,1.0160,214.8993
129,30.6000,200.0000,44.0390,1.1840,245.2331
130,30.8000,200.0000,46.3522,0.9596,247.3219
131,31.0000,200.0000,26.3297,1.0611,227.4008
132,31.2000,200.0000,5.5195,1.1504,206.6799
133,31.4000,200.0000,15.7374,0.9749,216.7223
134,31.6000,200.0000,46.9439,1.0129,247.9668
135,31.8000,200.0000,15.1640,0.9824,216.1565
136,32.0000,200.0000,57.7704,0.9091,258.6895
137,32.2000,200.0000,58.7118,1.0759,259.7977
138,32.4000,200.0000,10.6579,1.0111,211.6790
139,32.6000,200.0000,22.3670,1.0824,223.4594
140,32.8000,200.0000,23.4414,0.8569,224.3084
141,33.0000,200.0000,59.1576,1.0853,260.2529
142,33.2000,200.0000,9.4591,1.1208,210.5899
143,33.4000,200.0000,57.2428,0.9282,258.1810
144,33.6000,200.0000,56.3595,0.9556,257.3251
145,33.8000,200.0000,16.6827,0.8118,217.5045
146,34.0000,200.0000,56.9697,0.9461,257.9258
147,34.2000,200.0000,59.6039,1.0339,260.6478
148,34.4000,200.0000,46.6987,1.0267,247.7354
149,34.6000,200.0000,23.5253,1.0757,224.6111
150,34.8000,200.0000,52.7429,0.7973,253.5502
151,35.0000,200.0000,59.7936,0.9940,260.7976
152,35.2000,200.0000,1.4011,0.9965,202.4076
153,35.4000,200.0000,4.3388,0.9431,205.2919
154,35.6000,200.0000,52.8250,0.9557,253.7907
155,35.8000,200.0000,54.5006,1.0953,255.6059
156,36.0000,200.0000,18.3004,1.0637,219.3741
157,36.2000,200.0000,54.5999,1.0702,255.6801
158,36.4000,200.0000,49.6797,1.0495,250.7392
159,36.6000,200.0000,51.1809,1.0292,252.2200
160,36.8000,200.0000,42.8971,0.8515,243.7585
161,37.0000,200.0000,6.4739,1.0349,207.5188
162,37.2000,200.0000,19.6808,0.9830,220.6739
163,37.4000,200.0000,3.1854,0.9644,204.1598
164,37.6000,200.0000,16.6703,1.0809,217.7612
165,37.8000,200.0000,14.3163,1.1923,215.5186
166,38.0000,200.0000,12.3647,0.9657,213.3404
167,38.2000,200.0000,23.3174,1.0221,224.3496
168,38.4000,200.0000,10.9407,0.9526,211.9033
169,38.6000,200.0000,15.1448,1.0234,216.1782
170,38.8000,200.0000,3.8459,0.9066,204.7625
171,39.0000,200.0000,54.9923,1.0309,256.0332
172,39.2000,200.0000,59.3327,0.9385,260.2812
173,39.4000,200.0000,32.9501,1.1601,234.1202
174,39.6000,200.0000,16.1153,1.0194,217.1447
175,39.8000,200.0000,43.5662,0.9818,244.5580
176,40.0000,200.0000,17.4431,1.0705,218.5236
177,40.2000,200.0000,50.4449,0.8586,251.3135
178,40.4000,200.0000,34.2809,0.9330,235.2240
179,40.6000,200.0000,59.0045,1.1185,260.1331
180,40.8000,200.0000,2.7551,0.8500,203.6152
181,41.0000,200.0000,6.4085,0.9402,207.3588
182,41.2000,200.0000,39.3916,0.9592,240.3607
183,41.4000,200.0000,56.6092,1.1757,257.7949
184,41.6000,200.0000,41.0267,1.0523,242.0889
185,41.8000,200.0000,45.0191,0.9770,246.0060
186,42.0000,200.0000,47.7430,0.7878,248.5408
187,42.2000,200.0000,28.0634,1.0108,229.0843
188,42.4000,200.0000,43.5968,1.0737,244.6806
189,42.6000,200.0000,21.5034,0.8851,222.3984
190,42.8000,200.0000,4.3265,1.0227,205.3592
191,43.0000,200.0000,12.9741,1.0272,214.0113
192,43.2000,200.0000,9.6067,0.9717,210.5885
193,43.4000,200.0000,12.2659,1.0030,213.2789
194,43.6000,200.0000,51.1027,0.9966,252.1093
195,43.8000,200.0000,41.7256,0.9929,242.7285
196,44.0000,200.0000,26.9940,1.1660,228.1699
197,44.2000,200.0000,44.5023,1.0971,245.6094
198,44.4000,200.0000,49.4739,0.9541,250.4380
199,44.6000,200.0000,16.4615,0.9273,217.3988
200,44.8000,200.0000,7.0330,0.8863,207.9293
201,45.0000,200.0000,32.4659,0.9090,233.3849
202,45.2000,200.0000,52.4141,1.1736,253.5977
203,45.4000,200.0000,28.5490,0.9025,229.4615
204,45.6000,200.0000,24.7301,0.8884,225.6285
205,45.8000,200.0000,57.8911,1.1916,259.0927
206,46.0000,200.0000,37.0958,1.1343,238.2402
207,46.2000,200.0000,52.8845,0.9097,253.8042
208,46.4000,200.0000,1.5556,0.8045,202.3702
209,46.6000,200.0000,6.5473,0.9949,207.5522
210,46.8000,200.0000,45.4306,1.0241,246.4648
211,47.0000,200.0000,31.1359,1.0142,232.1601
212,47.2000,200.0000,43.7714,0.9423,244.7237
213,47.4000,200.0000,16.0417,1.0760,217.1278
214,47.6000,200.0000,28.5644,0.9494,229.5238
215,47.8000,200.0000,9.7906,1.0025,210.8031
216,48.0000,200.0000,12.9663,0.8823,213.8587
217,48.2000,200.0000,26.4719,1.1329,227.6148
218,48.4000,200.0000,28.5672,0.8530,229.4302
219,48.6000,200.0000,34.5885,1.0158,235.6143
220,48.8000,200.0000,43.0552,1.0211,244.0863
221,49.0000,200.0000,58.9087,1.0367,259.9554
222,49.2000,200.0000,28.0552,1.2336,229.2988
223,49.4000,200.0000,46.7411,1.1899,247.9410
224,49.6000,200.0000,31.3328,1.0743,232.4171
225,49.8000,200.0000,54.0174,0.8821,254.9096
226,50.0000,200.0000,49.4499,1.1079,250.5677
227,50.2000,200.0000,36.6502,0.9507,237.6109
228,50.4000,200.0000,33.8259,1.1193,234.9552
229,50.6000,200.0000,35.6886,0.7555,236.4541
230,50.8000,200.0000,43.4222,1.1219,244.5541
231,51.0000,200.0000,7.7612,1.1120,208.8831
232,51.2000,200.0000,38.9318,0.9523,239.8941
233,51.4000,200.0000,53.0626,1.0231,254.0956
234,51.6000,200.0000,6.8195,1.0978,207.9273
235,51.8000,200.0000,27.4214,1.0422,228.4736
236,52.0000,200.0000,47.2241,0.8563,248.0905
237,52.2000,200.0000,36.2418,1.1616,237.4134
238,52.4000,200.0000,13.5616,1.1007,214.6723
239,52.6000,200.0000,58.1495,1.0375,259.1969
240,52.8000,200.0000,27.1458,1.1380,228.2938
241,53.0000,200.0000,21.8107,0.8704,222.6911
242,53.2000,200.0000,56.3112,0.9826,257.3038
243,53.4000,200.0000,12.6067,1.0565,213.6732
244,53.6000,200.0000,10.2825,0.9975,211.2901
245,53.8000,200.0000,27.4843,0.9792,228.4735
246,54.0000,200.0000,15.7632,0.9867,216.7600
247,54.2000,200.0000,11.5553,0.9751,212.5404
248,54.4000,200.0000,8.7524,0.8279,209.5903
249,54.6000,200.0000,44.4851,1.1517,245.6468
250,54.8000,200.0000,56.9598,0.9546,257.9244
251,55.0000,200.0000,27.6192,0.9524,228.5816
252,55.2000,200.0000,12.6952,0.9082,213.6134
253,55.4000,200.0000,40.2547,1.1928,241.4575
254,55.6000,200.0000,8.6647,1.0728,209.7475
255,55.8000,200.0000,36.9597,1.0662,238.0360
256,56.0000,200.0000,0.7449,0.9446,201.6995
257,56.2000,200.0000,11.3952,1.0292,212.4344
258,56.4000,200.0000,41.3907,0.9279,242.3286
259,56.6000,200.0000,18.3600,0.8353,219.2053
260,56.8000,200.0000,12.0986,1.1885,213.2972
261,57.0000,200.0000,21.7580,1.1080,222.8759
262,57.2000,200.0000,18.7673,1.0691,219.8464
263,57.4000,200.0000,26.3070,1.0333,227.3502
264,57.6000,200.0000,28.2977,0.7442,229.0518
265,57.8000,200.0000,8.8597,1.0584,209.9281
266,58.0000,200.0000,7.0513,0.8547,207.9160
267,58.2000,200.0000,25.3105,0.9614,226.2820
268,58.4000,200.0000,37.3217,0.9158,238.2475
269,58.6000,200.0000,42.8393,0.9543,243.8036
270,58.8000,200.0000,34.8367,0.8907,235.7374
271,59.0000,200.0000,24.0460,0.9578,225.0138
272,59.2000,200.0000,33.0345,1.0182,234.0627
273,59.4000,200.0000,8.7990,1.0017,209.8107
274,59.6000,200.0000,47.4495,1.0647,248.5241
275,59.8000,200.0000,30.9889,1.1509,232.1498
276,60.0000,200.0000,50.2734,1.2497,251.5331
277,60.2000,200.0000,45.0981,0.9812,246.0893
278,60.4000,200.0000,30.1228,0.9791,231.1119
279,60.6000,200.0000,8.4820,1.0718,209.5638
280,60.8000,200.0000,21.7407,1.0235,222.7742
281,61.0000,200.0000,30.8251,1.1380,231.9731
282,61.2000,200.0000,15.0359,0.9215,215.9674
283,61.4000,200.0000,18.4236,0.6619,219.0956
284,61.6000,200.0000,26.2886,1.0782,227.3768
285,61.8000,200.0000,3.9694,0.7589,204.7383
286,62.0000,200.0000,23.4064,0.9738,224.3903
287,62.2000,200.0000,28.6059,1.0100,229.6259
288,62.4000,200.0000,42.8190,1.2072,244.0362
289,62.6000,200.0000,35.7878,1.1060,236.9037
290,62.8000,200.0000,37.8210,1.2011,239.0321
291,63.0000,200.0000,53.3916,0.9653,254.3669
292,63.2000,200.0000,33.3288,1.0827,234.4216
293,63.4000,200.0000,45.1670,0.9211,246.0980
294,63.6000,200.0000,7.8475,0.9054,208.7629
295,63.8000,200.0000,45.9357,0.9046,246.8502
296,64.0000,200.0000,13.9890,1.0768,215.0758
297,64.2000,200.0000,15.2149,0.8947,216.1196
298,64.4000,200.0000,54.1628,0.9502,255.1230
299,64.6000,200.0000,37.5365,1.0683,238.6148
300,64.8000,200.0000,52.5796,1.0511,253.6407
301,65.0000,200.0000,54.4653,0.9804,255.4557
302,65.2000,200.0000,23.9161,1.0266,224.9527
303,65.4000,200.0000,24.7711,0.9463,225.7274
304,65.6000,200.0000,43.0227,1.1026,244.1354
305,65.8000,200.0000,11.8209,1.0924,212.9234
306,66.0000,200.0000,52.6490,0.9184,253.5774
307,66.2000,200.0000,59.3607,0.9914,260.3621
308,66.4000,200.0000,13.4268,1.0055,214.4423
309,66.6000,200.0000,45.5844,0.8256,246.4200
310,66.8000,200.0000,17.4349,0.8554,218.3003
311,67.0000,200.0000,38.4178,1.1897,239.6175
312,67.2000,200.0000,2.3399,1.0343,203.3842
313,67.4000,200.0000,58.0955,1.0165,259.1221
314,67.6000,200.0000,54.7338,0.9404,255.6842
315,67.8000,200.0000,10.9736,0.8643,211.8479
316,68.0000,200.0000,40.3401,1.0492,241.3993
317,68.2000,200.0000,29.3659,1.0070,230.3829
318,68.4000,200.0000,37.8824,0.9892,238.8816
319,68.6000,200.0000,4.0891,1.0925,205.1916
320,68.8000,200.0000,44.8688,1.2638,246.1426
321,69.0000,200.0000,3.2083,0.9789,204.1972
322,69.2000,200.0000,50.9354,0.9707,251.9161
323,69.4000,200.0000,33.7663,1.0421,234.8184
324,69.6000,200.0000,31.7281,0.9624,232.7005
325,69.8000,200.0000,31.8843,0.8991,232.7935
326,70.0000,200.0000,51.6788,1.0631,252.7519
327,70.2000,200.0000,7.0570,1.0514,208.1184
328,70.4000,200.0000,55.2370,1.1314,256.3784
329,70.6000,200.0000,23.1760,1.1467,224.3328
330,70.8000,200.0000,58.7936,0.9199,259.7235
331,71.0000,200.0000,52.9642,0.9490,253.9232
332,71.2000,200.0000,12.0393,0.9759,213.0252
333,71.4000,200.0000,9.3074,1.0545,210.3718
334,71.6000,200.0000,34.1940,1.0289,235.2329
335,71.8000,200.0000,15.7988,0.9189,216.7277
336,72.0000,200.0000,38.3058,1.0645,239.3803
337,72.2000,200.0000,13.3542,0.9285,214.2926
338,72.4000,200.0000,47.9269,0.9836,248.9205
339,72.6000,200.0000,18.5592,0.8908,219.4600
340,72.8000,200.0000,1.8559,0.9141,202.7800
341,73.0000,200.0000,11.3994,1.0526,212.4620
342,73.2000,200.0000,16.4408,0.9412,217.3920
343,73.4000,200.0000,35.9526,1.0858,237.0484
344,73.6000,200.0000,24.1641,0.9840,225.1581
345,73.8000,200.0000,8.9558,1.1145,210.0803
346,74.0000,200.0000,2.1559,0.8941,203.0599
347,74.2000,200.0000,1.2135,0.9846,202.2081
348,74.4000,200.0000,16.0529,1.1544,217.2173
349,74.6000,200.0000,38.6331,1.0905,239.7336
350,74.8000,200.0000,42.3179,0.8896,243.2175
351,75.0000,200.0000,36.1988,1.1274,237.3361
352,75.2000,200.0000,26.8639,0.9425,227.8164
353,75.4000,200.0000,13.5361,0.9796,214.5257
354,75.6000,200.0000,22.6456,1.0242,223.6798
355,75.8000,200.0000,10.1484,1.1779,211.3364
356,76.0000,200.0000,19.8937,0.9012,220.8049
357,76.2000,200.0000,18.0663,0.9992,219.0754
358,76.4000,200.0000,35.4736,1.0974,236.5810
359,76.6000,200.0000,13.7603,1.0735,214.8438
360,76.8000,200.0000,45.5805,0.8526,246.4431
361,77.0000,200.0000,39.7633,0.9898,240.7630
362,77.2000,200.0000,16.9116,0.8981,217.8198
363,77.4000,200.0000,7.8464,1.1461,209.0025
364,77.6000,200.0000,48.0431,1.0439,249.0971
365,77.8000,200.0000,17.5304,1.0812,218.6216
366,78.0000,200.0000,50.9416,0.9763,251.9279
367,78.2000,200.0000,54.4560,1.1110,255.5770
368,78.4000,200.0000,58.0388,0.9296,258.9784
369,78.6000,200.0000,45.9565,1.0400,247.0064
370,78.8000,200.0000,59.4662,1.1010,260.5772
371,79.0000,200.0000,19.8853,0.7305,220.6258
372,79.2000,200.0000,41.7752,0.9403,242.7254
373,79.4000,200.0000,10.7063,0.8872,211.6035
374,79.6000,200.0000,51.1709,0.9979,252.1789
375,79.8000,200.0000,39.1620,1.0409,240.2130
376,80.0000,200.0000,49.5818,1.0715,250.6633
377,80.2000,200.0000,19.4128,0.9248,220.3476
378,80.4000,200.0000,3.2901,0.9655,204.2656
379,80.6000,200.0000,41.8203,1.0890,242.9192
380,80.8000,200.0000,59.1681,1.0388,260.2168
381,81.0000,200.0000,9.5722,0.9992,210.5814
382,81.2000,200.0000,39.8513,0.9433,240.8046
383,81.4000,200.0000,52.7200,1.0078,253.7378
384,81.6000,200.0000,37.0037,0.9676,237.9813
385,81.8000,200.0000,6.5157,1.1368,207.6625
386,82.0000,200.0000,2.7292,1.1177,203.8569
387,82.2000,200.0000,11.2050,1.0434,212.2584
388,82.4000,200.0000,40.8574,1.1044,241.9718
389,82.6000,200.0000,59.8930,1.0230,260.9260
390,82.8000,200.0000,43.2816,0.8289,244.1205
391,83.0000,200.0000,26.7472,0.9314,227.6886
392,83.2000,200.0000,25.8634,0.9070,226.7805
393,83.4000,200.0000,8.1967,0.7949,209.0015
394,83.6000,200.0000,40.2045,0.9192,241.1337
395,83.8000,200.0000,0.6804,0.9238,201.6142
396,84.0000,200.0000,23.1449,1.0333,224.1882
397,84.2000,200.0000,34.2153,0.9989,235.2242
398,84.4000,200.0000,42.5595,0.9985,243.5681
399,84.6000,200.0000,56.4386,1.1264,257.5750
400,84.8000,200.0000,59.6427,0.9225,260.5752
401,85.0000,200.0000,37.0543,1.0358,238.1001
402,85.2000,200.0000,26.5945,0.9678,227.5722
403,85.4000,200.0000,43.2720,1.0041,244.2861
404,85.6000,200.0000,17.9728,1.1263,219.1091
405,85.8000,200.0000,52.1585,0.9917,253.1601
406,86.0000,200.0000,25.8041,1.0445,226.8586
407,86.2000,200.0000,10.8751,0.9401,211.8252
408,86.4000,200.0000,40.5348,0.9310,241.4758
409,86.6000,200.0000,13.0184,1.2048,214.2333
410,86.8000,200.0000,16.1706,0.9749,217.1556
411,87.0000,200.0000,35.5607,0.7942,236.3648
412,87.2000,200.0000,39.8479,1.1162,240.9741
413,87.4000,200.0000,35.7647,0.6242,236.3990
414,87.6000,200.0000,26.4174,0.9619,227.3893
415,87.8000,200.0000,58.1124,1.0764,259.1987
416,88.0000,200.0000,19.5400,1.0270,220.5770
417,88.2000,200.0000,32.4241,1.1543,233.5884
418,88.4000,200.0000,14.2171,1.0413,215.2684
419,88.6000,200.0000,58.0806,1.0732,259.1638
420,88.8000,200.0000,35.1848,1.0322,236.2269
421,89.0000,200.0000,29.5139,0.8367,230.3606
422,89.2000,200.0000,8.9696,0.9535,209.9331
423,89.4000,200.0000,27.2632,0.6956,227.9688
424,89.6000,200.0000,23.2347,1.2096,224.4543
425,89.8000,200.0000,50.8294,0.9977,251.8371
426,90.0000,200.0000,11.7811,0.9496,212.7407
427,90.2000,200.0000,49.4072,1.0545,250.4717
428,90.4000,200.0000,38.3343,0.9022,239.2465
429,90.6000,200.0000,34.3561,1.1687,235.5347
430,90.8000,200.0000,3.6826,0.8987,204.5914
431,91.0000,200.0000,13.1648,0.9707,214.1455
432,91.2000,200.0000,26.4168,0.8900,227.3168
433,91.4000,200.0000,1.2056,0.9856,202.2013
434,91.6000,200.0000,13.1224,0.8611,213.9935
435,91.8000,200.0000,13.5008,0.9445,214.4552
436,92.0000,200.0000,30.4430,1.0952,231.5481
437,92.2000,200.0000,55.1582,1.1852,256.3534
438,92.4000,200.0000,51.3633,1.1030,252.4764
439,92.6000,200.0000,47.8617,1.1044,248.9761
440,92.8000,200.0000,57.1322,1.1032,258.2454
441,93.0000,200.0000,52.9289,0.9616,253.9006
442,93.2000,200.0000,36.1024,1.0581,237.1705
443,93.4000,200.0000,26.2966,0.9612,227.2677
444,93.6000,200.0000,29.4168,1.0337,230.4606
445,93.8000,200.0000,13.8859,1.0168,214.9127
446,94.0000,200.0000,2.7519,0.9014,203.6633
447,94.2000,200.0000,32.3018,0.9926,233.3044
448,94.4000,200.0000,53.8454,1.0098,254.8651
449,94.6000,200.0000,57.7736,1.0146,258.7981
450,94.8000,200.0000,36.7903,0.8241,237.6245
451,95.0000,200.0000,36.2100,0.9843,237.2043
452,95.2000,200.0000,27.3284,1.0890,228.4275
453,95.4000,200.0000,21.2817,1.0674,222.3591
454,95.6000,200.0000,6.7682,0.9556,207.7339
455,95.8000,200.0000,54.5262,1.0582,255.5944
456,96.0000,200.0000,51.4904,0.9382,252.4385
457,96.2000,200.0000,29.5658,0.8894,230.4651
458,96.4000,200.0000,6.5113,1.0059,207.5272
459,96.6000,200.0000,57.3359,0.8170,258.1628
460,96.8000,200.0000,39.0144,1.0640,240.0884
461,97.0000,200.0000,7.7787,1.0393,208.8280
462,97.2000,200.0000,13.7329,0.9719,214.7147
463,97.4000,200.0000,44.5683,0.9109,245.4891
464,97.6000,200.0000,47.7390,1.0358,248.7848
465,97.8000,200.0000,31.2441,1.1912,232.4453
466,98.0000,200.0000,41.7079,0.7847,242.5025
467,98.2000,200.0000,50.5447,1.0789,251.6337
468,98.4000,200.0000,10.9827,1.1857,212.1784
469,98.6000,200.0000,30.0969,0.8631,230.9700
470,98.8000,200.0000,14.6439,0.8740,215.5279
471,99.0000,200.0000,38.7880,1.0558,239.8538
472,99.2000,200.0000,15.9530,1.2055,217.1685
473,99.4000,200.0000,49.1126,0.8483,249.9709
474,99.6000,200.0000,12.1677,1.0697,213.2474
475,99.8000,200.0000,30.8742,0.9189,231.8031
476,100.0000,200.0000,16.3233,1.1169,217.4502
477,100.2000,200.0000,26.7296,0.9216,227.6612
478,100.4000,200.0000,40.3333,0.9781,241.3214
479,100.6000,200.0000,27.6274,1.1097,228.7472
480,100.8000,200.0000,11.9909,0.9527,212.9536
481,101.0000,200.0000,45.5785,0.9834,246.5720
482,101.2000,200.0000,46.5855,0.9232,247.5187
483,101.4000,200.0000,19.1835,1.0865,220.2800
484,101.6000,200.0000,4.0891,1.0201,205.1192
485,101.8000,200.0000,54.3454,1.0379,255.3933
486,102.0000,200.0000,37.5065,1.0985,238.6150
487,102.2000,200.0000,13.3182,1.0784,214.4065
488,102.4000,200.0000,17.1367,1.0583,218.2050
489,102.6000,200.0000,34.2296,0.9902,235.2298
490,102.8000,200.0000,50.1712,1.0186,251.1998
491,103.0000,200.0000,44.6967,1.0086,245.7152
492,103.2000,200.0000,42.2971,0.8670,243.1742
493,103.4000,200.0000,5.5558,1.1744,206.7402
494,103.6000,200.0000,5.6442,0.9943,206.6485
495,103.8000,200.0000,51.9612,0.9343,252.9055
496,104.0000,200.0000,4.9712,1.0165,205.9978
497,104.2000,200.0000,26.6754,0.9594,227.6448
498,104.4000,200.0000,32.0457,1.1043,233.1600
499,104.6000,200.0000,2.8135,1.0509,203.8744
500,104.8000,200.0000,5.0672,1.0901,206.1674
501,105.0000,200.0000,35.6941,1.0607,236.7647
502,105.2000,200.0000,15.4304,0.9142,216.3546
503,105.4000,200.0000,35.2590,0.9758,236.2448
504,105.6000,200.0000,0.9381,1.0846,202.0328
505,105.8000,200.0000,5.2191,0.9850,206.2141
506,106.0000,200.0000,49.2776,1.0986,250.3863
507,106.2000,200.0000,24.9955,0.9648,225.9703
508,106.4000,200.0000,33.3454,0.8373,234.1926
509,106.6000,200.0000,52.0449,0.9301,252.9850
510,106.8000,200.0000,46.5436,0.8368,247.3903
511,107.0000,200.0000,33.8242,0.9469,234.7812
512,107.2000,200.0000,53.5803,0.8573,254.4477
513,107.4000,200.0000,42.3956,0.9819,243.3876
514,107.6000,200.0000,35.4031,0.9945,236.4076
515,107.8000,200.0000,12.2909,1.1181,213.4190
516,108.0000,200.0000,34.8221,1.0881,235.9203
517,108.2000,200.0000,43.8777,1.0807,244.9684
518,108.4000,200.0000,57.4949,0.9255,258.4304
519,108.6000,200.0000,41.0237,0.9929,242.0266
520,108.8000,200.0000,48.6509,1.0019,249.6627
521,109.0000,200.0000,9.8882,0.9819,210.8801
522,109.2000,200.0000,6.6331,0.9526,207.5957
523,109.4000,200.0000,34.9608,0.8463,235.8171
524,109.6000,200.0000,8.7531,0.8577,209.6208
525,109.8000,200.0000,24.0533,0.9423,225.0056
526,110.0000,200.0000,31.4872,1.0376,232.5349
527,110.2000,200.0000,53.2415,0.8758,254.1273
528,110.4000,200.0000,45.8895,1.0805,246.9800
529,110.6000,200.0000,21.3717,1.0963,222.4780
530,110.8000,200.0000,43.0650,1.0668,244.1418
531,111.0000,200.0000,6.6458,0.9118,207.5676
532,111.2000,200.0000,30.0892,1.1205,231.2197
533,111.4000,200.0000,28.3720,1.0386,229.4207
534,111.6000,200.0000,46.6216,1.1234,247.7550
535,111.8000,200.0000,29.9496,1.1020,231.0617
536,112.0000,200.0000,0.7883,1.0627,201.8610
537,112.2000,200.0000,4.8356,1.2053,206.0509
538,112.4000,200.0000,19.8488,0.9461,220.8049
539,112.6000,200.0000,25.6933,1.0158,226.7191
540,112.8000,200.0000,44.8267,1.0510,245.8876
541,113.0000,200.0000,58.6245,1.1549,259.7894
542,113.2000,200.0000,2.9856,1.0152,204.0108
543,113.4000,200.0000,19.3376,1.1182,220.4659
544,113.6000,200.0000,36.9399,0.9965,237.9464
545,113.8000,200.0000,27.4090,0.9944,228.4134
546,114.0000,200.0000,47.7313,1.0749,248.8162
547,114.2000,200.0000,44.3582,1.0740,245.4422
548,114.4000,200.0000,23.3644,1.0665,224.4409
549,114.6000,200.0000,21.6774,0.9361,222.6235
550,114.8000,200.0000,47.2942,0.9365,248.2407
551,115.0000,200.0000,30.3573,1.0268,231.3941
552,115.2000,200.0000,24.5163,1.1102,225.6365
553,115.4000,200.0000,40.6570,1.0363,241.7033
554,115.6000,200.0000,33.3509,0.9845,234.3454
555,115.8000,200.0000,51.4522,0.8882,252.3504
556,116.0000,200.0000,5.1521,1.1906,206.3527
557,116.2000,200.0000,9.4399,0.8718,210.3217
558,116.4000,200.0000,52.0031,1.0276,253.0407
559,116.6000,200.0000,31.5054,0.8853,232.4007
560,116.8000,200.0000,56.9588,1.0268,257.9955
561,117.0000,200.0000,28.6066,0.9998,229.6164
562,117.2000,200.0000,1.5142,0.9783,202.5026
563,117.4000,200.0000,39.7704,0.9784,240.7588
564,117.6000,200.0000,41.9412,1.1920,243.1432
565,117.8000,200.0000,24.9635,0.9419,225.9154
566,118.0000,200.0000,12.7546,0.9083,213.6729
567,118.2000,200.0000,28.2203,0.9158,229.1461
568,118.4000,200.0000,58.7328,1.1062,259.8491
569,118.6000,200.0000,26.8461,1.0879,227.9440
570,118.8000,200.0000,48.0626,1.1161,249.1887
571,119.0000,200.0000,39.0985,1.0726,240.1811
572,119.2000,200.0000,26.3698,1.1792,227.5590
573,119.4000,200.0000,45.1790,0.8893,246.0783
574,119.6000,200.0000,56.0905,1.1364,257.2369
575,119.8000,200.0000,21.4013,0.9943,222.4056
576,120.0000,200.0000,25.1590,1.0656,226.2345
577,120.2000,200.0000,42.3022,0.9363,243.2485
578,120.4000,200.0000,9.0952,1.1279,210.2330
579,120.6000,200.0000,7.4121,1.0056,208.4277
580,120.8000,200.0000,40.9370,0.9415,241.8885
581,121.0000,200.0000,44.0126,1.0909,245.1135
582,121.2000,200.0000,34.7710,1.0457,235.8267
583,121.4000,200.0000,2.1533,1.1126,203.2759
584,121.6000,200.0000,41.5448,0.9071,242.4619
585,121.8000,200.0000,1.0260,1.0281,202.0640
586,122.0000,200.0000,26.3942,0.9540,227.3582
587,122.2000,200.0000,14.2142,1.0661,215.2903
588,122.4000,200.0000,4.6692,0.9432,205.6224
589,122.6000,200.0000,42.5663,0.8041,243.3804
590,122.8000,200.0000,31.2497,0.7725,232.0322
591,123.0000,200.0000,46.2333,1.0157,247.2590
592,123.2000,200.0000,43.5326,1.0373,244.5799
593,123.4000,200.0000,35.0229,0.9002,235.9331
594,123.6000,200.0000,16.7143,0.9025,217.6268
595,123.8000,200.0000,52.1634,0.9378,253.1112
596,124.0000,200.0000,25.4447,1.1504,226.6051
597,124.2000,200.0000,7.9823,1.1188,209.1111
598,124.4000,200.0000,44.2295,0.9380,245.1775
599,124.6000,200.0000,3.3353,1.0263,204.3716
600,124.8000,200.0000,40.3447,0.9710,241.3256
601,125.0000,200.0000,37.4517,0.9536,238.4153
602,125.2000,200.0000,2.9266,0.7399,203.6765
603,125.4000,200.0000,10.7028,0.9203,211.6331
604,125.6000,200.0000,21.8974,1.1760,223.0834
605,125.8000,200.0000,0.3724,1.0307,201.4131
606,126.0000,200.0000,55.8523,1.0039,256.8661
607,126.2000,200.0000,4.9668,1.0668,206.0435
608,126.4000,200.0000,23.8716,0.8582,224.7398
609,126.6000,200.0000,12.2025,0.8832,213.0957
610,126.8000,200.0000,14.0418,0.9037,214.9555
611,127.0000,200.0000,52.0500,1.0194,253.0793
612,127.2000,200.0000,4.0840,0.9661,205.0600
613,127.4000,200.0000,25.2432,1.0357,226.2889
614,127.6000,200.0000,53.1127,0.9657,254.0884
615,127.8000,200.0000,3.7646,0.7187,204.4933
616,128.0000,200.0000,39.5826,1.1892,240.7818
617,128.2000,200.0000,29.9770,1.1498,231.1368
618,128.4000,200.0000,18.2511,0.9568,219.2179
619,128.6000,200.0000,55.7653,1.1236,256.8990
620,128.8000,200.0000,34.1306,0.9110,235.0515
621,129.0000,200.0000,43.8425,0.9109,244.7634
622,129.2000,200.0000,44.8754,0.8423,245.7277
623,129.4000,200.0000,15.2559,0.9769,216.2428
624,129.6000,200.0000,6.7446,1.2919,208.0464
625,129.8000,200.0000,26.4144,1.1656,227.5900
626,130.0000,200.0000,27.2450,0.9871,228.2421
627,130.2000,200.0000,11.0413,1.0161,212.0674
628,130.4000,200.0000,21.4440,0.9335,222.3875
629,130.6000,200.0000,10.0347,0.9684,211.0131
630,130.8000,200.0000,1.6453,1.0638,202.7190
631,131.0000,200.0000,39.0606,0.8817,239.9523
632,131.2000,200.0000,26.8613,0.9955,227.8668
633,131.4000,200.0000,14.5543,0.9665,215.5308
634,131.6000,200.0000,39.7896,1.0192,240.8188
635,131.8000,200.0000,2.6497,1.0406,203.7003
636,132.0000,200.0000,49.2395,1.0529,250.3024
637,132.2000,200.0000,44.5080,0.8704,245.3884
638,132.4000,200.0000,46.8407,1.0254,247.8761
639,132.6000,200.0000,53.5342,1.2114,254.7556
640,132.8000,200.0000,55.2019,1.0767,256.2886
641,133.0000,200.0000,46.5482,0.8403,247.3986
642,133.2000,200.0000,25.7456,1.0879,226.8435
643,133.4000,200.0000,35.5366,1.0498,236.5964
644,133.6000,200.0000,8.1023,0.9322,209.0444
645,133.8000,200.0000,19.0968,0.9544,220.0612
646,134.0000,200.0000,26.7786,1.0291,227.8178
647,134.2000,200.0000,28.0554,0.9993,229.0647
648,134.4000,200.0000,52.3908,0.8226,253.2234
649,134.6000,200.0000,3.2010,1.1346,204.3457
650,134.8000,200.0000,13.1250,1.0383,214.1734
651,135.0000,200.0000,30.4915,0.9633,231.4649
652,135.2000,200.0000,12.1677,1.0767,213.2544
653,135.4000,200.0000,34.9302,1.0291,235.9693
654,135.6000,200.0000,7.6318,1.1527,208.7945
655,135.8000,200.0000,21.9540,1.1706,223.1347
656,136.0000,200.0000,0.1434,0.9359,201.0893
657,136.2000,200.0000,48.4378,1.1049,249.5526
658,136.4000,200.0000,34.6316,0.8719,235.5135
659,136.6000,200.0000,28.4186,0.8364,229.2650
660,136.8000,200.0000,17.9745,0.9398,218.9243
661,137.0000,200.0000,26.3100,0.9998,227.3199
662,137.2000,200.0000,59.6588,1.0124,260.6812
663,137.4000,200.0000,27.0457,0.8934,227.9492
664,137.6000,200.0000,35.1031,1.0720,236.1851
665,137.8000,200.0000,25.0981,1.0385,226.1466
666,138.0000,200.0000,38.1588,0.8966,239.0654
667,138.2000,200.0000,22.1404,0.8871,223.0375
668,138.4000,200.0000,55.9519,1.0324,256.9943
669,138.6000,200.0000,51.1584,0.8485,252.0169
670,138.8000,200.0000,40.7447,1.0846,241.8392
671,139.0000,200.0000,46.2317,0.6886,246.9303
672,139.2000,200.0000,50.2443,1.0448,251.2991
673,139.4000,200.0000,52.5061,0.9950,253.5110
674,139.6000,200.0000,10.5717,1.2194,211.8011
675,139.8000,200.0000,12.1663,1.0820,213.2582
676,140.0000,200.0000,14.1052,1.0409,215.1561
677,140.2000,200.0000,16.5676,0.9120,217.4897
678,140.4000,200.0000,35.8151,0.9683,236.7934
679,140.6000,200.0000,20.5934,1.0596,221.6629
680,140.8000,200.0000,3.7029,0.9497,204.6626
681,141.0000,200.0000,1.6292,1.0795,202.7187
682,141.2000,200.0000,59.8151,0.9042,260.7293
683,141.4000,200.0000,1.1962,1.0128,202.2190
684,141.6000,200.0000,15.7885,1.1974,216.9959
685,141.8000,200.0000,44.4308,1.2828,245.7236
686,142.0000,200.0000,30.3285,0.9390,231.2775
687,142.2000,200.0000,54.1970,0.9104,255.1174
688,142.4000,200.0000,10.0995,1.0111,211.1205
689,142.6000,200.0000,10.5786,0.9741,211.5627
690,142.8000,200.0000,1.2698,0.9364,202.2162
691,143.0000,200.0000,4.0198,0.8467,204.8765
692,143.2000,200.0000,47.2979,0.9766,248.2845
693,143.4000,200.0000,55.7939,0.8936,256.6976
694,143.6000,200.0000,12.5077,1.0928,213.6105
695,143.8000,200.0000,35.5086,0.9166,236.4353
696,144.0000,200.0000,39.2347,1.0117,240.2564
697,144.2000,200.0000,44.8583,0.8371,245.7053
698,144.4000,200.0000,16.1521,1.1347,217.2967
699,144.6000,200.0000,39.8214,1.0412,240.8726
700,144.8000,200.0000,49.4722,0.9180,250.4001
701,145.0000,200.0000,16.9221,1.1250,218.0570
702,145.2000,200.0000,11.6543,1.0436,212.7080
703,145.4000,200.0000,5.5022,1.0554,206.5677
704,145.6000,200.0000,1.1119,0.9289,202.0508
705,145.8000,200.0000,7.3555,1.0332,208.3987
706,146.0000,200.0000,30.0825,1.0315,231.1240
707,146.2000,200.0000,53.5197,1.1392,254.6689
708,146.4000,200.0000,11.0508,0.9879,212.0487
709,146.6000,200.0000,6.7390,1.0526,207.8015
710,146.8000,200.0000,46.7084,0.8998,247.6182
711,147.0000,200.0000,51.7293,1.1450,252.8842
712,147.2000,200.0000,46.3066,1.0931,247.4097
713,147.4000,200.0000,18.7635,0.8875,219.6610
714,147.6000,200.0000,4.9652,0.9579,205.9331
715,147.8000,200.0000,42.8906,1.1265,244.0271
716,148.0000,200.0000,28.9655,1.0102,229.9857
717,148.2000,200.0000,42.8788,0.9876,243.8763
718,148.4000,200.0000,38.7307,0.8620,239.6027
719,148.6000,200.0000,31.9186,0.8664,232.7950
720,148.8000,200.0000,19.4247,0.9953,220.4300
721,149.0000,200.0000,4.6489,0.9633,205.6222
722,149.2000,200.0000,13.4004,1.0874,214.4979
723,149.4000,200.0000,59.8447,0.8026,260.6573
724,149.6000,200.0000,39.3335,0.9214,240.2649
725,149.8000,200.0000,25.6738,0.9436,226.6275
726,150.0000,200.0000,4.2148,1.0757,205.3005
727,150.2000,200.0000,8.2533,0.9969,209.2602
728,150.4000,200.0000,53.1918,1.1038,254.3057
729,150.6000,200.0000,31.1667,0.8810,232.0577
730,150.8000,200.0000,15.8293,0.9409,216.7802
731,151.0000,200.0000,3.2177,1.1049,204.3327
732,151.2000,200.0000,4.6029,0.7954,205.4083
733,151.4000,200.0000,23.3504,1.1595,224.5199
734,151.6000,200.0000,32.5266,1.1472,233.6838
735,151.8000,200.0000,37.3727,1.0324,238.4151
736,152.0000,200.0000,22.8214,0.9745,223.8059
737,152.2000,200.0000,37.4659,1.0937,238.5697
738,152.4000,200.0000,7.0591,1.0361,208.1053
739,152.6000,200.0000,6.7635,1.0647,207.8383
740,152.8000,200.0000,5.2667,1.0775,206.3542
741,153.0000,200.0000,36.9536,1.0831,238.0467
742,153.2000,200.0000,39.9320,0.9483,240.8902
743,153.4000,200.0000,28.4006,0.9211,229.3318
744,153.6000,200.0000,37.7622,0.8727,238.6449
745,153.8000,200.0000,56.9924,0.7917,257.7941
746,154.0000,200.0000,39.7318,0.8970,240.6388
747,154.2000,200.0000,40.5774,0.9973,241.5847
748,154.4000,200.0000,20.0599,1.0945,221.1644
749,154.6000,200.0000,44.0012,0.9711,244.9823
750,154.8000,200.0000,26.4307,1.0177,227.4584
751,155.0000,200.0000,58.3006,1.1061,259.4167
752,155.2000,200.0000,19.0265,1.0503,220.0868
753,155.4000,200.0000,10.9863,0.9509,211.9472
754,155.6000,200.0000,8.2383,0.8340,209.0823
755,155.8000,200.0000,19.8225,1.0175,220.8500
756,156.0000,200.0000,40.7539,1.0820,241.8459
757,156.2000,200.0000,32.2331,1.0066,233.2496
758,156.4000,200.0000,28.1611,1.0321,229.2032
759,156.6000,200.0000,38.0133,0.9221,238.9454
760,156.8000,200.0000,16.5026,1.1076,217.6202
761,157.0000,200.0000,32.7874,0.8274,233.6249
762,157.2000,200.0000,14.7637,1.1063,215.8800
763,157.4000,200.0000,7.4630,1.0885,208.5615
764,157.6000,200.0000,8.0073,0.8794,208.8967
765,157.8000,200.0000,14.8475,0.9135,215.7709
766,158.0000,200.0000,38.0646,1.0668,239.1414
767,158.2000,200.0000,18.6104,0.9941,219.6145
768,158.4000,200.0000,8.7232,0.8450,209.5783
769,158.6000,200.0000,0.8606,0.8448,201.7154
770,158.8000,200.0000,40.3451,0.9265,241.2816
771,159.0000,200.0000,56.2886,1.0987,257.3973
772,159.2000,200.0000,37.4447,1.0142,238.4689
773,159.4000,200.0000,33.9621,0.8594,234.8315
774,159.6000,200.0000,31.7990,0.9908,232.7998
775,159.8000,200.0000,4.8387,1.0319,205.8806
776,160.0000,200.0000,35.0246,1.0386,236.0731
777,160.2000,200.0000,11.2188,1.2149,212.4438
778,160.4000,200.0000,33.8790,1.1477,235.0366
779,160.6000,200.0000,38.9853,1.1166,240.1119
780,160.8000,200.0000,1.6211,1.0890,202.7201
781,161.0000,200.0000,47.7989,1.0059,248.8148
782,161.2000,200.0000,17.8462,1.0510,218.9072
783,161.4000,200.0000,46.9182,1.0683,247.9965
784,161.6000,200.0000,50.9519,0.9293,251.8912
785,161.8000,200.0000,29.0145,1.1013,230.1258
786,162.0000,200.0000,31.3837,0.9819,232.3756
787,162.2000,200.0000,5.7611,0.8448,206.6159
788,162.4000,200.0000,5.9828,1.1626,207.1554
789,162.6000,200.0000,11.4770,1.0502,212.5371
790,162.8000,200.0000,58.8672,1.1370,260.0142
791,163.0000,200.0000,18.3690,0.7591,219.1381
792,163.2000,200.0000,43.5339,1.0522,244.5960
793,163.4000,200.0000,7.1017,0.8320,207.9436
794,163.6000,200.0000,20.2228,0.9518,221.1846
795,163.8000,200.0000,59.1388,0.9001,260.0489
796,164.0000,200.0000,54.1138,1.1003,255.2241
797,164.2000,200.0000,15.3359,1.0559,216.4018
798,164.4000,200.0000,10.0138,1.0190,211.0429
799,164.6000,200.0000,46.9999,1.2264,248.2363
800,164.8000,200.0000,1.2886,1.0363,202.3349
801,165.0000,200.0000,50.4862,0.8951,251.3913
802,165.2000,200.0000,11.4267,0.9441,212.3808
803,165.4000,200.0000,24.6690,1.0550,225.7340
804,165.6000,200.0000,53.9714,0.9365,254.9180
805,165.8000,200.0000,0.3885,0.9621,201.3606
806,166.0000,200.0000,33.8042,1.1987,235.0129
807,166.2000,200.0000,5.3239,1.1459,206.4798
808,166.4000,200.0000,1.9767,0.9109,202.8976
809,166.6000,200.0000,46.7726,1.0132,247.7958
810,166.8000,200.0000,56.7845,1.1764,257.9709
811,167.0000,200.0000,31.2311,0.9896,232.2307
812,167.2000,200.0000,58.3734,0.9285,259.3119
813,167.4000,200.0000,25.9225,1.0624,226.9949
814,167.6000,200.0000,48.6828,1.0134,249.7063
815,167.8000,200.0000,25.4924,1.0139,226.5162
816,168.0000,200.0000,33.9464,1.3064,235.2629
817,168.2000,200.0000,11.7489,0.9598,212.7187
818,168.4000,200.0000,35.2730,0.9398,236.2228
819,168.6000,200.0000,10.2751,1.0601,211.3452
820,168.8000,200.0000,30.1716,0.9754,231.1571
821,169.0000,200.0000,51.8413,1.1166,252.9679
822,169.2000,200.0000,1.9318,1.0387,202.9805
823,169.4000,200.0000,25.4570,0.9915,226.4584
824,169.6000,200.0000,51.5194,0.8966,252.4260
825,169.8000,200.0000,55.0602,0.9526,256.0228
826,170.0000,200.0000,59.0084,0.9583,259.9767
827,170.2000,200.0000,22.7871,1.0940,223.8911
828,170.4000,200.0000,58.6333,1.1169,259.7602
829,170.6000,200.0000,35.2176,0.9526,236.1802
830,170.8000,200.0000,47.8528,0.9939,248.8567
831,171.0000,200.0000,44.1034,1.0413,245.1547
832,171.2000,200.0000,21.1086,0.9668,222.0854
833,171.4000,200.0000,21.9811,1.1740,223.1651
834,171.6000,200.0000,35.5764,0.8956,236.4820
835,171.8000,200.0000,33.0825,0.9906,234.0830
836,172.0000,200.0000,7.8344,1.0648,208.9093
837,172.2000,200.0000,44.4998,0.9595,245.4692
838,172.4000,200.0000,30.9737,0.9569,231.9406
839,172.6000,200.0000,46.4403,1.0362,247.4865
840,172.8000,200.0000,15.3469,0.8585,216.2154
841,173.0000,200.0000,42.8238,0.9642,243.7980
842,173.2000,200.0000,8.9669,1.1547,210.1316
843,173.4000,200.0000,46.4008,1.1465,247.5573
844,173.6000,200.0000,13.1379,1.0103,214.1582
845,173.8000,200.0000,1.1628,1.0986,202.2714
846,174.0000,200.0000,4.0824,0.9612,205.0536
847,174.2000,200.0000,1.5957,1.0364,202.6421
848,174.4000,200.0000,48.1782,0.9967,249.1850
849,174.6000,200.0000,43.9437,0.8039,244.7576
850,174.8000,200.0000,33.5940,1.1675,234.7716
851,175.0000,200.0000,57.3557,1.0374,258.4031
852,175.2000,200.0000,17.7900,1.0681,218.8681
853,175.4000,200.0000,17.9069,0.9067,218.8236
854,175.6000,200.0000,22.6330,0.9558,223.5988
855,175.8000,200.0000,51.2568,1.0167,252.2835
856,176.0000,200.0000,30.8263,1.0409,231.8772
857,176.2000,200.0000,28.2475,1.0763,229.3339
858,176.4000,200.0000,13.0593,0.8820,213.9513
859,176.6000,200.0000,13.6103,1.0709,214.6912
860,176.8000,200.0000,40.8660,0.9250,241.8010
861,177.0000,200.0000,2.1190,1.0139,203.1429
862,177.2000,200.0000,58.2649,1.0031,259.2781
863,177.4000,200.0000,48.9095,0.9260,249.8456
864,177.6000,200.0000,17.8918,1.0248,218.9266
865,177.8000,200.0000,38.1869,1.0842,239.2810
866,178.0000,200.0000,54.7497,0.8013,255.5610
867,178.2000,200.0000,29.0696,1.0001,230.0797
868,178.4000,200.0000,31.3074,0.9490,232.2664
869,178.6000,200.0000,23.6084,1.0637,224.6821
870,178.8000,200.0000,17.6944,0.9555,218.6599
871,179.0000,200.0000,0.9712,1.0102,201.9914
872,179.2000,200.0000,6.6687,1.0041,207.6828
873,179.4000,200.0000,55.3725,1.1911,256.5737
874,179.6000,200.0000,43.2563,1.1424,244.4087
875,179.8000,200.0000,18.8514,1.1808,220.0422
876,180.0000,200.0000,45.3295,0.8840,246.2235
877,180.2000,200.0000,50.8014,0.8970,251.7084
878,180.4000,200.0000,18.3890,1.2570,219.6560
879,180.6000,200.0000,57.4694,0.8345,258.3139
880,180.8000,200.0000,37.6729,1.0828,238.7657
881,181.0000,200.0000,20.4944,1.1111,221.6155
882,181.2000,200.0000,34.7429,1.1441,235.8970
883,181.4000,200.0000,36.9853,0.9425,237.9378
884,181.6000,200.0000,46.5767,0.9677,247.5545
885,181.8000,200.0000,20.7376,0.8359,221.5835
886,182.0000,200.0000,26.8012,0.9314,227.7426
887,182.2000,200.0000,43.7058,0.9801,244.6959
888,182.4000,200.0000,26.5983,0.9894,227.5977
889,182.6000,200.0000,6.1078,0.9586,207.0763
890,182.8000,200.0000,9.7913,0.9679,210.7693
891,183.0000,200.0000,38.2304,1.0251,239.2654
892,183.2000,200.0000,15.8883,0.7585,216.6568
893,183.4000,200.0000,40.8675,0.9071,241.7846
894,183.6000,200.0000,4.4222,1.0486,205.4807
895,183.8000,200.0000,55.8559,0.9120,256.7779
896,184.0000,200.0000,26.9856,1.0515,228.0471
897,184.2000,200.0000,48.5030,1.1336,249.6466
898,184.4000,200.0000,2.2927,1.0937,203.3965
899,184.6000,200.0000,4.4144,1.0655,205.4898
900,184.8000,200.0000,52.5106,1.0542,253.5748
901,185.0000,200.0000,36.6223,1.0341,237.6664
902,185.2000,200.0000,1.8708,1.0357,202.9165
903,185.4000,200.0000,35.6967,0.8594,236.5661
904,185.6000,200.0000,39.5541,1.0991,240.6632
905,185.8000,200.0000,44.0106,0.8581,244.8787
906,186.0000,200.0000,35.9649,1.0566,237.0315
907,186.2000,200.0000,15.5400,1.0444,216.5944
908,186.4000,200.0000,42.9058,0.8049,243.7206
909,186.6000,200.0000,55.1282,0.8224,255.9606
910,186.8000,200.0000,33.4891,0.9338,234.4329
911,187.0000,200.0000,53.3928,0.7999,254.2027
912,187.2000,200.0000,51.2751,1.0204,252.3055
913,187.4000,200.0000,3.6800,0.8845,204.5745
914,187.6000,200.0000,46.9123,0.9323,247.8545
915,187.8000,200.0000,29.4446,0.9752,230.4298
916,188.0000,200.0000,34.0610,0.9808,235.0518
917,188.2000,200.0000,30.6597,1.0829,231.7525
918,188.4000,200.0000,45.3896,1.0559,246.4555
919,188.6000,200.0000,33.1375,0.9237,234.0713
920,188.8000,200.0000,23.3358,0.9169,224.2627
921,189.0000,200.0000,50.4310,0.8992,251.3402
922,189.2000,200.0000,24.3013,1.0246,225.3359
923,189.4000,200.0000,9.7164,0.9331,210.6595
924,189.6000,200.0000,11.5883,0.8608,212.4591
925,189.8000,200.0000,50.8587,1.0788,251.9476
926,190.0000,200.0000,30.9442,0.9807,231.9349
927,190.2000,200.0000,14.9965,0.9538,215.9603
928,190.4000,200.0000,1.2711,0.9981,202.2792
929,190.6000,200.0000,7.9621,0.8797,208.8517
930,190.8000,200.0000,9.0968,1.1308,210.2376
931,191.0000,200.0000,58.4677,1.0351,259.5127
932,191.2000,200.0000,57.5613,1.2801,258.8514
933,191.4000,200.0000,27.9425,1.0661,229.0185
934,191.6000,200.0000,43.0000,1.0064,244.0164
935,191.8000,200.0000,56.0329,1.2146,257.2576
936,192.0000,200.0000,26.3831,0.9138,227.3069
937,192.2000,200.0000,30.3998,0.9825,231.3923
938,192.4000,200.0000,31.2833,1.0032,232.2965
939,192.6000,200.0000,34.2690,1.0943,235.3733
940,192.8000,200.0000,52.0007,1.0815,253.0922
941,193.0000,200.0000,9.6113,0.9512,210.5724
942,193.2000,200.0000,57.9323,0.8888,258.8312
943,193.4000,200.0000,55.7907,1.0057,256.8064
944,193.6000,200.0000,13.0915,0.9314,214.0329
945,193.8000,200.0000,24.9875,1.0062,226.0037
946,194.0000,200.0000,40.2768,0.9735,241.2603
947,194.2000,200.0000,47.6796,0.7353,248.4249
948,194.4000,200.0000,23.2901,1.1840,224.4841
949,194.6000,200.0000,10.8567,1.0886,211.9553
950,194.8000,200.0000,56.6444,0.9652,257.6197
951,195.0000,200.0000,24.2263,1.0615,225.2978
952,195.2000,200.0000,1.5273,0.9964,202.5337
953,195.4000,200.0000,48.2843,0.9345,249.2288
954,195.6000,200.0000,53.4317,1.0774,254.5190
955,195.8000,200.0000,43.5198,1.2994,244.8293
956,196.0000,200.0000,3.9976,1.0584,205.0660
957,196.2000,200.0000,57.6702,1.0975,258.7777
958,196.4000,200.0000,21.6363,0.9100,222.5564
959,196.6000,200.0000,18.5968,0.8832,219.4900
960,196.8000,200.0000,54.5929,1.1398,255.7428
961,197.0000,200.0000,26.5678,0.9382,227.5160
962,197.2000,200.0000,28.4444,0.9143,229.3688
963,197.4000,200.0000,37.4214,1.0950,238.5263
964,197.6000,200.0000,54.5666,1.0636,255.6402
965,197.8000,200.0000,45.0950,0.9940,246.0990
966,198.0000,200.0000,21.0610,1.0502,222.1213
967,198.2000,200.0000,59.8629,0.9979,260.8708
968,198.4000,200.0000,3.6222,1.1785,204.8108
969,198.6000,200.0000,27.8915,1.0311,228.9326
970,198.8000,200.0000,11.9683,0.9776,212.9559
971,199.0000,200.0000,6.5256,1.0220,207.5576
972,199.2000,200.0000,37.8053,1.0410,238.8563
973,199.4000,200.0000,59.2045,0.9173,260.1319
974,199.6000,200.0000,29.9220,1.1239,231.0559
975,199.8000,200.0000,41.1245,1.0406,242.1750
976,200.0000,200.0000,49.6630,1.0371,250.7101
977,200.2000,200.0000,7.5130,0.9933,208.5162
978,200.4000,200.0000,1.4097,1.1808,202.6005
979,200.6000,200.0000,0.6352,1.1654,201.8106
980,200.8000,200.0000,21.0430,0.9405,221.9935
981,201.0000,200.0000,37.0290,1.0144,238.0533
982,201.2000,200.0000,26.6733,1.0028,227.6861
983,201.4000,200.0000,35.8027,0.9790,236.7917
984,201.6000,200.0000,10.6243,1.1260,211.7603
985,201.8000,200.0000,59.6239,0.9478,260.5817
986,202.0000,200.0000,23.3974,1.0703,224.4777
987,202.2000,200.0000,38.5416,1.1154,239.6669
988,202.4000,200.0000,46.5828,1.0716,247.6643
989,202.6000,200.0000,38.6488,0.9869,239.6457
990,202.8000,200.0000,24.4010,0.9976,225.4086
991,203.0000,200.0000,28.1019,1.0404,229.1524
992,203.2000,200.0000,49.6706,0.6705,250.3511
993,203.4000,200.0000,42.4753,1.0175,243.5028
994,203.6000,200.0000,34.0876,1.0012,235.0988
995,203.8000,200.0000,3.6834,1.0304,204.7238
996,204.0000,200.0000,17.6469,0.9973,218.6542
997,204.2000,200.0000,9.5446,0.8969,210.4515
998,204.4000,200.0000,31.6279,0.8569,232.4948
999,204.6000,200.0000,50.2940,0.7794,251.0833
1000,204.8000,200.0000,8.5057,1.1567,209.6724
