"experiment_id","local_broadcast_iso","local_broadcast_time(ns)","amount_usdc","hl_block_number","hl_block_timestamp(ms)","hl_tx_hash","arb_tx_hash","arb_block_number","arb_block_timestamp_iso","arb_block_timestamp(ms)","arb_gas_used(wei)","arb_gas_price(wei)","amount_received_raw","clock_offset(ms)","latency(ms)","note"
"1","2025-11-27T17:23:35.066473","1764231814162472000","6.0","20311353","1764231842763.0","0xd0fe4c0ff6781195d28aa7e2556ab9a3d2e47dfc7ab760e0a45f09e93c3fffe8","0x7d12da97ad9bb3f39884c5a032126af26531e609e317bf7d72576a884353a4f1","404601819","2025-11-27T08:27:19+00:00","1764232039000","200880","10000000","5000000","-904","224837.528","ActionHash missing due to an earlier retrieval method; replaced by ExecutionHash after settlement. Metrics remain valid."
"2","2025-11-28T21:16:51.352483","1764332210200483000","6.0","20413422","1764332439594.0","","0xc7af38b1c222251be52717de99a47d5cfdab960d7354c206ff94b4e59704fa94","405003854","2025-11-28T12:20:31+00:00","1764332431000","99705","10226000","5000000","-1152","220799.517","ActionHash missing due to an earlier retrieval method; replaced by ExecutionHash after settlement. Metrics remain valid."
"3","2025-11-28T21:30:55.185156","1764333054162156000","6.0","20414280","1764333297860.0","","0x54415dd5d3326eba192ca803a8f49e2118ce192b932a3e4b39c05a06ae5b7f96","405007288","2025-11-28T12:34:48+00:00","1764333288000","150376","10655000","5000000","-1023","233837.844","ActionHash missing due to an earlier retrieval method; replaced by ExecutionHash after settlement. Metrics remain valid."
"4","2025-11-28T21:46:23.813076","1764333982120075000","6.0","20415224","1764334220250.0","","0xcaae1233e5ac95568d32b5b6f05b26f9655962ed31b800ac099f3233e46d18b4","405010988","2025-11-28T12:50:12+00:00","1764334212000","100027","10000000","5000000","-1693","229879.925","ActionHash missing due to an earlier retrieval method; replaced by ExecutionHash after settlement. Metrics remain valid."
"5","2025-11-28T21:59:26.573730","1764334765132730000","6.0","20416020","1764334991480.0","","0xba17224321e81936a0fedea97c56032fb469a0890a1afe560ab2ab9d37829700","405014076","2025-11-28T13:03:02+00:00","1764334982000","150568","10000000","5000000","-1441","216867.27","ActionHash missing due to an earlier retrieval method; replaced by ExecutionHash after settlement. Metrics remain valid."
"6","2025-11-28T22:08:19.941039","1764335299187039000","6.0","20416562","1764335545642.0","","0x173beb675dbf44de9059c60b61a26a37066205542ee8e9b022dd34a9c12ff6fa","405016287","2025-11-28T13:12:13+00:00","1764335533000","200767","12270000","5000000","-754","233812.961","ActionHash missing due to an earlier retrieval method; replaced by ExecutionHash after settlement. Metrics remain valid."
"7","2025-11-28T22:18:03.302865","1764335882113865000","6.0","20417156","1764336113677.0","","0xc6b5b9a7c09a06378f21bcdcaa29abd607c41a7f996bdc7a85a5aa6afa5e1b6f","405018576","2025-11-28T13:21:45+00:00","1764336105000","201072","10000000","5000000","-1189","222886.135","ActionHash missing due to an earlier retrieval method; replaced by ExecutionHash after settlement. Metrics remain valid."
"8","2025-11-29T20:35:35.526422","1764416133147422000","6.0","20498662","1764416356789.0","","0x7b669fb001830218239a87f500a60e888d3c16f672f7d0149539758c2cf8db21","405339670","2025-11-29T11:39:08+00:00","1764416348000","149897","10000000","5000000","-2379","214852.578","ActionHash missing due to an earlier retrieval method; replaced by ExecutionHash after settlement. Metrics remain valid."
"9","2025-11-29T21:05:52.557199","1764417949762199000","6.0","20500510","1764418194601.0","","0x1ef82de00022293edbce6d45b5b8b0ae379a2d7e8481643f10957a7d28b495f1","405347021","2025-11-29T12:09:45+00:00","1764418185000","200457","10000000","5000000","-2795","235237.801","ActionHash missing due to an earlier retrieval method; replaced by ExecutionHash after settlement. Metrics remain valid."
"10","2025-11-29T21:23:49.213757","1764419026148757000","6.0","20501603","1764419260609.0","","0x781a9cd4af1303752e1191d6181b163f172db604f826b177acdad4549e8fe3c3","405351297","2025-11-29T12:27:32+00:00","1764419252000","99354","10000000","5000000","-3065","225851.243","ActionHash missing due to an earlier retrieval method; replaced by ExecutionHash after settlement. Metrics remain valid."
"11","2025-11-29T21:34:30.043093","1764419668206093000","6.0","20502256","1764419922540.0","","0x7d971b8b1c859d08dc823ec61f545d9f9b4bfcd92e341116b45f08bd98b701e2","405353943","2025-11-29T12:38:34+00:00","1764419914000","251061","10000000","5000000","-1837","245793.907","ActionHash missing due to an earlier retrieval method; replaced by ExecutionHash after settlement. Metrics remain valid."
"12","2025-11-29T21:44:12.308016","1764420250164016000","6.0","20502848","1764420476624.0","","0x36be06c44520f65778888cf8cc23a7d1149d274d079489347f1e062d5605897f","405356159","2025-11-29T12:47:47+00:00","1764420467000","99308","10000000","5000000","-2144","216835.984","ActionHash missing due to an earlier retrieval method; replaced by ExecutionHash after settlement. Metrics remain valid."
"13","2025-11-29T22:08:52.019620","1764421730328620000","6.0","20504352","1764421959179.0","","0xc7c8627ac15e653694f6fd9e6f8de45986ab0b2ce46c557b457692f86d7e0e2e","405362084","2025-11-29T13:12:28+00:00","1764421948000","99326","10000000","5000000","-1691","217671.38","ActionHash missing due to an earlier retrieval method; replaced by ExecutionHash after settlement. Metrics remain valid."
"14","2025-11-29T22:45:53.928850","1764423951389850000","6.0","20506612","1764424172774.0","","0x3272d40fc8df6f42639cee952ba3b4879ab6cd4a5525705563a76ca73b6e07b7","405370956","2025-11-29T13:49:24+00:00","1764424164000","99305","10000000","5000000","-2539","212610.15","ActionHash missing due to an earlier retrieval method; replaced by ExecutionHash after settlement. Metrics remain valid."
"15","2025-11-29T23:07:58.534829","1764425275847829000","6.0","20507958","1764425530572.0","","0x9c11780de65a8b247c45073b7651e7f043dbd56b808a333de2cce878f347bc73","405376396","2025-11-29T14:12:03+00:00","1764425523000","99381","10000000","5000000","-2687","247152.171","ActionHash missing due to an earlier retrieval method; replaced by ExecutionHash after settlement. Metrics remain valid."
"16","2025-11-29T23:35:30.037816","1764426928240816000","6.0","20509636","1764427090467.0","","0x67e75b05a46b05331130442740c929977e88ba73d488bb268b9bdf60a133e5bf","405382629","2025-11-29T14:38:01+00:00","1764427081000","99347","10000000","5000000","-1797","152759.184","ActionHash missing due to an earlier retrieval method; replaced by ExecutionHash after settlement. Metrics remain valid."
"17","2025-11-30T18:48:58.687253","1764496135431252000","6.0","20579998","1764496388477.0","0x33e42662be4720b05a2c1539b2d753cdaf46813fc5e85d8df6725544f02df9d7","0xad3024829187418775ebdff79edf3de293e493c95b8d17de824de706b8b30189","405659871","2025-11-30T09:52:58+00:00","1764496378000","150004","10000000","5000000","-3256","242568.748","Final-SDK-Safe"
"18","2025-11-30T18:56:34.794932","1764496592285932000","6.0","20580463","1764496832778.0","0x84ec2268a4d5667eae570612b6b08834cf0b275f2dbf4f857e464a13fbc62af9","0xe2712c17ba6408bbf6964ee7bbfa7be3cdb2b28e1eecd52431b6119d506de0ea","405661652","2025-11-30T10:00:23+00:00","1764496823000","167006","10000000","5000000","-2509","230714.068","Final-SDK-Safe"
"19","2025-11-30T19:01:49.698026","1764496907498026000","6.0","20580784","1764497160428.0","0xcd7ebb95685251152f82fd450c0baf74f74736d6a92ebea992b1f10250af211e","0xa58fda67d9ddb8f498eaa230921b443b4fd78914bedd08b5823c2810e6417297","405662942","2025-11-30T10:05:44+00:00","1764497144000","200621","10000000","5000000","-2200","236501.974","Final-SDK-Safe"
"20","2025-11-30T19:08:34.244169","1764497312499168000","6.0","20581195","1764497564386.0","0x5b2d1e4fcc6571b9f193701ff0b9a76fc90db3136319f2710f2e8897d7f17ec4","0x8df0c4f898562a0cb39bde91ce9b13d1318b297c024ffb4cf6c9c5c3adcd3f9a","405664591","2025-11-30T10:12:36+00:00","1764497556000","149850","10000000","5000000","-1745","243500.832","Final-SDK-Safe"
"21","2025-11-30T19:13:54.406253","1764497631301252000","6.0","20581519","1764497870489.0","0x52a353d767a4ee1364430ed2a1218b69b25e0cf9ce2d61b155cc6a6f78094b32","0x860b21fd8dae4a493fc65fbe0fec70f62ca130836e0549df5ed7eca993192c00","405665802","2025-11-30T10:17:40+00:00","1764497860000","99237","10000000","5000000","-3105","228698.748","Final-SDK-Safe"
"22","2025-11-30T19:19:49.201481","1764497987337481000","6.0","20581882","1764498231625.0","0xc39568417af14606c988b5522cb61dc4f4149b417dc65bb35100fd53f281abc2","0x2cc1278aec1397c11f324a6451888d75623d8ff79d0eb58066666d4bbd73fbcb","405667262","2025-11-30T10:23:44+00:00","1764498224000","99275","10000000","5000000","-1864","236662.519","Final-SDK-Safe"
"23","2025-11-30T19:26:49.337832","1764498407294832000","6.0","20582308","1764498638933.0","0x9ede2454b655805da13f1c9d36ea277ce06ebe45973d04f4e493786a1ffec457","0x747963b2d4e41d6ba0612c375a4254986281244884a15fd6a627dbfbf0b6d7e9","405668891","2025-11-30T10:30:31+00:00","1764498631000","150035","10000000","5000000","-2043","223705.168","Final-SDK-Safe"
"24","2025-11-30T19:32:18.619349","1764498735285349000","6.0","20582642","1764498960688.0","0x3f67864ec21c5ae5a17a38b5e23c7505240075636b379338fcec3a1b068e63f0","0x96b03c885fc07b780d48194f6aff49ac908f49e6768d3d4bba9d95165e8c42f2","405670179","2025-11-30T10:35:52+00:00","1764498952000","217583","10000000","5000000","-3334","216714.651","Final-SDK-Safe"
"25","2025-11-30T19:37:32.592865","1764499051268865000","6.0","20582967","1764499295844.0","0x476d11c1be45008c8280cf1d6efd1b4cbd8464d51c713a5772a095096c2bc565","0x10ca0d0f88106c06b6004425f561fcc158fe1f5c5d930001a906c06860745bec","405671522","2025-11-30T10:41:27+00:00","1764499287000","250941","10000000","5000000","-1324","235731.135","Final-SDK-Safe"
"26","2025-11-30T19:43:26.013194","1764499403283194000","6.0","20583321","1764499666520.0","0x75ea7ae0fcb61161bad8d3da3c9b269bca0e62ef1a0e56797e9143fa9c94f6c0","0x9ddb981c7323869cd64b66f7d395f9f5a9f2f4c2e22a51e96ed3091ec2fbd61a","405673003","2025-11-30T10:47:37+00:00","1764499657000","99273","10000000","5000000","-2730","253716.806","Final-SDK-Safe"
"27","2025-11-30T19:50:33.849063","1764499834444063000","6.0","20583754","1764500065101.0","0x26c1afb0c7dfff298814b8f11648bb82bbc62562e8fedafb62739286a36eebfc","0x7ea03159b91f3d51780a068894bd95e49387b87e0651978a2cacc42b2ee2eb9c","405674601","2025-11-30T10:54:15+00:00","1764500055000","99187","10000000","5000000","595","220555.937","Final-SDK-Safe"
"28","2025-12-02T13:55:39.761150","1764651338260150000","6.0","20737788","1764651588023.0","0xa356aeb0d7d8a88c37a58506907c0ceaa97a980ee3d6b33c869859c66f6d64b9","0x570a64fdb9d7c21712870dec1bc1097655638d86c88458baa5710119036272e3","406282480","2025-12-02T04:59:39+00:00","1764651579000","200443","10000000","5000000","-1501","240739.85","Final-SDK-Safe"
"29","2025-12-02T14:01:07.377426","1764651666250426000","6.0","20738121","1764651884584.0","0x2ba9ef80172bb6100309088a5e948b4fd5ef29bd5de336871eac1204389c0f13","0x20a1778f50208af94fb1c0952fd4721d29b7de6a5abd18d1e3a57aafec29b25d","406283676","2025-12-02T05:04:37+00:00","1764651877000","99277","10826000","5000000","-1127","210749.574","Final-SDK-Safe"
"30","2025-12-02T14:05:36.596297","1764651935263297000","6.0","20738395","1764652177850.0","0x107271d8e64b0042173c2e7665f654e1a6fe2b0e3df5d9678cf44c5edc6f79ec","0x921cd4c1b76238cd79dc85a63790ef6ddd4a363fde0428d99a524994a10b02af","406284828","2025-12-02T05:09:25+00:00","1764652165000","167020","10000000","5000000","-1333","229736.703","Final-SDK-Safe"
"31","2025-12-02T14:10:20.670953","1764652219228953000","6.0","20738684","1764652466278.0","0x9e645d70faee1fdc7331003e85fe65947d84fc2f33bfeb3ea6452a7a52fe5010","0xbef08114c0419fb993460e11e69445194f4c525eede8e3d8dc5d88be14daf1ca","406286007","2025-12-02T05:14:18+00:00","1764652458000","149932","10000000","5000000","-1442","238771.047","Final-SDK-Safe"
"32","2025-12-02T14:16:37.195990","1764652596221990000","6.0","20739066","1764652824690.0","0x83e126b53b4d4000a47490653cabafa695f4a37cf1792aad444d473f9d2afe38","0x0e825f1ebca40776f7a3617f7e1be3e5c878f65b88300f1620035194261bc009","406287439","2025-12-02T05:20:15+00:00","1764652815000","149869","10000000","5000000","-974","218778.01","Final-SDK-Safe"
"33","2025-12-02T14:21:14.299962","1764652873312962000","6.0","20739348","1764653120039.0","0x170da696a3e005859c42041d7e071e880b8b6903ae93e26bf820343686545aa3","0xd2ae2e1dac62e12680818d385183b711fead31b99bd834016908734b288ef8d1","406288621","2025-12-02T05:25:09+00:00","1764653109000","99256","10000000","5000000","-987","235687.038","Final-SDK-Safe"
"34","2025-12-02T14:25:56.077518","1764653155406518000","6.0","20739634","1764653405842.0","0x6330c44029ea943c4f216427513f11ce5b27d9a79891b789c88e2ee1c59fd3c8","0x9c3f14d705330c50aa9b71445069363ad996b6a7c1ddfc2824aa2b28d8fdf38c","406289772","2025-12-02T05:29:58+00:00","1764653398000","166972","10000000","5000000","-671","242593.482","Final-SDK-Safe"
"35","2025-12-02T14:30:35.518657","1764653434415657000","6.0","20739919","1764653659345.0","0x97a2b7b2de58199ceecd718231667bb3915d8dbffc945bca50dcc987951ed2ff","0x5dcc7b5b82038edfc20273d8c93ab06e9794cd346f53f14c59f2b28fcb028d8f","406290789","2025-12-02T05:34:10+00:00","1764653650000","149976","10000000","5000000","-1103","215584.343","Final-SDK-Safe"
"36","2025-12-02T14:37:22.442938","1764653841230938000","6.0","20740332","1764654091801.0","0x8ee72621f22d69400b4c0eaffa023a26e78a7881b40fe4ef4f659e8f4b5e11f9","0xd9885f1c6b31493196994b7c44161fd898a6f12140e7790df094bfff83e6a965","406292523","2025-12-02T05:41:23+00:00","1764654083000","200423","10842000","5000000","-1212","241769.062","Final-SDK-Safe"
"37","2025-12-02T14:42:47.356640","1764654166314640000","6.0","20740662","1764654387358.0","0xdfb4405ecb7773920fd5c8345dfbdb740efbbd42d239046ab89005f7ef8d4839","0x6d5348c4897e44e5418f086c523650ddbf095295480ffa8c5e4840339f17b4aa","406293713","2025-12-02T05:46:19+00:00","1764654379000","149822","10000000","5000000","-1042","212685.36","Final-SDK-Safe"
"38","2025-12-02T14:46:58.569502","1764654417412502000","6.0","20740919","1764654648904.0","0x693330b8d9b35d28d0b079fdff7ceae8b5e8a89a9f03bfcdfe2d49415eda5e8e","0x4f39551fb7e99ad591089b569f45733f0684c10837de30d1d055e25f36c928b2","406294760","2025-12-02T05:50:39+00:00","1764654639000","149955","10000000","5000000","-1157","221587.498","Final-SDK-Safe"
"39","2025-12-02T14:51:48.476241","1764654707356241000","6.0","20741213","1764654944629.0","0x00d277bc8a238fb197acee15f3026f2c5d849363497886ccb0b7089266289a6f","0x8c4d1d5632e71000fe217ba0bef90939f30381635c3a6f5ee083695790bc73c3","406295950","2025-12-02T05:55:37+00:00","1764654937000","251207","10000000","5000000","-1120","229643.759","Final-SDK-Safe"
"40","2025-12-02T14:56:32.054432","1764654990439432000","6.0","20741501","1764655234163.0","0xd5b061d27550510655e1104447b74e2c69ba63deac834230ec2daa2f4fdd8f2b","0x0825032e922bc2c6dec86a95e546fc861649569fce0d550e74cc9adf5a64430f","406297111","2025-12-02T06:00:26+00:00","1764655226000","149880","10000000","5000000","-1615","235560.568","Final-SDK-Safe"
"41","2025-12-03T13:46:20.272283","1764737179256283000","6.0","20825059","1764737420643.0","0x18ff775cc7e92dc1bc4d6b1c9e2291174d10630dcafd436b15f64790de55d9b7","0x68330c475450663874272f57854a10e98e9228b7083f1b819c2aad3c0aa8ae7d","406626837","2025-12-03T04:50:12+00:00","1764737412000","202604","10000000","5000000","-1016","232743.717","Final-SDK-Safe"
"42","2025-12-03T13:51:15.970159","1764737474264159000","6.0","20825359","1764737705393.0","0xbd73994178610ffcf552cdcbfd2ade4069175dcc532bab95741f38ad491313f1","0x7129afaa28312359d531e7ae91295f755409c7cc87ca032040522bfc13f076e9","406627978","2025-12-03T04:54:57+00:00","1764737697000","151883","10000000","5000000","-1706","222735.841","Final-SDK-Safe"
"43","2025-12-03T13:57:37.980590","1764737856267590000","6.0","20825747","1764738086453.0","0x0752f9e87a86fb46e40a3e074b2f754160d751c72a64e558999bdd441f289860","0x486dfa73035e403453a267b04cc9702af3c6e69d7f0cf1bd0b3dbd9bae56d216","406629500","2025-12-03T05:01:18+00:00","1764738078000","202162","10519000","5000000","-1713","221732.41","Final-SDK-Safe"
"44","2025-12-03T14:19:15.553027","1764739154278027000","6.0","20827067","1764739395857.0","0x0d9991bc44ee418fe1e62244b6048e0f8f4eb1d547dce362733a360ba62ddbe9","0x40f8d40474317d81971ba047420ec3420de8aec0df49b9e0f053be7d2d46cfcc","406634747","2025-12-03T05:23:07+00:00","1764739387000","286606","10000000","5000000","-1275","232721.973","Final-SDK-Safe"
"45","2025-12-03T14:23:45.077125","1764739422253125000","6.0","20827340","1764739663292.0","0x7a6e1c2c4034214e4f4b938829847a6d7d6e81b98b0853a719837ac460ea735e","0xb2f207ecf0e06080a8102a08911863c19cf64277430bc2393255c731d2ddaa99","406635821","2025-12-03T05:27:34+00:00","1764739654000","151303","10000000","5000000","-2824","231746.875","Final-SDK-Safe"
"46","2025-12-03T14:28:14.728005","1764739693305005000","6.0","20827615","1764739939514.0","0xe81d5e35403f971c5c24204f606e8949431a92b37c02aba8cd869b53912bb311","0xf782f7f883799ef17dd69041233b8bad9ef3de6f460b8012835b86265daac1f2","406636931","2025-12-03T05:32:10+00:00","1764739930000","201798","10000000","5000000","-1423","236694.995","Final-SDK-Safe"
"47","2025-12-03T14:37:59.685023","1764740278249023000","6.0","20828210","1764740505962.0","0xceaea3b4af722fcafabfa7690dcdc947a638bc94941e1b8a5933e7545e8845f2","0x8d52fb937d27678c0511c6033eb1ed81f727f4ae3e7ee55bc20a86d1b3eec0ca","406639203","2025-12-03T05:41:38+00:00","1764740498000","151415","10000000","5000000","-1436","219750.977","Final-SDK-Safe"
"48","2025-12-03T14:43:31.592162","1764740609264162000","6.0","20828546","1764740855294.0","0x0365d848b856b21bb0b895e693be33dce7512e02c1acd60885f927412905dc17","0xac322765292a07af95a6038014b7ebfdb0d8ee8a252d65477f9e4a00b279528d","406640603","2025-12-03T05:47:27+00:00","1764740847000","100197","10000000","5000000","-2328","237735.838","Final-SDK-Safe"
"49","2025-12-03T14:48:08.638155","1764740886237156000","6.0","20828828","1764741113991.0","0xf7a8a54b7a697c28636c4905ca8c44b36ebd3cfbc5ad41e8aa55bcf101e092b1","0xb27040f437b4f453c8c55a9f77db1b5808c9ca80e74f71f9478ce0315b483ee2","406641643","2025-12-03T05:51:45+00:00","1764741105000","201169","10000000","5000000","-2401","218762.844","Final-SDK-Safe"
"50","2025-12-03T14:54:59.600044","1764741298267044000","6.0","20829247","1764741552792.0","0xdb27f3a6bf93907a66fac3487bb6b2b2e566a086e867196bdff640cb4f01100c","0xc176185b781463991a4d4d396fcd8a596b47007524f5a443a1abeffd07e2765a","406643395","2025-12-03T05:59:03+00:00","1764741543000","200548","10000000","5000000","-1333","244732.956","Final-SDK-Safe"
"51","2025-12-03T15:10:54.333308","1764742253257307000","6.0","20830217","1764742485560.0","0xe60777ae25476bf547b69bcf15676c95c41f3da8a104dd12078f87a4450b66f5","0xc4a1066a060600b4e5a1218ef514f2b575a2c6df8db5dea8ac57274d3ed9a89c","406647136","2025-12-03T06:14:37+00:00","1764742477000","99263","11209000","5000000","-1076","223742.693","Final-SDK-Safe"
"52","2025-12-03T15:15:26.900411","1764742524592411000","6.0","20830495","1764742759880.0","0x3785ca7eb77515a5adbf818a869aecfe6232885c8ed3254047fa0cc68bf4cfd5","0x4795e924cf3e66ca9666fc62af8bd55d8969f3cba6b2a96257a66ee07efa25a6","406648239","2025-12-03T06:19:11+00:00","1764742751000","167168","10102000","5000000","-2308","226407.589","Final-SDK-Safe"
"53","2025-12-03T15:20:17.756450","1764742816249450000","6.0","20830790","1764743048833.0","0xa3fa743728f32576e98f110057536a47221083081ae81ede8ef9529aeaee7634","0x5c668d95c621057016ff2b8f0560a158ea576810eda20fe3ca2822b958332063","406649396","2025-12-03T06:24:00+00:00","1764743040000","268054","12885000","5000000","-1507","223750.55","Final-SDK-Safe"
"54","2025-12-03T15:45:02.920656","1764744301234656000","6.0","20832301","1764744554620.0","0x141f61c785e27104942714c1699b0e3354812725a0af9b6dbfb18c3ee8da1d4b","0xa7f174a42cbee3e2009b490058962d9fc7c1ea1530d6945f086fa373853d5103","406655416","2025-12-03T06:49:02+00:00","1764744542000","217441","13903000","5000000","-1686","240765.344","Final-SDK-Safe"
"55","2025-12-03T15:50:55.817389","1764744654551389000","6.0","20832905","1764744899194.0","0x8ed8e921ac2d796c2db9ba28b888c9413191e38f82ebf4ba4e1cf28dbefdb38f","0xd49e8d05f3a601f7d6e8b994a38a9f96da859d7317078cebd21e68a445d889fa","406656810","2025-12-03T06:54:51+00:00","1764744891000","99173","10000000","5000000","-1266","236448.611","Final-SDK-Safe"
"56","2025-12-03T15:59:22.307494","1764745160256494000","6.0","20833173","1764745412806.0","0x27b9f7198332265508f4deced08a362bbcb95eb0f696bdb9b91971ca07428c88","0x349178c8c0933a04cb00e51f2c4424136222b3b0adf142bebbc42bfbc2c6fd92","406658870","2025-12-03T07:03:25+00:00","1764745405000","200735","10000000","5000000","-2051","244743.506","Final-SDK-Safe"
"57","2025-12-03T16:05:51.929265","1764745550228265000","6.0","20833570","1764745793445.0","0xaddc899f3f92cd4c374dd72d7020d42fdccd95d1ddd8ffcbef7ac85cc6f7d7d7","0xbb4f7598c59ff48db6c5376bb5c73c64050ad6601ef7f9d19fc84ac71028a189","406660397","2025-12-03T07:09:46+00:00","1764745786000","149928","10000000","5000000","-1701","235771.735","Final-SDK-Safe"
"58","2025-12-03T16:18:15.161499","1764746292242499000","6.0","20834325","1764746529920.0","0xcb9caab3335ec0b84407b2b4ac8fee0476395883f95a5d5aa20fcc3299165304","0x6041a980f2aa9878cfb37588353d9c4353badcb6e4ec32600f346e7848a341d0","406663348","2025-12-03T07:22:02+00:00","1764746522000","99327","10000000","5000000","-2919","229757.501","Final-SDK-Safe"
"59","2025-12-03T16:23:03.977294","1764746582235294000","6.0","20834620","1764746806576.0","0x18ed32cfc2cecbcba0bd1f22a9321de23c6c293e1f70e869426ffda27d3f5776","0x256e5c35cff12323853d9b62db9af1649833d07c63e94f53bd5aea06aff44458","406664458","2025-12-03T07:26:38+00:00","1764746798000","167089","10000000","5000000","-1742","215764.706","Final-SDK-Safe"
"60","2025-12-03T18:51:17.777933","1764755475530933000","6.0","20843660","1764755717811.0","0xc8d8dcee371c2d3dc0c10fdb3f22446454000aa86e3e9a379c9d0b4551f18503","0x7c3724015a6c4abaa2ac0a1f088d213c22b4a1d0dba50e4275ecfb978e52eac9","406700182","2025-12-03T09:55:07+00:00","1764755707000","99240","11277000","5000000","-2247","231469.067","Final-SDK-Safe"
"61","2025-12-04T10:41:19.986900","1764812478295900000","6.0","20901614","1764812716432.0","0xfb61fc8559d43209fd5178e6cb6b79cff083ec1feb6bf18c7e25237266fb1c14","0xf39f7f235b1c020d3fd714d6967403d73aae36c09425a0abf55fa537f4303355","406928658","2025-12-04T01:45:07+00:00","1764812707000","99229","15545000","5000000","-1691","228704.1","Final-SDK-Safe"
"62","2025-12-04T10:45:53.889416","1764812751293416000","6.0","20901891","1764812990589.0","0xaedb71b23546908bf6f838908b0dd520633ad192a3563429857d086f4c319b3d","0x84b4f23489f312fb65787a59e3ede61b8256349e992078644b831c2aea6e48eb","406929766","2025-12-04T01:49:43+00:00","1764812983000","99114","15520000","5000000","-2596","231706.584","Final-SDK-Safe"
"63","2025-12-04T10:51:51.276815","1764813109240815000","6.0","20902254","1764813353360.0","0xb297907489909c1c9c38ade4ba277d7a0c35f0b696e328d6a9483d4e2ce73f5e","0x56e8ac84ad22fb49ece34dff1c7525526cd76a6a0ee4aac2c24ec30f4ed8b913","406931218","2025-12-04T01:55:45+00:00","1764813345000","166739","14108000","5000000","-2036","235759.185","Final-SDK-Safe"
"64","2025-12-04T10:56:24.311179","1764813382241179000","6.0","20902532","1764813607968.0","0x2daaca9d95d64da25c11958c71cad82d55d0175e4e5275e2f6a55ca9c6851ad6","0xc39677532830eefc6c07b7aeda88339165e0f193b5688708f6fdc67b572f4377","406932239","2025-12-04T01:59:59+00:00","1764813599000","99130","11036000","5000000","-2070","216758.821","Final-SDK-Safe"
"65","2025-12-04T11:06:16.815135","1764813974252135000","6.0","20903135","1764814197893.0","0xb8b341b2e2acd618ef5c33a2936adb841944955c2f8af8362dd584d5e70a6363","0x035b14e63483a697e292c8f9ca964e2b9444ee6a4d91fe735637a3e36855306b","406934607","2025-12-04T02:09:49+00:00","1764814189000","99264","17855000","5000000","-2563","214747.865","Final-SDK-Safe"
"66","2025-12-04T11:10:54.695641","1764814252267640000","6.0","20903417","1764814491564.0","0x9db4369867ca8079502650bd0e622279711177d4e167098b0aae55153ed2e350","0x066d6108d7c3095fe40d7a377d97afe247b7eaa71615b773a076bd01a5d4f15c","406935787","2025-12-04T02:14:43+00:00","1764814483000","200251","31500000","5000000","-2428","230732.36","Final-SDK-Safe"
"67","2025-12-04T11:15:25.017560","1764814523238560000","6.0","20903693","1764814745580.0","0x4aef7b43f0bec8967ddd1ee975472a424539ade7f790d934ca6da3839934bac3","0xee53bbb4b2ee441bff3440f9de8a3f7c7ca56e8ea5b9174df1b55c6ad243fb15","406936806","2025-12-04T02:18:57+00:00","1764814737000","99080","34768000","5000000","-1779","213761.44","Final-SDK-Safe"
"68","2025-12-04T11:19:36.605574","1764814775339574000","6.0","20903949","1764815004164.0","0xac62c5ba04f9f3a974fd19d6505f062d43ddad29613ff0e9101c68e24839312b","0x4d2bbec103c600d7e1ad8882e0561a60c00fed4de4654e341b27b731bd329ef9","406937836","2025-12-04T02:23:15+00:00","1764814995000","217357","37942000","5000000","-1266","219660.426","Final-SDK-Safe"
"69","2025-12-04T11:24:34.211156","1764815072256156000","6.0","20904251","1764815325054.0","0x6abc17e6f16d7e2a860c7e9cc944199ab99e9f12279a391270a5e5c0f035181f","0x8e5f9c7a3662aa0ffbe29d3e4e5ef881c7eb71b81fccec6e08bf085da8618406","406939127","2025-12-04T02:28:37+00:00","1764815317000","200309","25608000","5000000","-1955","244743.844","Final-SDK-Safe"
"70","2025-12-04T11:29:19.182480","1764815358238480000","6.0","20904541","1764815611343.0","0x36060b4bf47c9be0ca9ebc20aab8d3f9ff8b770e659c6fb2f7e7ca7544a3668a","0x76cda840817427cec4b8b95c400536dedf4dcafeccc0258717bd6481e36ed794","406940276","2025-12-04T02:33:23+00:00","1764815603000","99113","22384000","5000000","-944","244761.52","Final-SDK-Safe"
"71","2025-12-04T13:50:19.642514","1764823817421514000","6.0","20913141","1764824050295.0","0xfb2aeb98a1d64e4ef58e4bd3b6dc67edd9895203e09bd5c6d38c37ae65ff5cf6","0xcf1d5ce1812a4d571fe632e2d12efc43c361ce60177c92c41a60cb9a6ee1f120","406974045","2025-12-04T04:54:02+00:00","1764824042000","484536","58206000","5000000","-2221","224578.486","Final-SDK-Safe"
"72","2025-12-04T13:56:38.951189","1764824196338189000","6.0","20913527","1764824432326.0","0x170e4c65398d0da87d4c9ecc2b4738f29fe4a64d2a80b011a7f6bc927c7585c3","0x9bb82e4c133489c8f4adb985b090c24371bcdf79880a7cfee10e569df016f1d9","406975556","2025-12-04T05:00:24+00:00","1764824424000","3557744","10000000","5000000","-2613","227661.811","Final-SDK-Safe"
"73","2025-12-04T14:43:49.055784","1764827026380784000","6.0","20916404","1764827274482.0","0xe14bdf4a29a4f5a4e265f8d69d7835b797250ba12721a0329a0655f01ee3b1ec","0xaa7dc22c7274f0755f0a026590561325dcfa91006406613216e97905edb4cc77","406986440","2025-12-04T05:47:46+00:00","1764827266000","6572009","10000000","5000000","-2675","239619.216","Final-SDK-Safe"
"74","2025-12-04T14:55:24.038647","1764827722226647000","6.0","20917111","1764827966316.0","0x5988f76471aed2f52155b8a66fe39441e45400050da4a7385791841e4ccdae3a","0x6752feb8e94097a20932a071a867faaf485bdfce8e897a77d52a78d7ed4283af","406989169","2025-12-04T05:59:17+00:00","1764827957000","1981715","10000000","5000000","-1812","234773.353","Final-SDK-Safe"
"75","2025-12-04T23:26:32.883369","1764858391248369000","6.0","20948292","1764858630598.0","0x46e6ae1a2c040400b60d44cac2816364427f0b35c63c5368068ed5f248f417c9","0xcee255011dbb1313d85ab45347972276a819faa922afe84249a39d893d7bb475","407112365","2025-12-04T14:30:22+00:00","1764858622000","149609","14844000","5000000","-1635","230751.631","Final-SDK-Safe"
"76","2025-12-04T23:31:02.232239","1764858659481239000","6.0","20948565","1764858903441.0","0x36fb0f1d8afd7898433b35d441f15619c568f896586b987d4bad5bbca29ccb8c","0x7977e1cac30443ee827ffb256a6a29e822f9d8104249385e482e0bb79e0dac36","407113460","2025-12-04T14:34:55+00:00","1764858895000","99027","24591000","5000000","-2751","235518.761","Final-SDK-Safe"
"77","2025-12-04T23:35:53.346296","1764858951235296000","6.0","20948810","1764859180042.0","0x355882383645a1702f06071bcdb506f0de373cf84cdb79a8e74da285e6e6dc8b","0xe29841da77a63c8a1dfe181620118aa87d4ae4b006f14aa0e06d9792bb4b7cd0","407114561","2025-12-04T14:39:31+00:00","1764859171000","149609","25726000","5000000","-2111","219764.704","Final-SDK-Safe"
"78","2025-12-04T23:41:04.668496","1764859263366496000","6.0","20949180","1764859501781.0","0x34533346be230c43197d3ed207177e77f6968b72b369dd74e33e8a839d061520","0xfb48ffb2101ffc58d0f23c46d396a189fe5a023b5f14b819e2520339d2a13bb7","407115846","2025-12-04T14:44:52+00:00","1764859492000","149597","22994000","5000000","-1302","228633.504","Final-SDK-Safe"
"79","2025-12-04T23:49:42.254243","1764859781910243000","6.0","20949703","1764860017541.0","0x4c12eb956f6e0efcd62db3335c9b278626d7a5eae625aa2d0cc3a5f31e1ae7e8","0x1b360b00bc94139bc89fbfd182cb5eca37389b5830e6dfc8ca0f374ba1767928","407117924","2025-12-04T14:53:28+00:00","1764860008000","200193","40141000","5000000","-344","226089.757","Final-SDK-Safe"
"80","2025-12-04T23:54:23.050517","1764860060402517000","6.0","20949943","1764860292370.0","0x0fe19b53d9b3cc7bd7ba731dd3e59498321671d4a45061e00733d350bfafe58b","0x27675d44562ac39810ae6b46563676066f1266e3db81147265d629eb0cce2606","407119030","2025-12-04T14:58:05+00:00","1764860285000","352651","71964000","5000000","-2648","224597.483","Final-SDK-Safe"
"81","2025-12-05T12:52:23.970406","1764906741257406000","6.0","20997448","1764906971768.0","0xd9fa08cb0484042d5bc75b9d4e6bd55b5c237a2dac278eeb55089a08d770cc15","0x6e847128adb64cc2f1da0bc85ea4019ea8c715711c8a128daf22f828378f1fb6","407306249","2025-12-05T03:56:04+00:00","1764906964000","267866","13714000","5000000","-2713","222742.594","Final-SDK-Safe"
"82","2025-12-05T12:56:44.569907","1764907002266907000","6.0","20997713","1764907237199.0","0x5f368338785d599b0c3a692647f78dfbd949d0d6e77f6ee9dd0922584ab367f4","0xc436f9d47bab3c73ba69a2e1ae386ab59c6b3834320cf528721b09c2238185f6","407307321","2025-12-05T04:00:29+00:00","1764907229000","99027","15371000","5000000","-2303","226733.093","Final-SDK-Safe"
"83","2025-12-05T13:01:08.971338","1764907268268337000","6.0","20997983","1764907496124.0","0xa5dc06d759be2b654f454af25733559856e496f84a0d82efebf2d4470576ac3d","0xdfbb7bcfb1c79bf1003fe7038a3570a97b6ccb5e17ed25eca63ab70cd8f6cc9e","407308348","2025-12-05T04:04:46+00:00","1764907486000","99027","13700000","5000000","-703","217731.663","Final-SDK-Safe"
"84","2025-12-05T13:06:55.589803","1764907612320802000","6.0","20998332","1764907859573.0","0x85915066cfead7374dcbf324ffb0dfc528395a9d855d08a5618cdef5ea6ad63b","0x61e92666b7b37a1aef1706006d188187da41260b897c4441a251acf5e497b25a","407309800","2025-12-05T04:10:47+00:00","1764907847000","99027","15371000","5000000","-3269","234679.198","Final-SDK-Safe"
"85","2025-12-05T13:11:27.939935","1764907884267935000","6.0","20998610","1764908121265.0","0xe4123bb65597b30f5b475bf2938cfa03480714bc013e9950e5373ef4167abc2f","0x3cf10576c5beab89cb081ab5cf8f1ef990233a560028f5f7caf18250a26dc966","407310871","2025-12-05T04:15:13+00:00","1764908113000","99027","16781000","5000000","-3672","228732.065","Final-SDK-Safe"
"86","2025-12-05T13:28:16.166698","1764908894341698000","6.0","20999638","1764909117283.0","0x548a10c56bcf003bc34d9109baccc39ed00db1ccad5a1d342284f30c42bdf19b","0xaa5707901d024b1d36958bd34531c7d8d7bf78d4591b0a95ea46345c29d5159e","407314859","2025-12-05T04:31:47+00:00","1764909107000","166709","12249000","5000000","-1825","212658.302","Final-SDK-Safe"
"87","2025-12-05T13:35:00.000082","1764909297257082000","6.0","21000045","1764909533842.0","0x0f4ed6450989e25821c6cc3dce3781b98eda742022de135b81d4e61183843d5a","0x750f5388b5d956b17d452bec75558bd33502e12d31d5f54a358cac989d77657f","407316536","2025-12-05T04:38:45+00:00","1764909525000","99027","11657000","5000000","-2743","227742.918","Final-SDK-Safe"
"88","2025-12-05T13:40:43.032955","1764909641475955000","6.0","21000396","1764909888812.0","0xdb8c7c10425d122d9133e136c5dad0b6166c16fe3dcda7be515b58880984f964","0x5ef81a03a57c0d5f6791057eb3662b5aadd80b699a0a7592d333784ebc1c6670","407317962","2025-12-05T04:44:40+00:00","1764909880000","149609","10030000","5000000","-1557","238524.045","Final-SDK-Safe"
"89","2025-12-05T13:51:40.326149","1764910297387149000","6.0","21001063","1764910520448.0","0x60a82a7948031b857a0242e8f9e7871334b5c2e4c8331386fc46aca989200570","0x832d446cf1ee0033a1a02080cc6d05c7a42fd86338d789fbb37f0cc1f7670709","407320504","2025-12-05T04:55:12+00:00","1764910512000","149609","14013000","5000000","-2939","214612.851","Final-SDK-Safe"
"90","2025-12-05T13:55:52.709772","1764910551316772000","6.0","21001321","1764910787725.0","0x25c15d63ee289e14dba3cfcace4d276b80c5f6892b9762e4f31c2bb16c49c4ed","0x13ace8f037bdfc8ef70673386f6a0fc2852a996c6e77397e34efd32b2e2d8426","407321567","2025-12-05T04:59:36+00:00","1764910776000","99027","10000000","5000000","-1393","224683.228","Final-SDK-Safe"
"91","2025-12-06T09:44:32.904315","1764981870319315000","6.0","21073829","1764982116946.0","0xde2e2bb4a940c1d347ada714ac0c261ac2388ad5235aefbf96782acc2fcb1eed","0x34f053c820e8a06d3168aa88ac5e49911e62c060f0eb0fa655e1297e4528e73b","407607787","2025-12-06T00:48:28+00:00","1764982108000","99027","10000000","5000000","-2585","237680.685","Final-SDK-Safe"
"92","2025-12-06T09:50:36.588283","1764982235391283000","6.0","21074199","1764982466628.0","0xf346f50c80fcd263db7cf3e4b4513eb0866ede284945875fdaf34cbe92ddb7a1","0x174f63cf0c85e7e68f90cc30ec44238e4f0380acd32143471d29401f32d18cd3","407609189","2025-12-06T00:54:17+00:00","1764982457000","99027","10000000","5000000","-1197","221608.717","Final-SDK-Safe"
"93","2025-12-06T09:55:39.310606","1764982538333605000","6.0","21074508","1764982772895.0","0x09e4f2bf15eb5dd2650c0ee9d04f5a6d17029c598f641e1fb1b3614686a90f95","0x7cd61404206f9676f9c52d47ea19ab8a26c0c2af3ca563a5e13f290e6b6d4422","407610419","2025-12-06T00:59:24+00:00","1764982764000","149609","10000000","5000000","-977","225666.395","Final-SDK-Safe"
"94","2025-12-06T10:00:03.075153","1764982802244153000","6.0","21074777","1764983046932.0","0x59f39085468ce5937eed93ab617cd9a0927426d106207078bde27fe6f3f8532c","0x1d901485c7e5ad2c3803a49f0cc64dba64d9d7789344597ec3e9c467b0be7921","407611522","2025-12-06T01:03:58+00:00","1764983038000","99027","10000000","5000000","-831","235755.847","Final-SDK-Safe"
"95","2025-12-06T10:52:41.286485","1764985960427485000","6.0","21077986","1764986188569.0","0xddf6e08665cf2636514204113a99c0713caa3fea5f376499b0b58973ac4bc706","0x79d6c5cc9d993b3076931ae6d68809b7db9a422218698c261ef9f7b7ea882731","407624132","2025-12-06T01:56:20+00:00","1764986180000","149597","16828000","5000000","-859","219572.515","Final-SDK-Safe"
"96","2025-12-07T17:21:57.749024","1765095716377024000","6.0","21189488","1765095983594.0","0x97979cb8e2776a36f19f92ac59675d52cfae7824ca0725fa6e9275c8390d90aa","0xde7a5ab9558f75e63a19e3d620f894e17ab9277c140f97d57861d37d2815be38","408064489","2025-12-07T08:25:59+00:00","1765095959000","99027","10000000","5000000","-1372","242622.976","Final-SDK-Safe"
"97","2025-12-07T17:27:12.199160","1765096030326159000","6.0","21189809","1765096278747.0","0xd19f89bbfe6d65cef5888482cf7d3e78310af6a4003f732f3892bb7e9c03b9ac","0xfdf1d07c0af58573efc35dcb60a15582d1234cd6c7f52ba3e01d7989fbf0ee17","408065742","2025-12-07T08:31:10+00:00","1765096270000","99027","10000000","5000000","-1873","239673.841","Final-SDK-Safe"
"98","2025-12-07T17:31:56.239522","1765096314407521000","6.0","21190096","1765096564495.0","0x58090c3227f4be8b2585e129e5a07c89d8156a6685bf808becfca6666f0387d9","0x9609b87c52abda2ed2635ae13f1e4128f84f5bd27d396b3b246506e1599a3884","408066893","2025-12-07T08:35:56+00:00","1765096556000","217281","10000000","5000000","-1832","241592.479","Final-SDK-Safe"
"99","2025-12-07T17:36:40.803803","1765096599352803000","6.0","21190385","1765096827761.0","0x2413182f445b040f97d9776ec44eb7096eddaf699b5d41697b521593607c4d0f","0xae6b044740ab6a3c573a7826f9c6c33c0516b53fa7951ba4edfa7fdc7c1fa7cd","408067946","2025-12-07T08:40:20+00:00","1765096820000","284978","10000000","5000000","-1451","220647.197","Final-SDK-Safe"
"100","2025-12-08T12:39:21.139720","1765165159322720000","6.0","21260089","1765165413110.0","0x1103bf34b059f008c27c84d082454353703d25f764da1ad04c69d074b44d2ee3","0xbf48c488f193809ffbc55868b9d31fbfab99211786e31f419123c3805fdf05b6","408342994","2025-12-08T03:43:23+00:00","1765165403000","99027","10000000","5000000","-1817","243677.28","Final-SDK-Safe"
"101","2025-12-08T12:49:34.517448","1765165773346448000","6.0","21260712","1765166017384.0","0x1fa027b3a0c8c754e2712585e74ef9fb4e034bcd93c20271d9be1e82beeb599a","0x8ffdd24ce56a2b22337132569f09b9db321a3908db1a6bbcc66a7032baff3e08","408345409","2025-12-08T03:53:27+00:00","1765166007000","99027","10000000","5000000","-1171","233653.552","Final-SDK-Safe"
"102","2025-12-08T12:56:27.260771","1765166186239771000","6.0","21261132","1765166422924.0","0xea27052dd117e51fa431710e00d9ff58e646d7601266ded660f7e2e0f52967c9","0x2edfc69f3c2a4548730032b0ba298126c6dfd4fdc0d4c165da6c1596968c75ca","408347044","2025-12-08T04:00:15+00:00","1765166415000","99027","10000000","5000000","-1021","228760.229","Final-SDK-Safe"
"103","2025-12-08T13:05:48.179595","1765166747284595000","6.0","21261702","1765166989609.0","0x7c63f97ad37e28b8a43d19b8b70e88acf343bb236e3679d209c035df4241cd73","0x5d68f3a6c6a9c6649f5b7c9f6c79860d2330628062be3f38fa24217302395d89","408349315","2025-12-08T04:09:41+00:00","1765166981000","200181","10000000","5000000","-895","233715.405","Final-SDK-Safe"
"104","2025-12-08T13:10:45.872295","1765167044385295000","6.0","21262007","1765167295578.0","0x7419e4668c736d02b563b1c79f916b7e129c9403ebdd57d6651ddedee699cdb4","0xb361f8720efe82bb29239fa13c87280921446c4c7ee69eb2e631bf58ae73c97d","408350542","2025-12-08T04:14:48+00:00","1765167288000","99027","10000000","5000000","-1487","243614.705","Final-SDK-Safe"
"105","2025-12-08T13:18:30.316652","1765167509272652000","6.0","21262477","1765167758047.0","0x859192638a7a0e8a5f4929255c067fa99e3b6618db6ad60aad4cd3640aeb6d20","0x5adbc670851c0e8c48217971d21343c3a1ae9121497c46778307a3e67d39b7d0","408352392","2025-12-08T04:22:30+00:00","1765167750000","200193","10000000","5000000","-1044","240727.348","Final-SDK-Safe"
"106","2025-12-08T13:24:10.355516","1765167849262516000","6.0","21262824","1765167852000","0x5f07e160905503f0e0a4d6d71f7fbfc4ad4c47b6746fa43cfdeb7ba171f52fc8","0x4de722bd79efc6b1a6d74e6d49a761eb6772a35b3c23e6e00460570d680b7951","408353757","2025-12-08T04:28:10+00:00","1765168090000","99027","10000000","5000000","-1093","240737.484","Final-SDK-Safe"
"107","2025-12-08T13:28:53.062660","1765168131227660000","6.0","21263110","1765168134000","0x0dc176ea88e40d18dfd0a5f2b0555339f78dcea5d45a115a9d04a26efd0e077f","0x2f9a9984cb227f412b83dcdd5e9c4fc35b8525a0671895014b6dc85e3e3c941b","408354847","2025-12-08T04:32:42+00:00","1765168362000","267866","11462000","5000000","-1835","230772.340","Final-SDK-Safe"
"108","2025-12-08T13:50:42.852286","1765169441272286000","6.0","21264442","1765169444000","0xd0e3fa9d28c4176cba3887956bdf35e6a3fb42d7d96bd9c0f7bc6d2cf2e8698c","0xc8b4069912f418a02c40f2f6f49e1e40a9b6ac57d2c6acfda8126bc6470eda75","408360083","2025-12-08T04:54:29+00:00","1765169669000","149609","10000000","5000000","-1580","227727.714","Final-SDK-Safe"
"109","2025-12-08T13:56:43.127812","1765169802225812000","6.0","21264808","1765169804000","0x9bd670a0941b8c271538d4feb3e2cd5c82dbe0a732efc6dcb9a6af3733b3e140","0xd94bc88dbf92698d27efc245881b48b2c7f6d75558df7cb01412fd96a8d278d3","408361540","2025-12-08T05:00:32+00:00","1765170032000","99027","10000000","5000000","-902","229774.188","Final-SDK-Safe"
"110","2025-12-08T14:02:45.457118","1765170164252118000","6.0","21265176","1765170166000","0x30216ee4f49fb48a92a05077f71d17e9bc753c2fe388fb5368bbae2b77ab53ec","0xf778ca8f98320555f236f397c8081bcd94ef50e65031823e6c6abedbf2b75ed2","408362933","2025-12-08T05:06:19+00:00","1765170379000","99027","10000000","5000000","-1205","214747.882","Final-SDK-Safe"
"111","2025-12-08T14:07:11.621715","1765170430229715000","6.0","21265448","1765170433000","0xf0fb749f4a96299f69851e42b22fbdd7cf1c297edef2d42985ae4f976871fbe7","0x83c359b60c49d3a539721ba57834e5687dd5b07a75aba5389b52eaa7a5610762","408364113","2025-12-08T05:11:13+00:00","1765170673000","99027","10000000","5000000","-1392","242770.285","Final-SDK-Safe"
"112","2025-12-08T14:12:05.998977","1765170724284977000","6.0","21265747","1765170727000","0xc3717bd970b42f91235aa99380829ad5f862727f09480abdf6c97cff55702535","0x161e9dad9135b5770021e1577c252cb6af80e6d8ad385cfa4ed158c9bd841f82","408365211","2025-12-08T05:15:48+00:00","1765170948000","99027","10000000","5000000","-1714","223715.023","Final-SDK-Safe"
113,2025-12-08T15:58:44.155333,1765177124155332724,6.0,21272251,1765177125000,0xcbdcd79e233c9de4020f0c93297caa08de7957fc9f0c1a96dcc0a4af6164c1f6,0x27c68cd23a87991dd8ebf869046bc3b4af02b854622ddafb31d4e8e2eaaaadfa,408390886,2025-12-08T07:02:36+00:00,1765177356000,149609,10000000,5000000,-939,232783.667,Final-SDK-Safe
114,2025-12-08T16:06:01.241660,1765177561241660441,6.0,21272696,1765177562000,0x8aea93f27885cd05336dc7bf3257115aa3c75f623fb03289fec0cc5ec0325b21,0xda7058c44e31f60db38ab485d949ee68e21f62deed0ad481effe35098d210953,408392684,2025-12-08T07:10:04+00:00,1765177804000,284966,10000000,5000000,-891,243649.340,Final-SDK-Safe
115,2025-12-08T16:10:46.955766,1765177846955765994,6.0,21272986,1765177848000,0x8c4693c83767a550b78c5457e6f329f0e56ed09a071b5e828d56c88375f68d64,0x1a924fe3bba7abde730dd658fadc694abc190cca393145813d64241a8a328479,408393856,2025-12-08T07:14:56+00:00,1765178096000,99015,10000000,5000000,-1718,250762.234,Final-SDK-Safe
116,2025-12-08T16:16:17.944884,1765178177944883625,6.0,21273323,1765178179000,0xfab4b43a89acc7e466fad03321d9286c8118ec4c6fd86f38a71c67872a13efc3,0x4a0701b63ee94e5baa94b1f112f888034a1e7109910814067ba94da646525959,408395176,2025-12-08T07:20:24+00:00,1765178424000,267878,10000000,5000000,-1695,247750.116,Final-SDK-Safe
117,2025-12-08T16:22:00.900856,1765178520900856681,6.0,21273672,1765178522000,0x86cd7297c61c9e9d851410a7a44ee1af2f42bdf9039cfe9de94e8a55ec30ab6d,0x6a0d5de3e734b71b5b689b2398cde85759cb5775506776ff4174de10201ca5e5,408396426,2025-12-08T07:25:36+00:00,1765178736000,267866,10000000,5000000,-1670,216769.143,Final-SDK-Safe
